model_id,org,downloads,likes,tags,created_at,fetch_date,card_chars,has_card,watermark_raw,watermark,watermark_evidence,provenance_raw,provenance,provenance_evidence,synthetic_disclosure_raw,synthetic_disclosure,synthetic_disclosure_evidence,prohibited_uses_raw,prohibited_uses,prohibited_uses_evidence,downstream_obligation_raw,downstream_obligation,downstream_obligation_evidence,regulatory_reference_raw,regulatory_reference,regulatory_reference_evidence,watermark_dependency_only,any_provenance_signal,any_provenance_signal_raw,license,license_group,download_tier,base_model,is_derivative
stabilityai/stable-diffusion-xl-base-1.0,stabilityai,1947914,8125,"diffusers,onnx,safetensors,text-to-image,stable-diffusion,arxiv:2307.01952,arxiv:2211.01324,arxiv:2108.01073,arxiv:2112.10752,license:openrail++,endpoints_compatible,diffusers:StableDiffusionXLPipeline,region:us,deploy:sagemaker,deploy:azure",2023-07-25 13:25:51+00:00,2026-09-09,8592,True,True,False,".19.0: ``` pip install diffusers --upgrade ```  In addition make sure to install `transformers`, `safetensors`, `accelerate` as well as the invisible watermark: ``` pip install invisible_watermark transformers accelerate safetensors ```  To just use the base model, you can run:  ```py from diffusers import D",False,False,,False,False,,True,True,"al to generate harmful content. - Probing and understanding the limitations and biases of generative models.  Excluded uses are described below.  ### Out-of-Scope Use  The model was not trained to be factual or true representations of people or events, and therefore using the model to generate such content is out-o",False,False,,False,False,,True,False,True,openrail++,RAIL family,1M+,,False
stable-diffusion-v1-5/stable-diffusion-v1-5,stable-diffusion-v1-5,1563425,1266,"diffusers,safetensors,stable-diffusion,stable-diffusion-diffusers,text-to-image,arxiv:2207.12598,arxiv:2112.10752,arxiv:2103.00020,arxiv:2205.11487,arxiv:1910.09700,license:creativeml-openrail-m,endpoints_compatible,diffusers:StableDiffusionPipeline,region:us",2024-08-30 09:48:48+00:00,2026-09-09,14318,True,True,False,"oved-aesthetics"" (a subset of laion2B-en, filtered to images with an original size `>= 512x512`, estimated aesthetics score `> 5.0`, and an estimated watermark probability `< 0.5`. The watermark estimate is from the LAION-5B metadata, the aesthetics score is estimated using an [improved aesthetics estimator]",False,False,,False,False,,True,True,"of people or their environments, cultures, religions, etc. - Intentionally promoting or propagating discriminatory content or harmful stereotypes. - Impersonating individuals without their consent. - Sexual content without consent of the people who might see it. - Mis- and disinformation - Representations of",False,False,,False,False,,False,False,True,creativeml-openrail-m,RAIL family,1M+,,False
Lykon/dreamshaper-7,Lykon,892057,64,"diffusers,safetensors,stable-diffusion,stable-diffusion-diffusers,text-to-image,art,artistic,anime,dreamshaper,en,license:creativeml-openrail-m,endpoints_compatible,diffusers:StableDiffusionPipeline,region:us",2023-08-26 16:49:11+00:00,2026-09-09,2179,True,False,False,,False,False,,False,False,,False,False,,False,False,,False,False,,False,False,False,creativeml-openrail-m,RAIL family,100k-1M,,False
black-forest-labs/FLUX.1-dev,black-forest-labs,790579,14536,"diffusers,safetensors,text-to-image,image-generation,flux,en,license:other,endpoints_compatible,diffusers:FluxPipeline,region:us",2024-07-31 21:13:44+00:00,2026-09-09,3937,True,False,False,,False,False,,False,False,,True,True,"e information that can be used to harm an individual. - To harass, abuse, threaten, stalk, or bully individuals or groups of individuals. - To create non-consensual nudity or illegal pornographic content. - For fully automated decision making that adversely impacts an individual's legal rights or otherwise create",False,False,,False,False,,False,False,False,other,other,100k-1M,,False
RunDiffusion/Juggernaut-XL-v9,RunDiffusion,766250,430,"diffusers,stable-diffusion,stable-diffusion-xl,sdxl,text-to-image,photorealistic,photography,cinematic,portrait,juggernaut,rundiffusion,kandooai,en,base_model:stabilityai/stable-diffusion-xl-base-1.0,base_model:finetune:stabilityai/stable-diffusion-xl-base-1.0,license:creativeml-openrail-m,endpoints_compatible,diffusers:StableDiffusionXLPipeline,region:us",2024-02-18 21:05:03+00:00,2026-09-09,10119,True,False,False,,False,False,,False,False,,False,False,,False,False,,False,False,,False,False,False,creativeml-openrail-m,RAIL family,100k-1M,stabilityai/stable-diffusion-xl-base-1.0,True
black-forest-labs/FLUX.1-schnell,black-forest-labs,729023,5746,"diffusers,safetensors,text-to-image,image-generation,flux,en,license:apache-2.0,endpoints_compatible,diffusers:FluxPipeline,deploy:sagemaker,deploy:azure,region:us",2024-07-31 19:58:05+00:00,2026-09-09,3587,True,False,False,,False,False,,False,False,,True,True,"e information that can be used to harm an individual. - To harass, abuse, threaten, stalk, or bully individuals or groups of individuals. - To create non-consensual nudity or illegal pornographic content. - For fully automated decision making that adversely impacts an individual's legal rights or otherwise create",False,False,,False,False,,False,False,False,apache-2.0,permissive,100k-1M,,False
Tongyi-MAI/Z-Image-Turbo,Tongyi-MAI,693909,5216,"diffusers,safetensors,text-to-image,en,arxiv:2511.22699,arxiv:2511.22677,arxiv:2511.13649,license:apache-2.0,diffusers:ZImagePipeline,deploy:azure,region:us",2025-11-25 15:09:48+00:00,2026-09-09,13425,True,False,False,,False,False,,False,False,,False,False,,False,False,,False,False,,False,False,False,apache-2.0,permissive,100k-1M,,False
stabilityai/sdxl-turbo,stabilityai,619241,2626,"diffusers,onnx,safetensors,text-to-image,license:other,diffusers:StableDiffusionXLPipeline,region:us",2023-11-27 15:19:11+00:00,2026-09-09,5701,True,False,False,,False,False,,False,False,,True,True,"ute, adorable, Pixar, Disney, 8k""  image = pipe(prompt, image=init_image, num_inference_steps=2, strength=0.5, guidance_scale=0.0).images[0] ```  ### Out-of-Scope Use  The model was not trained to be factual or true representations of people or events,  and therefore using the model to generate such content is out-",False,False,,False,False,,False,False,False,other,other,100k-1M,,False
CompVis/stable-diffusion-v1-4,CompVis,566098,7059,"diffusers,safetensors,stable-diffusion,stable-diffusion-diffusers,text-to-image,arxiv:2207.12598,arxiv:2112.10752,arxiv:2103.00020,arxiv:2205.11487,arxiv:1910.09700,license:creativeml-openrail-m,endpoints_compatible,diffusers:StableDiffusionPipeline,region:us",2022-08-20 13:26:13+00:00,2026-09-09,15484,True,True,False,"oved-aesthetics"" (a subset of laion2B-en, filtered to images with an original size `>= 512x512`, estimated aesthetics score `> 5.0`, and an estimated watermark probability `< 0.5`. The watermark estimate is from the LAION-5B metadata, the aesthetics score is estimated using an [improved aesthetics estimator]",False,False,,False,False,,True,True,"of people or their environments, cultures, religions, etc. - Intentionally promoting or propagating discriminatory content or harmful stereotypes. - Impersonating individuals without their consent. - Sexual content without consent of the people who might see it. - Mis- and disinformation - Representations of",False,False,,False,False,,False,False,True,creativeml-openrail-m,RAIL family,100k-1M,,False
black-forest-labs/FLUX.2-klein-4B,black-forest-labs,551415,915,"diffusers,safetensors,text-to-image,image-editing,flux,diffusion-single-file,image-to-image,en,license:apache-2.0,diffusers:Flux2KleinPipeline,region:us",2026-01-14 13:42:59+00:00,2026-09-09,9844,True,True,True,"atforms better identify, label, and interpret AI-generated content online. The inference code for FLUX.2 [klein] implements an example of pixel-layer watermarking. Additionally, this repository includes links to the https://c2pa.org/ standard for metadata. The API for FLUX.2 [klein] applies cryptographically-si",True,True,"The inference code for FLUX.2 [klein] implements an example of pixel-layer watermarking. Additionally, this repository includes links to the https://c2pa.org/ standard for metadata. The API for FLUX.2 [klein] applies cryptographically-signed C2PA metadata to downloaded output content to indicate that i",True,True,"and https://www.microsoft.com/. 6. Content provenance. Content provenance features can help users and platforms better identify, label, and interpret AI-generated content online. The inference code for FLUX.2 [klein] implements an example of pixel-layer watermarking. Additionally, this repository includes links",True,True,"e information that can be used to harm an individual. - To harass, abuse, threaten, stalk, or bully individuals or groups of individuals. - To create non-consensual intimate imagery or illegal pornographic content. - For fully automated decision making or high risk applications that adversely impact an individual",False,False,,False,False,,False,True,True,apache-2.0,permissive,100k-1M,,False
wikeeyang/Flux2-Klein-9B-True-V2,wikeeyang,443861,197,"diffusers,gguf,text-to-image,en,zh,base_model:black-forest-labs/FLUX.2-klein-9B,base_model:finetune:black-forest-labs/FLUX.2-klein-9B,license:other,region:us",2026-03-26 08:44:12+00:00,2026-09-09,3153,True,False,False,,False,False,,False,False,,False,False,,False,False,,False,False,,False,False,False,other,other,100k-1M,black-forest-labs/FLUX.2-klein-9B,True
lightx2v/Qwen-Image-Lightning,lightx2v,436033,826,"diffusers,Qwen-Image,distillation,LoRA,lora,text-to-image,en,zh,base_model:Qwen/Qwen-Image,base_model:adapter:Qwen/Qwen-Image,license:apache-2.0,region:us",2025-08-09 14:57:18+00:00,2026-09-09,1743,True,False,False,,False,False,,False,False,,False,False,,False,False,,False,False,,False,False,False,apache-2.0,permissive,100k-1M,Qwen/Qwen-Image,True
stabilityai/sd-turbo,stabilityai,351681,460,"diffusers,safetensors,text-to-image,diffusers:StableDiffusionPipeline,region:us",2023-11-27 16:41:20+00:00,2026-09-09,5847,True,False,False,,False,False,,False,False,,True,True,"ute, adorable, Pixar, Disney, 8k""  image = pipe(prompt, image=init_image, num_inference_steps=2, strength=0.5, guidance_scale=0.0).images[0] ```  ### Out-of-Scope Use  The model was not trained to be factual or true representations of people or events,  and therefore using the model to generate such content is out-",False,False,,False,False,,False,False,False,,unspecified,100k-1M,,False
cagliostrolab/animagine-xl-4.0,cagliostrolab,325358,507,"diffusers,safetensors,text-to-image,stable-diffusion,stable-diffusion-xl,en,base_model:stabilityai/stable-diffusion-xl-base-1.0,base_model:finetune:stabilityai/stable-diffusion-xl-base-1.0,license:openrail++,endpoints_compatible,diffusers:StableDiffusionXLPipeline,region:us",2025-01-10 17:51:13+00:00,2026-09-09,14388,True,True,False,"hands, text, error, missing finger, extra digits, fewer digits, cropped, worst quality, low quality, low score, bad score, average score, signature, watermark, username, blurry""  image = pipe(     prompt,     negative_prompt=negative_prompt,     width=832,     height=1216,     guidance_scale=5,     num_infe",False,False,,False,False,,False,False,,False,False,,False,False,,False,False,True,openrail++,RAIL family,100k-1M,stabilityai/stable-diffusion-xl-base-1.0,True
black-forest-labs/FLUX.2-klein-base-4B,black-forest-labs,315882,163,"diffusers,safetensors,text-to-image,image-editing,flux,diffusion-single-file,image-to-image,en,license:apache-2.0,diffusers:Flux2KleinPipeline,deploy:sagemaker,region:us",2026-01-14 13:42:28+00:00,2026-09-09,9937,True,True,True,"atforms better identify, label, and interpret AI-generated content online. The inference code for FLUX.2 [klein] implements an example of pixel-layer watermarking. Additionally, this repository includes links to the https://c2pa.org/ standard for metadata. The API for FLUX.2 [klein] applies cryptographically-si",True,True,"The inference code for FLUX.2 [klein] implements an example of pixel-layer watermarking. Additionally, this repository includes links to the https://c2pa.org/ standard for metadata. The API for FLUX.2 [klein] applies cryptographically-signed C2PA metadata to downloaded output content to indicate that i",True,True,"and https://www.microsoft.com/. 6. Content provenance. Content provenance features can help users and platforms better identify, label, and interpret AI-generated content online. The inference code for FLUX.2 [klein] implements an example of pixel-layer watermarking. Additionally, this repository includes links",True,True,"e information that can be used to harm an individual. - To harass, abuse, threaten, stalk, or bully individuals or groups of individuals. - To create non-consensual intimate imagery or illegal pornographic content. - For fully automated decision making or high risk applications that adversely impact an individual",True,True,"ers). These prohibit the generation of unlawful content or the use of generated content for unlawful, defamatory, or abusive purposes. Developers and users must consent to these conditions to access the FLUX.2 [klein] 9B models on Hugging Face. 8. Safety. Black Forest Labs takes model safety seriously. We pro",False,False,,False,True,True,apache-2.0,permissive,100k-1M,,False
Qwen/Qwen-Image,Qwen,313794,2622,"diffusers,safetensors,text-to-image,en,zh,arxiv:2508.02324,license:apache-2.0,diffusers:QwenImagePipeline,region:us,deploy:azure",2025-08-02 04:58:07+00:00,2026-09-09,6600,True,False,False,,False,False,,False,False,,False,False,,False,False,,False,False,,False,False,False,apache-2.0,permissive,100k-1M,,False
LyliaEngine/Pony_Diffusion_V6_XL,LyliaEngine,276809,166,"diffusers,text-to-image,stable-diffusion,lora,template:sd-lora,base_model:Bakanayatsu/Pony-Diffusion-V6-XL-for-Anime,base_model:adapter:Bakanayatsu/Pony-Diffusion-V6-XL-for-Anime,license:cdla-permissive-2.0,region:us",2024-05-25 09:04:55+00:00,2026-09-09,4974,True,False,False,,False,False,,False,False,,False,False,,False,False,,False,False,,False,False,False,cdla-permissive-2.0,other,100k-1M,Bakanayatsu/Pony-Diffusion-V6-XL-for-Anime,True
nphSi/Z-Image-Lora,nphSi,261557,147,"diffusers,text-to-image,lora,safetensors,z-image,base_model:Tongyi-MAI/Z-Image,base_model:adapter:Tongyi-MAI/Z-Image,license:apache-2.0,region:us",2025-12-01 06:21:24+00:00,2026-09-09,23723,True,False,False,,False,False,,False,False,,True,True,"heckpoint. No nudity or pornography is involved in the training process.  ===  + YOU ARE NOT ALLOWED TO SHARE NUDITY AND/OR PORNOGRAPHIC CONTENT (DEEPFAKES) OF FAMOUS PEOPLE (CELEBRITIES) MADE WITH MY LORAS. + THIS IS ILLEGAL IN ALMOST ALL COUNTRIES IN THE WORLD. THE AUTHOR REJECTS ANY RESPONSIBILITY F",False,False,,False,False,,False,False,False,apache-2.0,permissive,100k-1M,Tongyi-MAI/Z-Image,True
playgroundai/playground-v2.5-1024px-aesthetic,playgroundai,259793,771,"diffusers,safetensors,text-to-image,playground,arxiv:2206.00364,arxiv:2402.17245,license:other,endpoints_compatible,diffusers:StableDiffusionXLPipeline,region:us",2024-02-16 18:46:17+00:00,2026-09-09,6216,True,False,False,,False,False,,False,False,,False,False,,False,False,,False,False,,False,False,False,other,other,100k-1M,,False
unsloth/FLUX.2-klein-4B-GGUF,unsloth,250806,211,"ggml,gguf,text-to-image,unsloth,image-editing,flux,diffusion-single-file,image-to-image,en,base_model:black-forest-labs/FLUX.2-klein-4B,base_model:quantized:black-forest-labs/FLUX.2-klein-4B,license:apache-2.0,region:us",2026-01-15 17:14:51+00:00,2026-09-09,10848,True,True,True,"atforms better identify, label, and interpret AI-generated content online. The inference code for FLUX.2 [klein] implements an example of pixel-layer watermarking. Additionally, this repository includes links to the https://c2pa.org/ standard for metadata. The API for FLUX.2 [klein] applies cryptographically-si",True,True,"The inference code for FLUX.2 [klein] implements an example of pixel-layer watermarking. Additionally, this repository includes links to the https://c2pa.org/ standard for metadata. The API for FLUX.2 [klein] applies cryptographically-signed C2PA metadata to downloaded output content to indicate that i",True,True,"and https://www.microsoft.com/. 6. Content provenance. Content provenance features can help users and platforms better identify, label, and interpret AI-generated content online. The inference code for FLUX.2 [klein] implements an example of pixel-layer watermarking. Additionally, this repository includes links",True,True,"e information that can be used to harm an individual. - To harass, abuse, threaten, stalk, or bully individuals or groups of individuals. - To create non-consensual intimate imagery or illegal pornographic content. - For fully automated decision making or high risk applications that adversely impact an individual",False,False,,False,False,,False,True,True,apache-2.0,permissive,100k-1M,black-forest-labs/FLUX.2-klein-4B,True
city96/FLUX.1-dev-gguf,city96,241232,1426,"gguf,text-to-image,image-generation,flux,base_model:black-forest-labs/FLUX.1-dev,base_model:quantized:black-forest-labs/FLUX.1-dev,license:other,region:us",2024-08-15 02:27:07+00:00,2026-09-09,625,True,False,False,,False,False,,False,False,,False,False,,False,False,,False,False,,False,False,False,other,other,100k-1M,black-forest-labs/FLUX.1-dev,True
black-forest-labs/FLUX.2-small-decoder,black-forest-labs,216631,173,"diffusers,safetensors,text-to-image,image-editing,flux,diffusion-single-file,image-to-image,en,license:apache-2.0,region:us,deploy:sagemaker",2026-04-06 16:08:58+00:00,2026-09-09,3719,True,False,False,,True,False,"sexual abuse material (CSAM) and nonconsensual intimate imagery (NCII). For detailed information about our mitigations, evaluation processes, content provenance features, and policies, please see our post: [Capable, Open, and Safe: Combating AI Misuse](https://bfl.ai/blog/capable-open-and-safe-combating-ai-mi",False,False,,True,True,"training data. - The model may fail to generate output that matches the prompts. - Prompt following is heavily influenced by the prompting style.  # Out-of-Scope Use  This model and its derivatives may not be used outside the scope of the license, including for unlawful, fraudulent, defamatory, abusive, or otherwi",False,False,,False,False,,False,False,True,apache-2.0,permissive,100k-1M,,False
city96/FLUX.1-schnell-gguf,city96,208851,350,"gguf,text-to-image,image-generation,flux,base_model:black-forest-labs/FLUX.1-schnell,base_model:quantized:black-forest-labs/FLUX.1-schnell,license:apache-2.0,region:us",2024-08-15 02:30:12+00:00,2026-09-09,514,True,False,False,,False,False,,False,False,,False,False,,False,False,,False,False,,False,False,False,apache-2.0,permissive,100k-1M,black-forest-labs/FLUX.1-schnell,True
stablediffusionapi/revanimated,stablediffusionapi,205690,2,"diffusers,stablediffusionapi.com,stable-diffusion-api,text-to-image,ultra-realistic,license:creativeml-openrail-m,endpoints_compatible,diffusers:StableDiffusionPipeline,region:us",2023-05-10 14:34:08+00:00,2026-09-09,2228,True,False,False,,False,False,,False,False,,False,False,,False,False,,False,False,,False,False,False,creativeml-openrail-m,RAIL family,100k-1M,,False
cagliostrolab/animagine-xl-3.1,cagliostrolab,195193,735,"diffusers,safetensors,text-to-image,stable-diffusion,stable-diffusion-xl,en,base_model:cagliostrolab/animagine-xl-3.0,base_model:finetune:cagliostrolab/animagine-xl-3.0,license:openrail++,endpoints_compatible,diffusers:StableDiffusionXLPipeline,region:us",2024-03-13 09:40:48+00:00,2026-09-09,18732,True,True,False,"g at viewer, outdoors, night"" negative_prompt = ""nsfw, lowres, (bad), text, error, fewer, extra, missing, worst quality, jpeg artifacts, low quality, watermark, unfinished, displeasing, oldest, early, chromatic aberration, signature, extra digits, artistic error, username, scan, [abstract]""  image = pipe(",False,False,,False,False,,False,False,,False,False,,False,False,,False,False,True,openrail++,RAIL family,100k-1M,cagliostrolab/animagine-xl-3.0,True
John6666/nova-furry-xl-il-v120-sdxl,John6666,187651,7,"diffusers,safetensors,text-to-image,stable-diffusion,stable-diffusion-xl,not-for-all-audiences,anime,hentai,furry,furry style,2D,2.5D,3D,feral,yiff,anthro,animals,detail,posing,e621/rule34 tags,merge,noobai,Illustrious XL v2.0,illustrious,en,base_model:Laxhar/noobai-XL-1.1,base_model:merge:Laxhar/noobai-XL-1.1,base_model:OnomaAIResearch/Illustrious-XL-v2.0,base_model:merge:OnomaAIResearch/Illustrious-XL-v2.0,license:other,endpoints_compatible,diffusers:StableDiffusionXLPipeline,region:us",2025-10-01 02:44:51+00:00,2026-09-09,165,False,False,False,,False,False,,False,False,,False,False,,False,False,,False,False,,False,False,False,other,other,100k-1M,Laxhar/noobai-XL-1.1,True
h94/IP-Adapter-FaceID,h94,179747,1882,"diffusers,text-to-image,stable-diffusion,en,arxiv:2308.06721,region:us",2023-12-20 03:15:30+00:00,2026-09-09,11150,True,False,False,,False,False,,False,False,,False,False,,False,False,,False,False,,False,False,False,,unspecified,100k-1M,,False
Lykon/DreamShaper,Lykon,166508,1018,"diffusers,stable-diffusion,stable-diffusion-diffusers,text-to-image,art,artistic,anime,en,doi:10.57967/hf/0453,license:other,diffusers:StableDiffusionPipeline,region:us",2023-01-12 09:14:06+00:00,2026-09-09,440,True,False,False,,False,False,,False,False,,False,False,,False,False,,False,False,,False,False,False,other,other,100k-1M,,False
stabilityai/stable-diffusion-3.5-medium,stabilityai,153232,1092,"diffusers,safetensors,text-to-image,stable-diffusion,en,arxiv:2403.03206,license:other,diffusers:StableDiffusion3Pipeline,region:us",2024-10-29 10:27:32+00:00,2026-09-09,10968,True,False,False,,False,False,,False,False,,True,True,"imitations of generative models.  All uses of the model must be in accordance with our [Acceptable Use Policy](https://stability.ai/use-policy).  ### Out-of-Scope Uses  The model was not trained to be factual or true representations of people or events.  As such, using the model to generate such content is out-of-s",True,True,"ance between usefulness and preventing harm. However, this does not guarantee that all possible harmful content has been removed. TAll developers and deployers should exercise caution and implement content safety guardrails based on their specific product policies and application use cases. * Misuse: Technical limi",False,False,,False,False,False,other,other,100k-1M,,False
stable-diffusion-v1-5/stable-diffusion-inpainting,stable-diffusion-v1-5,144338,119,"diffusers,stable-diffusion,stable-diffusion-diffusers,text-to-image,arxiv:2207.12598,arxiv:2112.10752,arxiv:2103.00020,arxiv:2205.11487,arxiv:1910.09700,license:creativeml-openrail-m,diffusers:StableDiffusionInpaintPipeline,region:us",2024-08-30 10:08:03+00:00,2026-09-09,14938,True,True,False,"oved-aesthetics"" (a subset of laion2B-en, filtered to images with an original size `>= 512x512`, estimated aesthetics score `> 5.0`, and an estimated watermark probability `< 0.5`. The watermark estimate is from the LAION-5B metadata, the aesthetics score is estimated using an [improved aesthetics estimator]",False,False,,False,False,,True,True,"of people or their environments, cultures, religions, etc. - Intentionally promoting or propagating discriminatory content or harmful stereotypes. - Impersonating individuals without their consent. - Sexual content without consent of the people who might see it. - Mis- and disinformation - Representations of",False,False,,False,False,,False,False,True,creativeml-openrail-m,RAIL family,100k-1M,,False
duongve/NetaYume-Lumina-Image-2.0,duongve,139260,71,"diffusion-single-file,stable-diffusion,text-to-image,comfyui,base_model:Alpha-VLLM/Lumina-Image-2.0,base_model:finetune:Alpha-VLLM/Lumina-Image-2.0,license:apache-2.0,region:us",2025-08-06 09:08:01+00:00,2026-09-09,2542,True,False,False,,False,False,,False,False,,False,False,,False,False,,False,False,,False,False,False,apache-2.0,permissive,100k-1M,Alpha-VLLM/Lumina-Image-2.0,True
unsloth/Z-Image-Turbo-GGUF,unsloth,134585,257,"ggml,gguf,quantized,unsloth,text-to-image,en,arxiv:2511.22699,arxiv:2511.22677,arxiv:2511.13649,base_model:Tongyi-MAI/Z-Image-Turbo,base_model:quantized:Tongyi-MAI/Z-Image-Turbo,license:apache-2.0,region:us",2025-12-21 22:47:59+00:00,2026-09-09,15310,True,False,False,,False,False,,False,False,,False,False,,False,False,,False,False,,False,False,False,apache-2.0,permissive,100k-1M,Tongyi-MAI/Z-Image-Turbo,True
black-forest-labs/FLUX.2-klein-4b-fp8,black-forest-labs,134194,73,"diffusion-single-file,text-to-image,image-editing,flux,image-to-image,en,license:apache-2.0,region:us",2026-01-14 22:32:43+00:00,2026-09-09,7637,True,True,True,"atforms better identify, label, and interpret AI-generated content online. The inference code for FLUX.2 [klein] implements an example of pixel-layer watermarking. Additionally, this repository includes links to the https://c2pa.org/ standard for metadata. The API for FLUX.2 [klein] applies cryptographically-si",True,True,"The inference code for FLUX.2 [klein] implements an example of pixel-layer watermarking. Additionally, this repository includes links to the https://c2pa.org/ standard for metadata. The API for FLUX.2 [klein] applies cryptographically-signed C2PA metadata to downloaded output content to indicate that i",True,True,"and https://www.microsoft.com/. 6. Content provenance. Content provenance features can help users and platforms better identify, label, and interpret AI-generated content online. The inference code for FLUX.2 [klein] implements an example of pixel-layer watermarking. Additionally, this repository includes links",True,True,"e information that can be used to harm an individual. - To harass, abuse, threaten, stalk, or bully individuals or groups of individuals. - To create non-consensual intimate imagery or illegal pornographic content. - For fully automated decision making or high risk applications that adversely impact an individual",False,False,,False,False,,False,True,True,apache-2.0,permissive,100k-1M,,False
SimianLuo/LCM_Dreamshaper_v7,SimianLuo,128476,416,"diffusers,onnx,safetensors,text-to-image,en,arxiv:2310.04378,license:mit,diffusers:LatentConsistencyModelPipeline,region:us",2023-10-14 08:26:52+00:00,2026-09-09,3412,True,False,False,,False,False,,False,False,,False,False,,False,False,,False,False,,False,False,False,mit,permissive,100k-1M,,False
Lykon/dreamshaper-8,Lykon,126789,134,"diffusers,safetensors,stable-diffusion,stable-diffusion-diffusers,text-to-image,art,artistic,anime,dreamshaper,en,license:creativeml-openrail-m,endpoints_compatible,diffusers:StableDiffusionPipeline,region:us",2023-08-26 16:49:06+00:00,2026-09-09,2178,True,False,False,,False,False,,False,False,,False,False,,False,False,,False,False,,False,False,False,creativeml-openrail-m,RAIL family,100k-1M,,False
John6666/one-obsession-17-red-sdxl,John6666,125532,3,"diffusers,safetensors,text-to-image,stable-diffusion,stable-diffusion-xl,not-for-all-audiences,anime,girls,cute,balanced,hands,feet,texture,limbs,excellent lighting and shadow,details,finetune,my style,extreme light and shadow,composition,2D,2.5D,3D,merge,noobai,Illustrious XL v2.0,illustrious,en,base_model:Laxhar/noobai-XL-1.0,base_model:merge:Laxhar/noobai-XL-1.0,base_model:OnomaAIResearch/Illustrious-XL-v2.0,base_model:merge:OnomaAIResearch/Illustrious-XL-v2.0,license:other,endpoints_compatible,diffusers:StableDiffusionXLPipeline,region:us",2025-09-18 13:18:30+00:00,2026-09-09,162,False,False,False,,False,False,,False,False,,False,False,,False,False,,False,False,,False,False,False,other,other,100k-1M,Laxhar/noobai-XL-1.0,True
ScottzillaSystems/qwen-image-edit-plus-nsfw-lora,ScottzillaSystems,122532,348,"diffusers,lora,text-to-image,nsfw,image-editing,qwen-image-edit,not-for-all-audiences,image-to-image,base_model:Qwen/Qwen-Image-Edit-2511,base_model:adapter:Qwen/Qwen-Image-Edit-2511,license:openrail++,region:us",2026-03-16 07:29:35+00:00,2026-09-09,2016,True,False,False,,False,False,,False,False,,False,False,,False,False,,False,False,,False,False,False,openrail++,RAIL family,100k-1M,Qwen/Qwen-Image-Edit-2511,True
unsloth/Qwen-Image-2512-GGUF,unsloth,119731,409,"gguf,quantized,unsloth,qwen,text-to-image,en,zh,arxiv:2508.02324,base_model:Qwen/Qwen-Image-2512,base_model:quantized:Qwen/Qwen-Image-2512,license:apache-2.0,region:us",2025-12-30 08:09:37+00:00,2026-09-09,16873,True,False,False,,False,False,,True,False,"released in August, Qwen-Image-2512 features the following key improvements:  * **Enhanced Huamn Realism** Qwen-Image-2512 significantly reduces the “AI-generated” look and substantially enhances overall image realism, especially for human subjects. * **Finer Natural Detail** Qwen-Image-2512 delivers notably mo",False,False,,False,False,,False,False,,False,False,True,apache-2.0,permissive,100k-1M,Qwen/Qwen-Image-2512,True
xinsir/controlnet-union-sdxl-1.0,xinsir,117809,1820,"diffusers,safetensors,Text-to-Image,ControlNet,Diffusers,Stable Diffusion,text-to-image,license:apache-2.0,region:us",2024-07-07 07:41:40+00:00,2026-09-09,9733,True,False,False,,False,False,,False,False,,False,False,,False,False,,False,False,,False,False,False,apache-2.0,permissive,100k-1M,,False
xinsir/controlnet-openpose-sdxl-1.0,xinsir,109554,311,"diffusers,safetensors,openpose,controlnet,controlnet-openpose-sdxl-1.0,text_to_image,text-to-image,arxiv:2302.05543,license:apache-2.0,region:us",2024-05-13 14:47:50+00:00,2026-09-09,7375,True,False,False,,False,False,,False,False,,False,False,,False,False,,False,False,,False,False,False,apache-2.0,permissive,100k-1M,,False
John6666/amanatsu-illustrious-v11-sdxl,John6666,108521,3,"diffusers,safetensors,text-to-image,stable-diffusion,stable-diffusion-xl,anime,girls,characters,detailed anime look,backgrounds,better eyes,illustrious,en,base_model:OnomaAIResearch/Illustrious-xl-early-release-v0,base_model:finetune:OnomaAIResearch/Illustrious-xl-early-release-v0,license:other,endpoints_compatible,diffusers:StableDiffusionXLPipeline,region:us",2025-03-13 07:52:11+00:00,2026-09-09,152,False,False,False,,False,False,,False,False,,False,False,,False,False,,False,False,,False,False,False,other,other,100k-1M,OnomaAIResearch/Illustrious-xl-early-release-v0,True
John6666/diving-illustrious-real-asian-v50-sdxl,John6666,102700,0,"diffusers,safetensors,text-to-image,stable-diffusion,stable-diffusion-xl,realistic,photorealistic,photoreal,asian,illustrious,en,base_model:OnomaAIResearch/Illustrious-xl-early-release-v0,base_model:finetune:OnomaAIResearch/Illustrious-xl-early-release-v0,license:other,endpoints_compatible,diffusers:StableDiffusionXLPipeline,region:us",2025-09-19 23:33:09+00:00,2026-09-09,189,False,False,False,,False,False,,False,False,,False,False,,False,False,,False,False,,False,False,False,other,other,100k-1M,OnomaAIResearch/Illustrious-xl-early-release-v0,True
black-forest-labs/FLUX.2-klein-base-4b-fp8,black-forest-labs,100131,51,"diffusion-single-file,text-to-image,image-editing,flux,image-to-image,en,license:apache-2.0,region:us",2026-01-14 22:32:41+00:00,2026-09-09,7783,True,True,True,"atforms better identify, label, and interpret AI-generated content online. The inference code for FLUX.2 [klein] implements an example of pixel-layer watermarking. Additionally, this repository includes links to the https://c2pa.org/ standard for metadata. The API for FLUX.2 [klein] applies cryptographically-si",True,True,"The inference code for FLUX.2 [klein] implements an example of pixel-layer watermarking. Additionally, this repository includes links to the https://c2pa.org/ standard for metadata. The API for FLUX.2 [klein] applies cryptographically-signed C2PA metadata to downloaded output content to indicate that i",True,True,"and https://www.microsoft.com/. 6. Content provenance. Content provenance features can help users and platforms better identify, label, and interpret AI-generated content online. The inference code for FLUX.2 [klein] implements an example of pixel-layer watermarking. Additionally, this repository includes links",True,True,"e information that can be used to harm an individual. - To harass, abuse, threaten, stalk, or bully individuals or groups of individuals. - To create non-consensual intimate imagery or illegal pornographic content. - For fully automated decision making or high risk applications that adversely impact an individual",True,True,"ers). These prohibit the generation of unlawful content or the use of generated content for unlawful, defamatory, or abusive purposes. Developers and users must consent to these conditions to access the FLUX.2 [klein] 9B models on Hugging Face. 8. Safety. Black Forest Labs takes model safety seriously. We pro",False,False,,False,True,True,apache-2.0,permissive,100k-1M,,False
Laxhar/noobai-XL-1.1,Laxhar,96799,165,"diffusers,safetensors,Diffusers,Safetensors,not-for-all-audiences,text-to-image,en,base_model:Laxhar/noobai-XL-1.0,base_model:finetune:Laxhar/noobai-XL-1.0,license:other,endpoints_compatible,diffusers:StableDiffusionXLPipeline,region:us",2024-11-21 13:43:47+00:00,2026-09-09,6404,True,False,False,,False,False,,False,False,,True,True,". Usage Restrictions  - Prohibited use for harmful, malicious, or illegal activities, including but not limited to harassment, threats, and spreading misinformation. - Prohibited generation of unethical or offensive content. - Prohibited violation of laws and regulations in the user's jurisdiction.  ## II. Commer",True,True,"mmercial use of the model, derivative models, or model-generated products.  ## III. Open Source Community  To foster a thriving open-source community,users MUST comply with the following requirements:  - Open source derivative models, merged models, LoRAs, and products based on the above models. - Share work",False,False,,False,False,False,other,other,10k-100k,Laxhar/noobai-XL-1.0,True
John6666/janku-v5-nsfw-trained-noobai-rou-wei-illustrious-xl-v50-sdxl,John6666,91777,16,"diffusers,safetensors,text-to-image,stable-diffusion,stable-diffusion-xl,not-for-all-audiences,anime,hentai,nai,girls,better eyes,brightness,contrast,better shade lightning,brighter colors,shiny hair with particles,shiny eyes,sharper lines,characters,artists,trained,merge,rouwei,noobai,illustrious,en,base_model:Laxhar/noobai-XL-1.1,base_model:merge:Laxhar/noobai-XL-1.1,base_model:Minthy/RouWei-0.8,base_model:merge:Minthy/RouWei-0.8,base_model:OnomaAIResearch/Illustrious-xl-early-release-v0,base_model:merge:OnomaAIResearch/Illustrious-xl-early-release-v0,license:other,endpoints_compatible,diffusers:StableDiffusionXLPipeline,region:us",2025-08-31 00:44:06+00:00,2026-09-09,203,False,False,False,,False,False,,False,False,,False,False,,False,False,,False,False,,False,False,False,other,other,10k-100k,Laxhar/noobai-XL-1.1,True
T5B/Z-Image-Turbo-FP8,T5B,91536,173,"diffusers,text-to-image,en,base_model:Tongyi-MAI/Z-Image-Turbo,base_model:quantized:Tongyi-MAI/Z-Image-Turbo,license:apache-2.0,region:us",2025-11-26 20:43:17+00:00,2026-09-09,381,True,False,False,,False,False,,False,False,,False,False,,False,False,,False,False,,False,False,False,apache-2.0,permissive,10k-100k,Tongyi-MAI/Z-Image-Turbo,True
lightx2v/Qwen-Image-2512-Lightning,lightx2v,89730,228,"diffusers,diffusion-single-file,comfyui,distillation,LoRA,lora,Qwen-Image,text-to-image,base_model:Qwen/Qwen-Image-2512,base_model:adapter:Qwen/Qwen-Image-2512,license:apache-2.0,region:us",2025-12-31 12:13:41+00:00,2026-09-09,774,True,False,False,,False,False,,False,False,,False,False,,False,False,,False,False,,False,False,False,apache-2.0,permissive,10k-100k,Qwen/Qwen-Image-2512,True
cyberdelia/CyberRealistic,cyberdelia,89212,95,"diffusers,stable-diffusion,sd-1.5,text-to-image,photorealistic,cyberrealistic,image-generation,license:creativeml-openrail-m,region:us",2023-05-28 11:25:45+00:00,2026-09-09,3002,True,False,False,,False,False,,False,False,,False,False,,False,False,,False,False,,False,False,False,creativeml-openrail-m,RAIL family,10k-100k,,False
latent-consistency/lcm-lora-sdv1-5,latent-consistency,87720,533,"diffusers,lora,text-to-image,arxiv:2311.05556,base_model:runwayml/stable-diffusion-v1-5,base_model:adapter:runwayml/stable-diffusion-v1-5,license:openrail++,region:us",2023-11-07 11:20:24+00:00,2026-09-09,7070,True,False,False,,False,False,,False,False,,False,False,,False,False,,False,False,,False,False,False,openrail++,RAIL family,10k-100k,runwayml/stable-diffusion-v1-5,True
HiDream-ai/HiDream-I1-Fast,HiDream-ai,85611,107,"diffusers,safetensors,image-generation,HiDream.ai,text-to-image,en,arxiv:2505.22705,license:mit,diffusers:HiDreamImagePipeline,region:us",2025-04-06 14:18:51+00:00,2026-09-09,7165,True,False,False,,False,False,,False,False,,False,False,,True,True,"llow the license terms specified for these components. You own all content you create with this model. You can use your generated content freely, but you must comply with this license agreement. You are responsible for how you use the models. Do not create illegal content, harmful material, personal informa",False,False,,False,False,False,mit,permissive,10k-100k,,False
ByteDance/SDXL-Lightning,ByteDance,84371,2185,"diffusers,text-to-image,stable-diffusion,arxiv:2402.13929,license:openrail++,region:us",2024-02-20 20:03:33+00:00,2026-09-09,6417,True,False,False,,False,False,,False,False,,False,False,,False,False,,False,False,,False,False,False,openrail++,RAIL family,10k-100k,,False
Omnico/Krea2_turbo_diff_loras,Omnico,80765,41,"diffusers,text-to-image,lora,template:diffusion-lora,base_model:krea/Krea-2-Turbo,base_model:adapter:krea/Krea-2-Turbo,region:us",2026-08-01 13:23:43+00:00,2026-09-09,982,True,False,False,,False,False,,False,False,,False,False,,False,False,,False,False,,False,False,False,,unspecified,10k-100k,krea/Krea-2-Turbo,True
diffusers/stable-diffusion-xl-1.0-inpainting-0.1,diffusers,79974,383,"diffusers,safetensors,stable-diffusion-xl,stable-diffusion-xl-diffusers,text-to-image,inpainting,arxiv:2112.10752,base_model:stabilityai/stable-diffusion-xl-base-1.0,base_model:finetune:stabilityai/stable-diffusion-xl-base-1.0,license:openrail++,diffusers:StableDiffusionXLInpaintPipeline,region:us",2023-09-01 14:07:10+00:00,2026-09-09,4657,True,False,False,,False,False,,False,False,,True,True,"al to generate harmful content. - Probing and understanding the limitations and biases of generative models.  Excluded uses are described below.  ### Out-of-Scope Use  The model was not trained to be factual or true representations of people or events, and therefore using the model to generate such content is out-o",False,False,,False,False,,False,False,False,openrail++,RAIL family,10k-100k,stabilityai/stable-diffusion-xl-base-1.0,True
lopi999/Wan2.2-I2V_General-NSFW-LoRA,lopi999,78967,110,"diffusers,text-to-image,lora,template:diffusion-lora,base_model:Wan-AI/Wan2.2-I2V-A14B,base_model:adapter:Wan-AI/Wan2.2-I2V-A14B,region:us,not-for-all-audiences",2025-09-17 03:01:26+00:00,2026-09-09,335,True,False,False,,False,False,,False,False,,False,False,,False,False,,False,False,,False,False,False,,unspecified,10k-100k,Wan-AI/Wan2.2-I2V-A14B,True
stabilityai/stable-diffusion-3.5-large,stabilityai,74398,3777,"diffusers,safetensors,text-to-image,stable-diffusion,en,arxiv:2403.03206,license:other,diffusers:StableDiffusion3Pipeline,region:us",2024-10-22 07:29:57+00:00,2026-09-09,9362,True,False,False,,False,False,,False,False,,True,True,"imitations of generative models.  All uses of the model must be in accordance with our [Acceptable Use Policy](https://stability.ai/use-policy).  ### Out-of-Scope Uses  The model was not trained to be factual or true representations of people or events.  As such, using the model to generate such content is out-of-s",True,True,"ance between usefulness and preventing harm. However, this does not guarantee that all possible harmful content has been removed. TAll developers and deployers should exercise caution and implement content safety guardrails based on their specific product policies and application use cases. * Misuse: Technical limi",False,False,,False,False,False,other,other,10k-100k,,False
lodestones/Chroma1-HD,lodestones,72626,403,"diffusers,safetensors,text-to-image,license:apache-2.0,diffusers:ChromaPipeline,region:us,deploy:azure",2025-08-08 10:23:39+00:00,2026-09-09,8049,True,False,False,,False,False,,False,False,,False,False,,True,True,"hat may be considered harmful, explicit, or offensive. I encourage developers to implement appropriate safeguards and ethical considerations in their downstream applications.  ## Summary of Architectural Modifications *(For a full breakdown, tech report soon-ish.)*  *   **12B → 8.9B Parameters:**     *   **TL;DR:** I rep",False,False,,False,False,False,apache-2.0,permissive,10k-100k,,False
Qwen/Qwen-Image-2512,Qwen,71751,947,"diffusers,safetensors,text-to-image,en,zh,arxiv:2508.02324,license:apache-2.0,diffusers:QwenImagePipeline,region:us,deploy:azure",2025-12-30 02:29:01+00:00,2026-09-09,15246,True,False,False,,False,False,,True,False,"released in August, Qwen-Image-2512 features the following key improvements:  * **Enhanced Huamn Realism** Qwen-Image-2512 significantly reduces the “AI-generated” look and substantially enhances overall image realism, especially for human subjects. * **Finer Natural Detail** Qwen-Image-2512 delivers notably mo",False,False,,False,False,,False,False,,False,False,True,apache-2.0,permissive,10k-100k,,False
krea/Krea-2-Raw,krea,71268,651,"diffusers,safetensors,text-to-image,en,license:other,diffusers:Krea2Pipeline,region:us",2026-06-18 05:24:15+00:00,2026-09-09,7562,True,False,False,,False,False,,False,False,,True,True,"s, including image generation, concepting, design exploration, visual production workflows, and integration into applications and creative tools.  ## Out-of-Scope Uses  This model is not intended or designed for uses that violate applicable law or regulations, infringe or misappropriate third-party rights, generate",True,True,"images.  Because this is also an open-weights release, Krea does not control downstream deployment of the model. Under the Krea 2 Community License, deployers are required to implement content filtering measures or equivalent review processes to prevent the generation or distribution of unlawful or policy-violating cont",False,False,,False,False,False,other,other,10k-100k,,False
thibaud/controlnet-openpose-sdxl-1.0,thibaud,71189,431,"diffusers,stable-diffusion-xl,stable-diffusion-xl-diffusers,text-to-image,controlnet,base_model:stabilityai/stable-diffusion-xl-base-1.0,base_model:adapter:stabilityai/stable-diffusion-xl-base-1.0,license:other,region:us",2023-08-13 18:14:13+00:00,2026-09-09,2463,True,False,False,,False,False,,False,False,,False,False,,False,False,,False,False,,False,False,False,other,other,10k-100k,stabilityai/stable-diffusion-xl-base-1.0,True
krea/Krea-2-Turbo,krea,70518,1105,"diffusers,safetensors,text-to-image,en,base_model:krea/Krea-2-Raw,base_model:finetune:krea/Krea-2-Raw,license:other,diffusers:Krea2Pipeline,region:us",2026-06-18 04:50:10+00:00,2026-09-09,7140,True,False,False,,False,False,,False,False,,True,True,"s, including image generation, concepting, design exploration, visual production workflows, and integration into applications and creative tools.  ## Out-of-Scope Uses  This model is not intended or designed for uses that violate applicable law or regulations, infringe or misappropriate third-party rights, generate",True,True,"images.  Because this is also an open-weights release, Krea does not control downstream deployment of the model. Under the Krea 2 Community License, deployers are required to implement content filtering measures or equivalent review processes to prevent the generation or distribution of unlawful or policy-violating cont",False,False,,False,False,False,other,other,10k-100k,krea/Krea-2-Raw,True
black-forest-labs/FLUX.1-Krea-dev,black-forest-labs,70507,904,"diffusers,safetensors,text-to-image,image-generation,flux,en,base_model:black-forest-labs/FLUX.1-dev,base_model:finetune:black-forest-labs/FLUX.1-dev,license:other,endpoints_compatible,diffusers:FluxPipeline,region:us",2025-07-07 10:39:11+00:00,2026-09-09,7587,True,False,False,,False,False,,False,False,,True,True,"e information that can be used to harm an individual. - To harass, abuse, threaten, stalk, or bully individuals or groups of individuals. - To create non-consensual nudity or illegal pornographic content. - For fully automated decision making that adversely impacts an individual's legal rights or otherwise create",True,True,"al License prohibits the generation of unlawful content or the use of generated content for unlawful, defamatory, or abusive purposes. Developers and users must consent to these conditions to access the FLUX.1 Krea [dev] model. 6. **Monitoring.** BFL is monitoring for patterns of violative use after release,",False,False,,False,False,False,other,other,10k-100k,black-forest-labs/FLUX.1-dev,True
John6666/obsession-illustriousxl-v10-sdxl,John6666,69492,1,"diffusers,safetensors,text-to-image,stable-diffusion,stable-diffusion-xl,anime,girls,illustrious,en,base_model:OnomaAIResearch/Illustrious-xl-early-release-v0,base_model:finetune:OnomaAIResearch/Illustrious-xl-early-release-v0,license:other,endpoints_compatible,diffusers:StableDiffusionXLPipeline,region:us",2024-10-03 08:59:56+00:00,2026-09-09,183,False,False,False,,False,False,,False,False,,False,False,,False,False,,False,False,,False,False,False,other,other,10k-100k,OnomaAIResearch/Illustrious-xl-early-release-v0,True
OnomaAIResearch/Illustrious-xl-early-release-v0,OnomaAIResearch,69139,429,"diffusers,safetensors,text-to-image,en,arxiv:2409.19946,base_model:KBlueLeaf/kohaku-xl-beta5,base_model:finetune:KBlueLeaf/kohaku-xl-beta5,license:other,endpoints_compatible,diffusers:StableDiffusionXLPipeline,region:us",2024-09-20 14:56:38+00:00,2026-09-09,16653,True,False,False,,False,False,,False,False,,True,True,"/li>       <ul style=""margin-left: 20px;"">         <li><strong>Harmful or malicious activities</strong>: This includes harassment, threats, spreading misinformation, or any use intended to harm individuals or groups.</li>         <li><strong>Illegal activities</strong>: Using generated content to violate any appl",True,True,"trong>     </p>     <ul style=""margin-left: 20px;"">       <li>We recommend to use official repositories, to prevent malicious attacks.</li>       <li>Users must agree with LICENSE to use the model. As mentioned in LICENSE, we do NOT take any actions about generated results or possible variants.</li>       <li",False,False,,False,False,False,other,other,10k-100k,KBlueLeaf/kohaku-xl-beta5,True
cagliostrolab/animagine-xl-3.0,cagliostrolab,68661,775,"diffusers,safetensors,text-to-image,stable-diffusion,stable-diffusion-xl,en,base_model:Linaqruf/animagine-xl-2.0,base_model:finetune:Linaqruf/animagine-xl-2.0,license:openrail++,endpoints_compatible,diffusers:StableDiffusionXLPipeline,region:us",2023-11-23 03:57:11+00:00,2026-09-09,12175,True,True,False,", bad hands, text, error, missing fingers, extra digit, fewer digits, cropped, worst quality, low quality, normal quality, jpeg artifacts, signature, watermark, username, blurry, artist name""  image = pipe(     prompt,      negative_prompt=negative_prompt,      width=832,     height=1216,     guidance_scale=",False,False,,False,False,,False,False,,False,False,,False,False,,False,False,True,openrail++,RAIL family,10k-100k,Linaqruf/animagine-xl-2.0,True
Laxhar/noobai-XL-Vpred-1.0,Laxhar,68436,71,"diffusers,safetensors,stable-diffusion,stable-diffusion-xl,art,not-for-all-audiences,text-to-image,en,base_model:Laxhar/noobai-XL-Vpred-0.75,base_model:finetune:Laxhar/noobai-XL-Vpred-0.75,license:other,endpoints_compatible,diffusers:StableDiffusionXLPipeline,region:us",2024-12-22 06:16:42+00:00,2026-09-09,11209,True,False,False,,False,False,,False,False,,True,True,". Usage Restrictions  - Prohibited use for harmful, malicious, or illegal activities, including but not limited to harassment, threats, and spreading misinformation. - Prohibited generation of unethical or offensive content. - Prohibited violation of laws and regulations in the user's jurisdiction.  ## II. Commer",True,True,"er ideas, and way more hype.  No gatekeeping—post your 'secret sauce' in public spaces. Everyone wins!     To foster a thriving open-source community,users MUST comply with the following requirements:  - Open source derivative models, merged models, LoRAs, and products based on the above models. - Share work",False,False,,False,False,False,other,other,10k-100k,Laxhar/noobai-XL-Vpred-0.75,True
qujincheng/Z-Image-Lora,qujincheng,67920,1,"diffusers,text-to-image,lora,safetensors,z-image,base_model:Tongyi-MAI/Z-Image,base_model:adapter:Tongyi-MAI/Z-Image,license:apache-2.0,region:us",2026-08-16 16:10:28+00:00,2026-09-09,23522,True,False,False,,False,False,,False,False,,True,True,"heckpoint. No nudity or pornography is involved in the training process.  ===  + YOU ARE NOT ALLOWED TO SHARE NUDITY AND/OR PORNOGRAPHIC CONTENT (DEEPFAKES) OF FAMOUS PEOPLE (CELEBRITIES) MADE WITH MY LORAS. + THIS IS ILLEGAL IN ALMOST ALL COUNTRIES IN THE WORLD. THE AUTHOR REJECTS ANY RESPONSIBILITY F",False,False,,False,False,,False,False,False,apache-2.0,permissive,10k-100k,Tongyi-MAI/Z-Image,True
nvidia/Cosmos3-Super-Text2Image-4Step,nvidia,67525,14,"cosmos,diffusers,safetensors,cosmos3_omni,nvidia,cosmos3,vllm-omni,text-to-image,image-generation,arxiv:2405.14867,license:other,region:us",2026-07-07 01:00:22+00:00,2026-09-09,33187,True,False,False,,True,False,ow domains. Synthetic and simulation-based augmentation supplements coverage of rare physical interactions and edge-case scenarios. Deduplication and provenance tracking are applied across the corpus. The resulting processed data is converted into model-ready tokenized or encoded representations through modal,True,False,|  ### Synthetic Datasets  | Dataset                                 | Samples     | |-----------------------------------------|-------------| | synthetic images generated using HiDream-I1       | 15M         | | synthetic images generated using Qwen-Image-2512  | 14M         | | synthetic captions generated,True,True,"olating content across categories including weapons and weapons-related instructional content, criminal planning, child sexual abuse material (CSAM), non-consensual intimate imagery (NCII), sexual content involving minors, harassment, hate speech, profanity, threats and incitement to violence, self-harm or suicid",True,True,Trustworthy AI is a shared responsibility and we have established policies and practices to enable development for a wide array of AI applications.  Developers should work with their internal model team to ensure this model meets requirements for the relevant industry and use case and addresses unforeseen product m,False,False,,False,False,True,other,other,10k-100k,,False
LyliaEngine/waiIllustriousSDXL_v170,LyliaEngine,67290,16,"diffusers,text-to-image,lora,template:diffusion-lora,base_model:OnomaAIResearch/Illustrious-xl-early-release-v0,base_model:adapter:OnomaAIResearch/Illustrious-xl-early-release-v0,license:cdla-permissive-2.0,region:us",2026-05-15 01:38:15+00:00,2026-09-09,3150,True,False,False,,False,False,,False,False,,False,False,,True,True,"s steps: 20, Hires upscaler: R-ESRGAN 4x+ Anime6B,Denoising strength: 0.35~0.5  There are four safety rating tags: general, sensitive, nsfw,explicit. Users are expected to consciously add ""nsfw"" to negative prompts to filter inappropriate content.  Positive Prompt  ,masterpiece,best quality,amazing quality,   Negativ",False,False,,False,False,False,cdla-permissive-2.0,other,10k-100k,OnomaAIResearch/Illustrious-xl-early-release-v0,True
ideogram-ai/ideogram-4-fp8,ideogram-ai,65556,786,"diffusers,safetensors,text-to-image,image-generation,diffusion,flow-matching,dit,ideogram,license:other,diffusers:Ideogram4Pipeline,region:us",2026-05-30 23:40:55+00:00,2026-09-09,17068,True,True,False,"rom a single   prompt. - **State-of-the-art text rendering.** Ideogram 4 delivers best-in-class   in-image text generation (signage, logos, captions, watermarks, multi-line   text) with high fidelity directly from the prompt. - **Spatial layout control.** Bounding-box coordinates in the prompt allow   explici",False,False,,False,False,,False,False,,True,False,"rc/ideogram4/` take effect without reinstalling:  ```bash pip install -e . ```  ### Model access  The model weights are **gated** on Hugging Face, so you must accept the gate and authenticate before the code can download them — otherwise the download fails with a `404` / `GatedRepoError`.  1. Open the model",False,False,,False,False,True,other,other,10k-100k,,False
AlperKTS/Krea2_FP8,AlperKTS,65508,110,"diffusers,krea2,text-to-image,image-generation,dit,fp8,comfyui,krea,license:other,region:us",2026-06-22 23:50:01+00:00,2026-09-09,4730,True,False,False,,False,False,,False,False,,False,False,,False,False,,False,False,,False,False,False,other,other,10k-100k,,False
nunchaku-ai/nunchaku-qwen-image-edit,nunchaku-ai,65174,121,"diffusers,image-editing,SVDQuant,Qwen-Image-Edit,Diffusion,Quantization,ICLR2025,text-to-image,en,dataset:mit-han-lab/svdquant-datasets,arxiv:2411.05007,base_model:Qwen/Qwen-Image-Edit,base_model:quantized:Qwen/Qwen-Image-Edit,license:apache-2.0,region:us",2025-09-10 01:16:49+00:00,2026-09-09,7222,True,False,False,,False,False,,False,False,,False,False,,False,False,,False,False,,False,False,False,apache-2.0,permissive,10k-100k,Qwen/Qwen-Image-Edit,True
Runpod/FLUX.2-klein-4B-mflux-4bit,Runpod,64719,11,"mflux,safetensors,flux2-klein-4b,text-to-image,mlx,flux2,flux2-klein,quantized,4bit,apple-silicon,base_model:black-forest-labs/FLUX.2-klein-4B,base_model:finetune:black-forest-labs/FLUX.2-klein-4B,license:apache-2.0,region:us",2026-02-16 12:35:08+00:00,2026-09-09,2585,True,False,False,,False,False,,False,False,,False,False,,False,False,,False,False,,False,False,False,apache-2.0,permissive,10k-100k,black-forest-labs/FLUX.2-klein-4B,True
InstantX/InstantID,InstantX,57931,876,"diffusers,safetensors,text-to-image,en,arxiv:2401.07519,license:apache-2.0,region:us",2024-01-19 11:52:05+00:00,2026-09-09,4762,True,True,False,"ography, stained, highly detailed, found footage, masterpiece, best quality"" negative_prompt = ""(lowres, low quality, worst quality:1.2), (text:1.2), watermark, painting, drawing, illustration, glitch, deformed, mutated, cross-eyed, ugly, disfigured (lowres, low quality, worst quality:1.2), (text:1.2), water",False,False,,False,False,,True,True,"is tool, but they are obligated to comply with local laws and utilize it responsibly. The developers will not assume any responsibility for potential misuse by users.  ## Citation ```bibtex @article{wang2024instantid,   title={InstantID: Zero-shot Identity-Preserving Generation in Seconds},   author={Wang",False,False,,False,False,,False,False,True,apache-2.0,permissive,10k-100k,,False
latent-consistency/lcm-lora-sdxl,latent-consistency,57566,774,"diffusers,lora,text-to-image,arxiv:2311.05556,base_model:stabilityai/stable-diffusion-xl-base-1.0,base_model:adapter:stabilityai/stable-diffusion-xl-base-1.0,license:openrail++,region:us",2023-11-09 00:34:02+00:00,2026-09-09,9134,True,False,False,,False,False,,False,False,,False,False,,False,False,,False,False,,False,False,False,openrail++,RAIL family,10k-100k,stabilityai/stable-diffusion-xl-base-1.0,True
stablediffusionapi/juggernaut-reborn,stablediffusionapi,57467,3,"diffusers,modelslab.com,stable-diffusion-api,text-to-image,ultra-realistic,license:creativeml-openrail-m,endpoints_compatible,diffusers:StableDiffusionPipeline,region:us",2024-01-21 12:49:17+00:00,2026-09-09,2209,True,False,False,,False,False,,False,False,,False,False,,False,False,,False,False,,False,False,False,creativeml-openrail-m,RAIL family,10k-100k,,False
Gazingstars123/Anima-2.9B,Gazingstars123,56965,367,"diffusion-single-file,anima,comfyui,text-to-image,en,arxiv:2401.02415,base_model:circlestone-labs/Anima,base_model:finetune:circlestone-labs/Anima,license:other,region:us",2026-08-12 07:23:49+00:00,2026-09-09,4309,True,False,False,,False,False,,False,False,,False,False,,False,False,,False,False,,False,False,False,other,other,10k-100k,circlestone-labs/Anima,True
Tongyi-MAI/Z-Image,Tongyi-MAI,56112,1233,"diffusers,safetensors,text-to-image,en,arxiv:2511.22699,license:apache-2.0,diffusers:ZImagePipeline,region:us,deploy:azure",2026-01-23 10:02:00+00:00,2026-09-09,5367,True,False,False,,False,False,,False,False,,False,False,,False,False,,False,False,,False,False,False,apache-2.0,permissive,10k-100k,,False
XLabs-AI/flux-ip-adapter,XLabs-AI,53515,430,"diffusers,Stable Diffusion,image-generation,Flux,controlnet,text-to-image,en,license:other,region:us",2024-08-20 20:47:30+00:00,2026-09-09,2682,True,False,False,,False,False,,False,False,,False,False,,False,False,,False,False,,False,False,False,other,other,10k-100k,,False
xinsir/controlnet-scribble-sdxl-1.0,xinsir,53110,268,"diffusers,safetensors,text-to-image,arxiv:2302.05543,license:apache-2.0,region:us",2024-05-12 15:15:08+00:00,2026-09-09,10380,True,False,False,,False,False,,False,False,,False,False,,False,False,,False,False,,False,False,False,apache-2.0,permissive,10k-100k,,False
ByteDance/Hyper-SD,ByteDance,52248,1349,"diffusers,lora,text-to-image,stable-diffusion,flux,arxiv:2404.13686,base_model:black-forest-labs/FLUX.1-dev,base_model:adapter:black-forest-labs/FLUX.1-dev,region:us",2024-04-20 06:34:54+00:00,2026-09-09,19979,True,False,False,,False,False,,False,False,,False,False,,False,False,,False,False,,False,False,False,,unspecified,10k-100k,black-forest-labs/FLUX.1-dev,True
ifmylove2011/girlslike-krea2,ifmylove2011,52229,86,"diffusers,lora,girlslike,krea2,text-to-image,base_model:krea/Krea-2-Raw,base_model:adapter:krea/Krea-2-Raw,license:apache-2.0,region:us",2026-07-20 02:02:01+00:00,2026-09-09,11877,True,False,False,,False,False,,False,False,,False,False,,False,False,,False,False,,False,False,False,apache-2.0,permissive,10k-100k,krea/Krea-2-Raw,True
RunDiffusion/Juggernaut-XI-v11,RunDiffusion,50596,153,"diffusers,stable-diffusion,stable-diffusion-xl,sdxl,text-to-image,photorealistic,photography,cinematic,portrait,juggernaut,rundiffusion,kandooai,en,base_model:stabilityai/stable-diffusion-xl-base-1.0,base_model:finetune:stabilityai/stable-diffusion-xl-base-1.0,license:cc-by-nc-nd-4.0,endpoints_compatible,diffusers:StableDiffusionXLPipeline,region:us",2024-07-11 15:47:22+00:00,2026-09-09,8609,True,False,False,,False,False,,False,False,,False,False,,True,False,"%20Free%20%E2%86%92-7C3AED?style=for-the-badge&labelColor=7C3AED""></a> </div>  ### 💻 Or run it locally — Diffusers  > **Note:** XI is a gated model — you must accept the terms above and authenticate with `huggingface-cli login` (or set `HF_TOKEN`) before pulling weights.  ```python import torch from diffuse",False,False,,False,False,False,cc-by-nc-nd-4.0,non-commercial,10k-100k,stabilityai/stable-diffusion-xl-base-1.0,True
city96/Qwen-Image-gguf,city96,50279,294,"gguf,text-to-image,en,zh,base_model:Qwen/Qwen-Image,base_model:quantized:Qwen/Qwen-Image,license:apache-2.0,region:us",2025-08-05 12:18:44+00:00,2026-09-09,1714,True,False,False,,False,False,,False,False,,False,False,,False,False,,False,False,,False,False,False,apache-2.0,permissive,10k-100k,Qwen/Qwen-Image,True
John6666/hassaku-xl-illustrious-v31-sdxl,John6666,49141,2,"diffusers,safetensors,text-to-image,stable-diffusion,stable-diffusion-xl,anime,hentai,characters,woman,girls,bright and distinct anime style,artists,LoRA friendly,merge,Illustrious XL v1.0,Illustrious XL v2.0,illustrious,en,base_model:OnomaAIResearch/Illustrious-XL-v1.0,base_model:merge:OnomaAIResearch/Illustrious-XL-v1.0,base_model:OnomaAIResearch/Illustrious-XL-v2.0,base_model:merge:OnomaAIResearch/Illustrious-XL-v2.0,license:other,endpoints_compatible,diffusers:StableDiffusionXLPipeline,region:us",2025-10-06 10:48:10+00:00,2026-09-09,151,False,False,False,,False,False,,False,False,,False,False,,False,False,,False,False,,False,False,False,other,other,10k-100k,OnomaAIResearch/Illustrious-XL-v1.0,True
John6666/prefect-illustrious-xl-v3-sdxl,John6666,47910,2,"diffusers,safetensors,text-to-image,stable-diffusion,stable-diffusion-xl,anime,girls,styles,lighting,texture,clean,color balance,prompt understanding,merge,noobai,Illustrious XL v1.0,illustrious,en,base_model:Laxhar/noobai-XL-1.1,base_model:merge:Laxhar/noobai-XL-1.1,base_model:OnomaAIResearch/Illustrious-XL-v1.0,base_model:merge:OnomaAIResearch/Illustrious-XL-v1.0,license:other,endpoints_compatible,diffusers:StableDiffusionXLPipeline,region:us",2025-08-13 23:57:10+00:00,2026-09-09,181,False,False,False,,False,False,,False,False,,False,False,,False,False,,False,False,,False,False,False,other,other,10k-100k,Laxhar/noobai-XL-1.1,True
stabilityai/stable-diffusion-3-medium-diffusers,stabilityai,47251,472,"diffusers,safetensors,text-to-image,stable-diffusion,en,arxiv:2403.03206,license:other,diffusers:StableDiffusion3Pipeline,region:us",2024-06-12 16:21:22+00:00,2026-09-09,6642,True,False,False,,False,False,,False,False,,True,True,"itations of generative models.  All uses of the model should be in accordance with our [Acceptable Use Policy](https://stability.ai/use-policy).  ### Out-of-Scope Uses  The model was not trained to be factual or true representations of people or events.  As such, using the model to generate such content is out-of-s",True,True,"does not guarantee that all possible harmful content has been removed. The model may, at times, generate toxic or biased content.  All developers and deployers should exercise caution and implement content safety guardrails based on their specific product policies and application use cases. * Misuse: Technical limi",False,False,,False,False,False,other,other,10k-100k,,False
vantagewithai/Krea-2-Turbo-GGUF,vantagewithai,46627,140,"diffusers,gguf,text-to-image,en,base_model:krea/Krea-2-Turbo,base_model:quantized:krea/Krea-2-Turbo,license:other,region:us",2026-06-23 06:37:36+00:00,2026-09-09,6236,True,False,False,,False,False,,False,False,,True,True,"s, including image generation, concepting, design exploration, visual production workflows, and integration into applications and creative tools.  ## Out-of-Scope Uses  This model is not intended or designed for uses that violate applicable law or regulations, infringe or misappropriate third-party rights, generate",True,True,"images.  Because this is also an open-weights release, Krea does not control downstream deployment of the model. Under the Krea 2 Community License, deployers are required to implement content filtering measures or equivalent review processes to prevent the generation or distribution of unlawful or policy-violating cont",False,False,,False,False,False,other,other,10k-100k,krea/Krea-2-Turbo,True
leejet/Z-Image-Turbo-GGUF,leejet,46574,58,"gguf,text-to-image,image-generation,stable-diffusion.cpp,z-image-turbo,z-image,en,zh,base_model:Tongyi-MAI/Z-Image-Turbo,base_model:quantized:Tongyi-MAI/Z-Image-Turbo,license:apache-2.0,region:us",2025-11-30 15:34:37+00:00,2026-09-09,1776,True,False,False,,False,False,,False,False,,False,False,,False,False,,False,False,,False,False,False,apache-2.0,permissive,10k-100k,Tongyi-MAI/Z-Image-Turbo,True
cyberdelia/CyberRealisticPony,cyberdelia,45366,123,"diffusers,stable-diffusion,sdxl,text-to-image,photorealistic,cyberrealistic,pony,image-generation,license:creativeml-openrail-m,region:us",2024-05-09 10:12:22+00:00,2026-09-09,2055,True,False,False,,False,False,,False,False,,False,False,,False,False,,False,False,,False,False,False,creativeml-openrail-m,RAIL family,10k-100k,,False
lodestones/Chroma1-Base,lodestones,44168,115,"diffusers,safetensors,text-to-image,license:apache-2.0,diffusers:ChromaPipeline,region:us,deploy:azure",2025-07-29 02:37:28+00:00,2026-09-09,5547,True,False,False,,False,False,,False,False,,False,False,,True,True,"hat may be considered harmful, explicit, or offensive. I encourage developers to implement appropriate safeguards and ethical considerations in their downstream applications.  ## Summary of Architectural Modifications *(For a full breakdown, tech report soon-ish.)*  *   **12B → 8.9B Parameters:**     *   **TL;DR:** I rep",False,False,,False,False,False,apache-2.0,permissive,10k-100k,,False
offgrid-ai/pony-diffusion-v6-xl-GGUF,offgrid-ai,44158,3,"gguf,stable-diffusion,sdxl,image-generation,quantized,off-grid,text-to-image,base_model:LyliaEngine/Pony_Diffusion_V6_XL,base_model:quantized:LyliaEngine/Pony_Diffusion_V6_XL,license:creativeml-openrail-m,region:us",2026-06-24 12:48:12+00:00,2026-09-09,1244,True,False,False,,False,False,,False,False,,False,False,,False,False,,False,False,,False,False,False,creativeml-openrail-m,RAIL family,10k-100k,LyliaEngine/Pony_Diffusion_V6_XL,True
drbaph/HiDream-O1-Image-FP8,drbaph,43296,9,"diffusers,safetensors,qwen3_vl,comfyui,text-to-image,image-editing,fp8,quantized,image-text-to-image,en,zh,license:mit,region:us",2026-05-09 22:25:32+00:00,2026-09-09,4979,True,False,False,,False,False,,False,False,,False,False,,False,False,,False,False,,False,False,False,mit,permissive,10k-100k,,False
silveroxides/Chroma-GGUF,silveroxides,42142,245,"gguf,text-to-image,base_model:lodestones/Chroma,base_model:quantized:lodestones/Chroma,license:apache-2.0,region:us",2025-02-24 13:07:36+00:00,2026-09-09,3822,True,False,False,,False,False,,False,False,,False,False,,False,False,,False,False,,False,False,False,apache-2.0,permissive,10k-100k,lodestones/Chroma,True
diroverflo/FLux_Klein_9B_NSFW,diroverflo,41395,60,"diffusers,text-to-image,lora,template:diffusion-lora,base_model:black-forest-labs/FLUX.2-klein-base-9B,base_model:adapter:black-forest-labs/FLUX.2-klein-base-9B,license:apache-2.0,region:us,not-for-all-audiences",2026-02-24 09:30:36+00:00,2026-09-09,604,True,False,False,,False,False,,False,False,,False,False,,False,False,,False,False,,False,False,False,apache-2.0,permissive,10k-100k,black-forest-labs/FLUX.2-klein-base-9B,True
blueflame749/Z-Image-Lora,blueflame749,41224,0,"diffusers,text-to-image,lora,safetensors,z-image,base_model:Tongyi-MAI/Z-Image,base_model:adapter:Tongyi-MAI/Z-Image,license:apache-2.0,region:us",2026-06-24 10:07:05+00:00,2026-09-09,22032,True,False,False,,False,False,,False,False,,True,True,"heckpoint. No nudity or pornography is involved in the training process.  ===  + YOU ARE NOT ALLOWED TO SHARE NUDITY AND/OR PORNOGRAPHIC CONTENT (DEEPFAKES) OF FAMOUS PEOPLE (CELEBRITIES) MADE WITH MY LORAS. + THIS IS ILLEGAL IN ALMOST ALL COUNTRIES IN THE WORLD. THE AUTHOR REJECTS ANY RESPONSIBILITY F",False,False,,False,False,,False,False,False,apache-2.0,permissive,10k-100k,Tongyi-MAI/Z-Image,True
Kokosha01/Wan2.2_StrangeNames,Kokosha01,41024,1,"diffusers,onnx,text-to-image,lora,template:diffusion-lora,base_model:Tongyi-MAI/Z-Image-Turbo,base_model:adapter:Tongyi-MAI/Z-Image-Turbo,license:creativeml-openrail-m,region:us",2026-03-12 20:22:06+00:00,2026-09-09,153,False,False,False,,False,False,,False,False,,False,False,,False,False,,False,False,,False,False,False,creativeml-openrail-m,RAIL family,10k-100k,Tongyi-MAI/Z-Image-Turbo,True
Manojb/stable-diffusion-2-1-base,Manojb,39578,61,"diffusers,safetensors,stable-diffusion,text-to-image,arxiv:2112.10752,arxiv:2202.00512,arxiv:1910.09700,license:openrail++,endpoints_compatible,diffusers:StableDiffusionPipeline,region:us",2025-06-13 20:34:50+00:00,2026-09-09,12394,True,False,False,,False,False,,False,False,,True,True,"of people or their environments, cultures, religions, etc. - Intentionally promoting or propagating discriminatory content or harmful stereotypes. - Impersonating individuals without their consent. - Sexual content without consent of the people who might see it. - Mis- and disinformation - Representations of",False,False,,False,False,,False,False,False,openrail++,RAIL family,10k-100k,,False
Qwen/Qwen-Image-Bench,Qwen,39120,95,"transformers,safetensors,qwen3_5,image-text-to-text,judge-model,text-to-image,evaluation,benchmark,qwen,conversational,en,zh,arxiv:2605.28091,base_model:Qwen/Qwen3.6-27B,base_model:finetune:Qwen/Qwen3.6-27B,license:apache-2.0,endpoints_compatible,region:us,deploy:azure",2026-05-21 04:15:56+00:00,2026-09-09,10616,True,False,False,,False,False,,False,False,,False,False,,False,False,,False,False,,False,False,False,apache-2.0,permissive,10k-100k,Qwen/Qwen3.6-27B,True
wikeeyang/Flux2-Klein-9B-True-V3,wikeeyang,38146,147,"diffusers,gguf,text-to-image,en,zh,base_model:black-forest-labs/FLUX.2-klein-9B,base_model:finetune:black-forest-labs/FLUX.2-klein-9B,license:apache-2.0,region:us",2026-06-25 01:41:31+00:00,2026-09-09,5517,True,False,False,,False,False,,False,False,,False,False,,False,False,,False,False,,False,False,False,apache-2.0,permissive,10k-100k,black-forest-labs/FLUX.2-klein-9B,True
kukidevalml/Z-Image-Lora,kukidevalml,37868,1,"diffusers,text-to-image,lora,safetensors,z-image,base_model:Tongyi-MAI/Z-Image,base_model:adapter:Tongyi-MAI/Z-Image,license:apache-2.0,region:us",2026-06-10 08:35:13+00:00,2026-09-09,21208,True,False,False,,False,False,,False,False,,True,True,"heckpoint. No nudity or pornography is involved in the training process.  ===  + YOU ARE NOT ALLOWED TO SHARE NUDITY AND/OR PORNOGRAPHIC CONTENT (DEEPFAKES) OF FAMOUS PEOPLE (CELEBRITIES) MADE WITH MY LORAS. + THIS IS ILLEGAL IN ALMOST ALL COUNTRIES IN THE WORLD. THE AUTHOR REJECTS ANY RESPONSIBILITY F",False,False,,False,False,,False,False,False,apache-2.0,permissive,10k-100k,Tongyi-MAI/Z-Image,True
SDim1973/Z-Image-Loras,SDim1973,37202,0,"diffusers,text-to-image,lora,safetensors,z-image,base_model:Tongyi-MAI/Z-Image,base_model:adapter:Tongyi-MAI/Z-Image,license:apache-2.0,region:us",2026-05-31 13:01:28+00:00,2026-09-09,20230,True,False,False,,False,False,,False,False,,True,True,"heckpoint. No nudity or pornography is involved in the training process.  ===  + YOU ARE NOT ALLOWED TO SHARE NUDITY AND/OR PORNOGRAPHIC CONTENT (DEEPFAKES) OF FAMOUS PEOPLE (CELEBRITIES) MADE WITH MY LORAS. + THIS IS ILLEGAL IN ALMOST ALL COUNTRIES IN THE WORLD. THE AUTHOR REJECTS ANY RESPONSIBILITY F",False,False,,False,False,,False,False,False,apache-2.0,permissive,10k-100k,Tongyi-MAI/Z-Image,True
LoliRimuru/moeFussion,LoliRimuru,36850,295,"diffusers,art,anime,text-to-image,license:creativeml-openrail-m,region:us",2023-02-28 21:14:14+00:00,2026-09-09,4906,True,False,False,,False,False,,False,False,,False,False,,False,False,,False,False,,False,False,False,creativeml-openrail-m,RAIL family,10k-100k,,False
ponpoke/flux2-klein-9b-uncensored-text-encoder,ponpoke,35950,547,"safetensors,gguf,qwen3,text-to-image,flux2,klein,GGUF,text-generation-inference,uncensored,abliterated,abliteration,en,ja,base_model:black-forest-labs/FLUX.2-klein-9B,base_model:quantized:black-forest-labs/FLUX.2-klein-9B,license:other,endpoints_compatible,region:us,conversational",2026-04-30 16:44:38+00:00,2026-09-09,11228,True,False,False,,False,False,,False,False,,False,False,,False,False,,False,False,,False,False,False,other,other,10k-100k,black-forest-labs/FLUX.2-klein-9B,True
jayn7/Z-Image-Turbo-GGUF,jayn7,35520,391,"gguf,text-to-image,image-generation,base_model:Tongyi-MAI/Z-Image-Turbo,base_model:quantized:Tongyi-MAI/Z-Image-Turbo,license:apache-2.0,region:us",2025-11-27 06:37:27+00:00,2026-09-09,3709,True,False,False,,False,False,,False,False,,False,False,,False,False,,False,False,,False,False,False,apache-2.0,permissive,10k-100k,Tongyi-MAI/Z-Image-Turbo,True
unsloth/Z-Image-GGUF,unsloth,35424,193,"ggml,gguf,unsloth,quantized,text-to-image,en,arxiv:2511.22699,base_model:Tongyi-MAI/Z-Image,base_model:quantized:Tongyi-MAI/Z-Image,license:apache-2.0,region:us",2026-01-27 23:10:23+00:00,2026-09-09,6238,True,False,False,,False,False,,False,False,,False,False,,False,False,,False,False,,False,False,False,apache-2.0,permissive,10k-100k,Tongyi-MAI/Z-Image,True
ifmylove2011/girlslike-zimage,ifmylove2011,35334,54,"diffusers,lora,girlslike,z-image,text-to-image,base_model:Tongyi-MAI/Z-Image,base_model:adapter:Tongyi-MAI/Z-Image,license:apache-2.0,region:us",2025-12-18 01:53:13+00:00,2026-09-09,23466,True,False,False,,False,False,,False,False,,False,False,,False,False,,False,False,,False,False,False,apache-2.0,permissive,10k-100k,Tongyi-MAI/Z-Image,True
ostris/zimage_turbo_training_adapter,ostris,35140,146,"diffusers,text-to-image,lora,template:diffusion-lora,base_model:Tongyi-MAI/Z-Image-Turbo,base_model:adapter:Tongyi-MAI/Z-Image-Turbo,license:apache-2.0,region:us",2025-11-28 14:57:04+00:00,2026-09-09,2372,True,False,False,,False,False,,False,False,,False,False,,False,False,,False,False,,False,False,False,apache-2.0,permissive,10k-100k,Tongyi-MAI/Z-Image-Turbo,True
Sudanl/stable-diffusion-2-1-base-custom,Sudanl,34928,1,"diffusers,tensorboard,safetensors,text-to-image,stable-diffusion,stable-diffusion-diffusers,custom-diffusion,diffusers-training,base_model:stabilityai/stable-diffusion-2-1-base,base_model:adapter:stabilityai/stable-diffusion-2-1-base,license:creativeml-openrail-m,region:us",2024-09-06 19:44:11+00:00,2026-09-09,948,True,False,False,,False,False,,False,False,,False,False,,False,False,,False,False,,False,False,False,creativeml-openrail-m,RAIL family,10k-100k,stabilityai/stable-diffusion-2-1-base,True
RudySen/Krea2-realism-V2,RudySen,34685,180,"diffusers,text-to-image,lora,template:diffusion-lora,base_model:krea/Krea-2-Turbo,base_model:adapter:krea/Krea-2-Turbo,license:mit,region:us",2026-07-02 19:00:04+00:00,2026-09-09,1625,True,False,False,,False,False,,False,False,,False,False,,False,False,,False,False,,False,False,False,mit,permissive,10k-100k,krea/Krea-2-Turbo,True
John6666/autismmix-sdxl-autismmix-pony-sdxl,John6666,32895,6,"diffusers,safetensors,text-to-image,stable-diffusion,stable-diffusion-xl,anime,pony,en,license:other,endpoints_compatible,diffusers:StableDiffusionXLPipeline,region:us",2024-09-20 21:46:34+00:00,2026-09-09,166,False,False,False,,False,False,,False,False,,False,False,,False,False,,False,False,,False,False,False,other,other,10k-100k,,False
cyberdelia/CyberRealisticXL,cyberdelia,32639,39,"diffusers,stable-diffusion-xl,sd-xl,text-to-image,photorealistic,cyberrealistic,image-generation,license:creativeml-openrail-m,region:us",2024-02-21 11:44:28+00:00,2026-09-09,2021,True,False,False,,False,False,,False,False,,False,False,,False,False,,False,False,,False,False,False,creativeml-openrail-m,RAIL family,10k-100k,,False
monadical-labs/minecraft-skin-generator-sdxl,monadical-labs,31906,31,"diffusers,safetensors,minecraft,skins,gaming,stable diffusion,stable diffusion xl,text-to-image,en,license:openrail,endpoints_compatible,diffusers:StableDiffusionXLPipeline,region:us",2024-02-19 15:38:21+00:00,2026-09-09,2043,True,False,False,,False,False,,False,False,,False,False,,False,False,,False,False,,False,False,False,openrail,RAIL family,10k-100k,,False
CBLKG/Z-Image-Lora,CBLKG,31672,2,"diffusers,text-to-image,lora,safetensors,template:diffusion-lora,z-image,dataset:nphSi/LoRa_Datasets,base_model:Tongyi-MAI/Z-Image,base_model:adapter:Tongyi-MAI/Z-Image,license:apache-2.0,region:us",2026-04-26 03:37:52+00:00,2026-09-09,16500,True,False,False,,False,False,,False,False,,True,True,"heckpoint. No nudity or pornography is involved in the training process.  ===  + YOU ARE NOT ALLOWED TO SHARE NUDITY AND/OR PORNOGRAPHIC CONTENT (DEEPFAKES) OF FAMOUS PEOPLE (CELEBRITIES) MADE WITH MY LORAS. + THIS IS ILLEGAL IN ALMOST ALL COUNTRIES IN THE WORLD. THE AUTHOR REJECTS ANY RESPONSIBILITY F",False,False,,False,False,,False,False,False,apache-2.0,permissive,10k-100k,Tongyi-MAI/Z-Image,True
lustlyai/Flux_Lustly.ai_Uncensored_nsfw_v1,lustlyai,31122,274,"diffusers,nsfw,uncensored,not-for-all-audiences,nudity,lora,safetensors,stable-diffusion,fluxpipeline,flux,text-to-image,base_model:black-forest-labs/FLUX.1-dev,base_model:adapter:black-forest-labs/FLUX.1-dev,license:creativeml-openrail-m,region:us",2024-10-21 16:10:35+00:00,2026-09-09,2142,True,False,False,,False,False,,False,False,,False,False,,False,False,,False,False,,False,False,False,creativeml-openrail-m,RAIL family,10k-100k,black-forest-labs/FLUX.1-dev,True
digiplay/Photon_v1,digiplay,30511,41,"diffusers,safetensors,stable-diffusion,stable-diffusion-diffusers,text-to-image,license:other,endpoints_compatible,diffusers:StableDiffusionPipeline,region:us",2023-06-08 19:02:37+00:00,2026-09-09,192,False,False,False,,False,False,,False,False,,False,False,,False,False,,False,False,,False,False,False,other,other,10k-100k,,False
Phil2Sat/Qwen-Image-Edit-Rapid-AIO-GGUF,Phil2Sat,30261,257,"comfyUI,gguf,qwen,qwen-edit,t2i,i2i,text-to-image,base_model:Phr00t/Qwen-Image-Edit-Rapid-AIO,base_model:quantized:Phr00t/Qwen-Image-Edit-Rapid-AIO,license:apache-2.0,endpoints_compatible,region:us,conversational",2025-10-16 11:32:49+00:00,2026-09-09,1431,True,False,False,,False,False,,False,False,,False,False,,False,False,,False,False,,False,False,False,apache-2.0,permissive,10k-100k,Phr00t/Qwen-Image-Edit-Rapid-AIO,True
second-state/stable-diffusion-v1-5-GGUF,second-state,28237,36,"gguf,stable-diffusion,stable-diffusion-diffusers,text-to-image,base_model:runwayml/stable-diffusion-v1-5,base_model:quantized:runwayml/stable-diffusion-v1-5,license:creativeml-openrail-m,region:us",2024-07-09 14:30:10+00:00,2026-09-09,3069,True,False,False,,False,False,,False,False,,False,False,,False,False,,False,False,,False,False,False,creativeml-openrail-m,RAIL family,10k-100k,runwayml/stable-diffusion-v1-5,True
argmaxinc/mlx-FLUX.1-schnell-4bit-quantized,argmaxinc,27388,37,"diffusionkit,text-to-image,image-generation,flux,mlx,en,license:apache-2.0,region:us",2024-08-20 17:07:20+00:00,2026-09-09,1008,True,False,False,,False,False,,False,False,,False,False,,False,False,,False,False,,False,False,False,apache-2.0,permissive,10k-100k,,False
leejet/FLUX.2-klein-9B-GGUF,leejet,26654,7,"gguf,text-to-image,image-generation,stable-diffusion.cpp,en,zh,base_model:black-forest-labs/FLUX.2-klein-9B,base_model:quantized:black-forest-labs/FLUX.2-klein-9B,region:us",2026-01-17 06:46:20+00:00,2026-09-09,370,True,False,False,,False,False,,False,False,,False,False,,False,False,,False,False,,False,False,False,,unspecified,10k-100k,black-forest-labs/FLUX.2-klein-9B,True
hf1593/Z-Image-Lora,hf1593,26301,1,"diffusers,text-to-image,lora,safetensors,template:diffusion-lora,z-image,dataset:nphSi/LoRa_Datasets,base_model:Tongyi-MAI/Z-Image,base_model:adapter:Tongyi-MAI/Z-Image,license:apache-2.0,region:us",2026-04-12 09:32:48+00:00,2026-09-09,14884,True,False,False,,False,False,,False,False,,True,True,"heckpoint. No nudity or pornography is involved in the training process.  ===  + YOU ARE NOT ALLOWED TO SHARE NUDITY AND/OR PORNOGRAPHIC CONTENT (DEEPFAKES) OF FAMOUS PEOPLE (CELEBRITIES) MADE WITH MY LORAS. + THIS IS ILLEGAL IN ALMOST ALL COUNTRIES IN THE WORLD. THE AUTHOR REJECTS ANY RESPONSIBILITY F",False,False,,False,False,,False,False,False,apache-2.0,permissive,10k-100k,Tongyi-MAI/Z-Image,True
deepseek-community/Janus-Pro-1B,deepseek-community,25830,16,"transformers,safetensors,janus,image-text-to-text,muiltimodal,text-to-image,unified-model,any-to-any,arxiv:2501.17811,license:mit,endpoints_compatible,region:us",2025-03-01 14:42:15+00:00,2026-09-09,4797,True,False,False,,False,False,,False,False,,False,False,,False,False,,False,False,,False,False,False,mit,permissive,10k-100k,,False
John6666/true-pencil-xl-v100-sdxl,John6666,25725,0,"diffusers,safetensors,text-to-image,stable-diffusion,stable-diffusion-xl,anime,girls,illustration,unstable,interesting,Illustrious XL v2.0,illustrious,en,base_model:bluepen5805/true_pencil-XL,base_model:finetune:bluepen5805/true_pencil-XL,license:other,endpoints_compatible,diffusers:StableDiffusionXLPipeline,region:us",2025-07-02 11:53:39+00:00,2026-09-09,307,True,False,False,,False,False,,False,False,,False,False,,False,False,,False,False,,False,False,False,other,other,10k-100k,bluepen5805/true_pencil-XL,True
ostris/z_image_turbo_childrens_drawings,ostris,25239,40,"diffusers,text-to-image,lora,template:diffusion-lora,base_model:Tongyi-MAI/Z-Image-Turbo,base_model:adapter:Tongyi-MAI/Z-Image-Turbo,license:apache-2.0,region:us",2025-11-29 19:16:49+00:00,2026-09-09,402,True,False,False,,False,False,,False,False,,False,False,,False,False,,False,False,,False,False,False,apache-2.0,permissive,10k-100k,Tongyi-MAI/Z-Image-Turbo,True
nunchaku-ai/nunchaku-flux.1-schnell,nunchaku-ai,24425,13,"diffusers,text-to-image,SVDQuant,FLUX.1-schnell,FLUX.1,Diffusion,Quantization,ICLR2025,en,dataset:mit-han-lab/svdquant-datasets,arxiv:2411.05007,base_model:black-forest-labs/FLUX.1-schnell,base_model:quantized:black-forest-labs/FLUX.1-schnell,license:apache-2.0,region:us",2025-07-17 00:38:48+00:00,2026-09-09,3105,True,False,False,,False,False,,False,False,,False,False,,False,False,,False,False,,False,False,False,apache-2.0,permissive,10k-100k,black-forest-labs/FLUX.1-schnell,True
wikeeyang/Krea2-Turbo-HD-V1,wikeeyang,24376,95,"diffusers,gguf,text-to-image,en,zh,base_model:krea/Krea-2-Turbo,base_model:finetune:krea/Krea-2-Turbo,license:other,region:us",2026-07-05 02:12:41+00:00,2026-09-09,4191,True,False,False,,False,False,,False,False,,False,False,,False,False,,False,False,,False,False,False,other,other,10k-100k,krea/Krea-2-Turbo,True
lovis93/testllm,lovis93,24332,13,"diffusers,safetensors,text-to-image,image-generation,flux,en,license:other,endpoints_compatible,diffusers:FluxPipeline,region:us",2024-10-17 12:24:36+00:00,2026-09-09,3937,True,False,False,,False,False,,False,False,,True,True,"e information that can be used to harm an individual. - To harass, abuse, threaten, stalk, or bully individuals or groups of individuals. - To create non-consensual nudity or illegal pornographic content. - For fully automated decision making that adversely impacts an individual's legal rights or otherwise create",False,False,,False,False,,False,False,False,other,other,10k-100k,,False
xinsir/controlnet-canny-sdxl-1.0,xinsir,23815,205,"diffusers,safetensors,text_to_image,controlnet,controlnet-canny-sdxl-1.0,text-to-image,arxiv:2302.05543,license:apache-2.0,region:us",2024-05-10 14:15:32+00:00,2026-09-09,9425,True,False,False,,False,False,,False,False,,False,False,,False,False,,False,False,,False,False,False,apache-2.0,permissive,10k-100k,,False
stanfordmimi/Merlin,stanfordmimi,23801,36,"merlin,text-to-image,en,license:mit,region:us",2024-07-18 23:35:41+00:00,2026-09-09,2809,True,False,False,,False,False,,False,False,,False,False,,False,False,,False,False,,False,False,False,mit,permissive,10k-100k,,False
Lykon/dreamshaper-xl-v2-turbo,Lykon,23313,86,"diffusers,safetensors,stable-diffusion,stable-diffusion-diffusers,stable-diffusion-xl,stable-diffusion-xl-turbo,text-to-image,art,artistic,anime,dreamshaper,turbo,lcm,en,license:openrail++,endpoints_compatible,diffusers:StableDiffusionXLPipeline,region:us",2024-02-07 20:27:57+00:00,2026-09-09,1257,True,False,False,,False,False,,False,False,,False,False,,False,False,,False,False,,False,False,False,openrail++,RAIL family,10k-100k,,False
Shar514/Flux-Uncensored-V2,Shar514,22954,25,"diffusers,text-to-image,stable-diffusion,lora,fluxpipeline,flux,not-for-all-audiences,image-to-image,base_model:black-forest-labs/FLUX.1-dev,base_model:adapter:black-forest-labs/FLUX.1-dev,license:creativeml-openrail-m,region:us",2026-05-11 17:33:37+00:00,2026-09-09,4084,True,False,False,,False,False,,False,False,,False,False,,True,True,"for research and personal use, and adheres to the non-commercial license terms.  > **Warning:** This model allows the generation of explicit content. Users should exercise caution and adhere to legal and ethical guidelines.  ## What's New in v2?  - **Improved Performance:** The model has been optimized for bett",False,False,,False,False,False,creativeml-openrail-m,RAIL family,10k-100k,black-forest-labs/FLUX.1-dev,True
diffusers/controlnet-depth-sdxl-1.0,diffusers,22852,208,"diffusers,safetensors,stable-diffusion-xl,stable-diffusion-xl-diffusers,text-to-image,controlnet,base_model:stabilityai/stable-diffusion-xl-base-1.0,base_model:adapter:stabilityai/stable-diffusion-xl-base-1.0,license:openrail++,region:us",2023-08-12 17:23:20+00:00,2026-09-09,3345,True,False,False,,False,False,,False,False,,False,False,,False,False,,False,False,,False,False,False,openrail++,RAIL family,10k-100k,stabilityai/stable-diffusion-xl-base-1.0,True
WANG-CC/flux2-klein-9b-uncensored-text-encoder-Q8_0-GGUF,WANG-CC,22521,5,"gguf,text-to-image,flux2,klein,GGUF,safetensors,text-generation-inference,uncensored,abliterated,abliteration,llama-cpp,gguf-my-repo,en,ja,base_model:ponpoke/flux2-klein-9b-uncensored-text-encoder,base_model:quantized:ponpoke/flux2-klein-9b-uncensored-text-encoder,license:other,endpoints_compatible,region:us",2026-07-13 11:48:06+00:00,2026-09-09,1886,True,False,False,,False,False,,False,False,,False,False,,False,False,,False,False,,False,False,False,other,other,10k-100k,ponpoke/flux2-klein-9b-uncensored-text-encoder,True
Granddyser/flux-klein-9b-Biglove-Collection,Granddyser,22493,49,"diffusers,gguf,flux,flux2,flux-klein,fp8,quantized,text-to-image,image-generation,base_model:black-forest-labs/FLUX.2-klein-base-9B,base_model:quantized:black-forest-labs/FLUX.2-klein-base-9B,license:cc-by-nc-4.0,region:us",2026-03-05 23:12:40+00:00,2026-09-09,2710,True,False,False,,False,False,,False,False,,False,False,,False,False,,False,False,,False,False,False,cc-by-nc-4.0,non-commercial,10k-100k,black-forest-labs/FLUX.2-klein-base-9B,True
Wuli-art/Qwen-Image-2512-Turbo-LoRA-2-Steps,Wuli-art,22089,127,"diffusers,Qwen,distillation,lora,text-to-image,en,zh,base_model:Qwen/Qwen-Image-2512,base_model:adapter:Qwen/Qwen-Image-2512,license:apache-2.0,region:us",2026-01-28 09:26:53+00:00,2026-09-09,7465,True,False,False,,False,False,,False,False,,False,False,,False,False,,False,False,,False,False,False,apache-2.0,permissive,10k-100k,Qwen/Qwen-Image-2512,True
UnfilteredAI/NSFW-GEN-ANIME-v2,UnfilteredAI,22058,57,"diffusers,safetensors,NSFW,UnfilteredAI,Anime,Text-to-Image,text-to-image,en,base_model:HelpingAI/PixelGen,base_model:finetune:HelpingAI/PixelGen,doi:10.57967/hf/2177,license:other,endpoints_compatible,diffusers:StableDiffusionXLPipeline,region:us,not-for-all-audiences",2024-05-03 08:33:53+00:00,2026-09-09,1671,True,False,False,,False,False,,False,False,,False,False,,False,False,,False,False,,False,False,False,other,other,10k-100k,HelpingAI/PixelGen,True
deepseek-community/deepseek-vl-1.3b-chat,deepseek-community,21705,3,"transformers,safetensors,deepseek_vl,image-text-to-text,muiltimodal,text-to-image,unified-model,conversational,arxiv:2403.05525,license:other,endpoints_compatible,region:us",2025-06-12 08:15:21+00:00,2026-09-09,10344,True,False,False,,False,False,,False,False,,False,False,,False,False,,False,False,,False,False,False,other,other,10k-100k,,False
nunchaku-ai/nunchaku-flux.1-dev,nunchaku-ai,21309,52,"diffusers,text-to-image,SVDQuant,FLUX.1-dev,FLUX.1,Diffusion,Quantization,ICLR2025,en,dataset:mit-han-lab/svdquant-datasets,arxiv:2411.05007,base_model:black-forest-labs/FLUX.1-dev,base_model:quantized:black-forest-labs/FLUX.1-dev,license:other,region:us",2025-07-17 00:41:11+00:00,2026-09-09,3518,True,False,False,,False,False,,False,False,,False,False,,False,False,,False,False,,False,False,False,other,other,10k-100k,black-forest-labs/FLUX.1-dev,True
diffusers/controlnet-canny-sdxl-1.0,diffusers,20982,535,"diffusers,safetensors,stable-diffusion-xl,stable-diffusion-xl-diffusers,text-to-image,base_model:runwayml/stable-diffusion-v1-5,base_model:finetune:runwayml/stable-diffusion-v1-5,license:openrail++,region:us",2023-08-01 04:34:46+00:00,2026-09-09,3404,True,False,False,,False,False,,False,False,,False,False,,False,False,,False,False,,False,False,False,openrail++,RAIL family,10k-100k,runwayml/stable-diffusion-v1-5,True
sensenova/SenseNova-U1-8B-MoT,sensenova,20939,291,"transformers,safetensors,neo_chat,feature-extraction,multimodal,text-to-image,image-to-text,image-editing,interleaved-generation,custom_code,any-to-any,arxiv:2605.12500,license:apache-2.0,region:us",2026-04-22 04:43:54+00:00,2026-09-09,45135,True,False,False,,False,False,,False,False,,False,False,,False,False,,False,False,,False,False,False,apache-2.0,permissive,10k-100k,,False
nunchaku-ai/nunchaku-flux.1-krea-dev,nunchaku-ai,20481,122,"diffusers,text-to-image,SVDQuant,FLUX.1-Krea-dev,FLUX.1,Diffusion,Quantization,ICLR2025,en,dataset:mit-han-lab/svdquant-datasets,arxiv:2411.05007,base_model:black-forest-labs/FLUX.1-Krea-dev,base_model:quantized:black-forest-labs/FLUX.1-Krea-dev,license:other,region:us",2025-08-01 05:11:14+00:00,2026-09-09,3752,True,False,False,,False,False,,False,False,,False,False,,False,False,,False,False,,False,False,False,other,other,10k-100k,black-forest-labs/FLUX.1-Krea-dev,True
deepseek-community/deepseek-vl-7b-chat,deepseek-community,20434,1,"transformers,safetensors,deepseek_vl_hybrid,image-text-to-text,muiltimodal,text-to-image,unified-model,conversational,arxiv:2403.05525,license:other,endpoints_compatible,region:us",2025-06-12 08:54:23+00:00,2026-09-09,10720,True,False,False,,False,False,,False,False,,False,False,,False,False,,False,False,,False,False,False,other,other,10k-100k,,False
QuantStack/FLUX.1-Krea-dev-GGUF,QuantStack,20339,142,"gguf,text-to-image,en,base_model:black-forest-labs/FLUX.1-Krea-dev,base_model:quantized:black-forest-labs/FLUX.1-Krea-dev,license:other,region:us",2025-07-31 14:16:47+00:00,2026-09-09,505,True,False,False,,False,False,,False,False,,False,False,,False,False,,False,False,,False,False,False,other,other,10k-100k,black-forest-labs/FLUX.1-Krea-dev,True
lvladikov/Krea2-Turbo-Distill-4step-LoRA,lvladikov,20324,108,"diffusers,lora,text-to-image,distillation,step-distillation,krea-2,base_model:krea/Krea-2-Turbo,base_model:adapter:krea/Krea-2-Turbo,license:other,region:us",2026-08-20 07:04:06+00:00,2026-09-09,72988,True,False,False,,False,False,,False,False,,False,False,,False,False,,False,False,,False,False,False,other,other,10k-100k,krea/Krea-2-Turbo,True
leejet/FLUX.2-klein-4B-GGUF,leejet,19624,11,"gguf,text-to-image,image-generation,stable-diffusion.cpp,en,zh,base_model:black-forest-labs/FLUX.2-klein-4B,base_model:quantized:black-forest-labs/FLUX.2-klein-4B,license:apache-2.0,region:us",2026-01-17 05:59:17+00:00,2026-09-09,303,True,False,False,,False,False,,False,False,,False,False,,False,False,,False,False,,False,False,False,apache-2.0,permissive,10k-100k,black-forest-labs/FLUX.2-klein-4B,True
tianweiy/DMD2,tianweiy,19566,246,"diffusers,text-to-image,stable-diffusion,diffusion distillation,arxiv:2405.14867,license:cc-by-nc-4.0,region:us",2024-05-23 00:19:26+00:00,2026-09-09,6645,True,False,False,,False,False,,False,False,,False,False,,False,False,,False,False,,False,False,False,cc-by-nc-4.0,non-commercial,10k-100k,,False
briaai/FIBO,briaai,19232,326,"diffusers,safetensors,art,text-to-image,en,arxiv:2511.06876,base_model:briaai/FIBO,base_model:finetune:briaai/FIBO,license:other,diffusers:BriaFiboPipeline,region:us",2025-10-09 11:55:45+00:00,2026-09-09,17492,True,False,False,,False,False,,False,False,,False,False,,False,False,,True,True,"n the dataset distribution. All assets are vetted for commercial use, attribution traceability, and regional compliance under GDPR and the <strong>EU AI Act</strong>. This broad and balanced dataset ensures FIBO’s ability to generalize across a wide range of visual domains, from realistic human imagery to",False,False,False,other,other,10k-100k,briaai/FIBO,True
lynaNSFW/DaSiWa_MiniMax_H3,lynaNSFW,18845,2,"diffusers,text-to-image,lora,template:diffusion-lora,base_model:lynaNSFW/minimaxH3_Collection,base_model:adapter:lynaNSFW/minimaxH3_Collection,region:us",2026-08-31 09:39:03+00:00,2026-09-09,269,True,False,False,,False,False,,False,False,,False,False,,False,False,,False,False,,False,False,False,,unspecified,10k-100k,lynaNSFW/minimaxH3_Collection,True
Heartsync/NSFW-Uncensored,Heartsync,18605,312,"diffusers,safetensors,stablediffusion,uncensored,nsfw,image,generation,text-to-image,en,license:mit,endpoints_compatible,diffusers:StableDiffusionXLPipeline,region:us,not-for-all-audiences",2025-05-05 08:29:52+00:00,2026-09-09,1736,True,False,False,,False,False,,False,False,,False,False,,False,False,,False,False,,False,False,False,mit,permissive,10k-100k,,False
lesliemore/z-image-turbo-nsfw-v2-GGUF,lesliemore,18568,8,"gguf,quantized,q8_0,z-image,comfyui,not-for-all-audiences,text-to-image,base_model:tewea/z_image_turbo_bf16_nsfw,base_model:quantized:tewea/z_image_turbo_bf16_nsfw,license:apache-2.0,region:us",2026-08-16 06:17:17+00:00,2026-09-09,1691,True,False,False,,False,False,,False,False,,False,False,,True,True,UF/tree/main/tools).  > ⚠️ **Content notice:** the base model is an NSFW finetune of Z-Image Turbo. Not for all audiences. Intended for adults only — you are responsible for complying with your local laws and the platform's terms of use.  ## Files  | File | Quant | Size | |------|-------|------| | `z_image_nsfw_v2-Q8_,False,False,,False,False,False,apache-2.0,permissive,10k-100k,tewea/z_image_turbo_bf16_nsfw,True
AX1Y2JP/Krea-2-Turbo-INT8-ConvRot,AX1Y2JP,18566,20,"diffusers,comfyui,text-to-image,base_model:krea/Krea-2-Turbo,base_model:quantized:krea/Krea-2-Turbo,license:other,region:us",2026-06-23 15:30:51+00:00,2026-09-09,473,True,False,False,,False,False,,False,False,,False,False,,False,False,,False,False,,False,False,False,other,other,10k-100k,krea/Krea-2-Turbo,True
AiWise/Juggernaut-XL-V9-GE-RDPhoto2-Lightning_4S,AiWise,18417,18,"diffusers,text-to-image,lora,template:diffusion-lora,base_model:stabilityai/stable-diffusion-xl-base-1.0,base_model:adapter:stabilityai/stable-diffusion-xl-base-1.0,license:creativeml-openrail-m,region:us",2024-12-26 02:02:33+00:00,2026-09-09,5377,True,False,False,,False,False,,False,False,,False,False,,False,False,,False,False,,False,False,False,creativeml-openrail-m,RAIL family,10k-100k,stabilityai/stable-diffusion-xl-base-1.0,True
xinsir/controlnet-depth-sdxl-1.0,xinsir,18393,101,"diffusers,safetensors,text-to-image,license:apache-2.0,region:us",2024-06-26 15:14:36+00:00,2026-09-09,2864,True,False,False,,False,False,,False,False,,False,False,,False,False,,False,False,,False,False,False,apache-2.0,permissive,10k-100k,,False
second-state/stable-diffusion-3.5-large-GGUF,second-state,18120,17,"diffusers,gguf,text-to-image,stable-diffusion,en,base_model:stabilityai/stable-diffusion-3.5-large,base_model:quantized:stabilityai/stable-diffusion-3.5-large,license:other,region:us",2024-11-19 09:36:36+00:00,2026-09-09,2939,True,False,False,,False,False,,False,False,,False,False,,False,False,,False,False,,False,False,False,other,other,10k-100k,stabilityai/stable-diffusion-3.5-large,True
unsloth/FLUX.1-dev-GGUF,unsloth,18056,25,"gguf,text-to-image,image-generation,flux,en,base_model:black-forest-labs/FLUX.1-dev,base_model:quantized:black-forest-labs/FLUX.1-dev,license:other,region:us",2025-06-30 10:43:08+00:00,2026-09-09,3888,True,False,False,,False,False,,False,False,,True,True,"e information that can be used to harm an individual. - To harass, abuse, threaten, stalk, or bully individuals or groups of individuals. - To create non-consensual nudity or illegal pornographic content. - For fully automated decision making that adversely impacts an individual's legal rights or otherwise create",False,False,,False,False,,False,False,False,other,other,10k-100k,black-forest-labs/FLUX.1-dev,True
duyntnet/Chroma-GGUF-All-Versions,duyntnet,17811,8,"gguf,text-to-image,image-generation,chroma,not-for-all-audiences,en,license:apache-2.0,region:us",2025-07-05 04:59:47+00:00,2026-09-09,896,True,False,False,,False,False,,False,False,,False,False,,False,False,,False,False,,False,False,False,apache-2.0,permissive,10k-100k,,False
RunDiffusion/Juggernaut-Z-Image,RunDiffusion,17732,130,"diffusers,safetensors,gguf,text-to-image,rundiffusion,z-image,en,base_model:Tongyi-MAI/Z-Image,base_model:quantized:Tongyi-MAI/Z-Image,license:cc-by-nc-4.0,diffusers:ZImagePipeline,region:us",2026-04-29 17:33:22+00:00,2026-09-09,8917,True,False,False,,False,False,,False,False,,False,False,,False,False,,False,False,,False,False,False,cc-by-nc-4.0,non-commercial,10k-100k,Tongyi-MAI/Z-Image,True
RunDiffusion/Juggernaut-X-v10,RunDiffusion,17497,173,"diffusers,stable-diffusion,stable-diffusion-xl,sdxl,text-to-image,photorealistic,photography,cinematic,portrait,juggernaut,rundiffusion,kandooai,en,base_model:stabilityai/stable-diffusion-xl-base-1.0,base_model:finetune:stabilityai/stable-diffusion-xl-base-1.0,license:creativeml-openrail-m,endpoints_compatible,diffusers:StableDiffusionXLPipeline,region:us",2024-04-19 21:30:46+00:00,2026-09-09,8728,True,False,False,,False,False,,False,False,,False,False,,False,False,,False,False,,False,False,False,creativeml-openrail-m,RAIL family,10k-100k,stabilityai/stable-diffusion-xl-base-1.0,True
segmind/tiny-sd,segmind,16967,95,"diffusers,stable-diffusion,stable-diffusion-diffusers,text-to-image,dataset:recastai/LAION-art-EN-improved-captions,arxiv:2305.15798,base_model:SG161222/Realistic_Vision_V4.0_noVAE,base_model:finetune:SG161222/Realistic_Vision_V4.0_noVAE,license:creativeml-openrail-m,endpoints_compatible,diffusers:StableDiffusionPipeline,region:us",2023-07-27 18:21:36+00:00,2026-09-09,1279,True,False,False,,False,False,,False,False,,False,False,,False,False,,False,False,,False,False,False,creativeml-openrail-m,RAIL family,10k-100k,SG161222/Realistic_Vision_V4.0_noVAE,True
TheImposterImposters/LUSTIFY-v2.0,TheImposterImposters,16775,12,"diffusers,safetensors,text-to-image,endpoints_compatible,diffusers:StableDiffusionXLPipeline,region:us",2024-08-09 17:55:13+00:00,2026-09-09,5109,True,False,False,,False,False,,False,False,,False,False,,False,False,,False,False,,False,False,False,,unspecified,10k-100k,,False
XLabs-AI/flux-RealismLora,XLabs-AI,16307,1248,"diffusers,lora,Stable Diffusion,image-generation,Flux,text-to-image,en,base_model:black-forest-labs/FLUX.1-dev,base_model:adapter:black-forest-labs/FLUX.1-dev,license:other,region:us",2024-08-06 21:12:23+00:00,2026-09-09,1777,True,False,False,,False,False,,False,False,,False,False,,False,False,,False,False,,False,False,False,other,other,10k-100k,black-forest-labs/FLUX.1-dev,True
dataautogpt3/ProteusV0.2,dataautogpt3,16305,147,"diffusers,text-to-image,license:gpl-3.0,endpoints_compatible,diffusers:StableDiffusionXLPipeline,region:us",2024-01-19 12:30:52+00:00,2026-09-09,3458,True,True,False,"egative_prompt = ""nsfw, bad quality, bad anatomy, worst quality, low quality, low resolutions, extra fingers, blur, blurry, ugly, wrongs proportions, watermark, image artifacts, lowres, ugly, jpeg artifacts, deformed, noisy image""  image = pipe(     prompt,      negative_prompt=negative_prompt,      width=10",False,False,,True,False,"were then normalized. Additionally, DPO (Direct Preference Optimization) was employed through a collection of 10,000 carefully selected high-quality, AI-generated image pairs.  In pursuit of optimal performance, numerous LORA (Low-Rank Adaptation) models are trained independently before being selectively incorp",False,False,,False,False,,False,False,,False,False,True,gpl-3.0,other,10k-100k,,False
molbal/krea2-gguf,molbal,16272,19,"gguf,image-generation,diffusion,flow-matching,dit,krea2,quantization,comfyui,text-to-image,base_model:krea/Krea-2-Raw,base_model:quantized:krea/Krea-2-Raw,license:other,region:us",2026-06-24 21:12:56+00:00,2026-09-09,4812,True,False,False,,False,False,,False,False,,False,False,,False,False,,False,False,,False,False,False,other,other,10k-100k,krea/Krea-2-Raw,True
dataautogpt3/ProteusV0.3,dataautogpt3,16229,96,"diffusers,text-to-image,license:gpl-3.0,endpoints_compatible,diffusers:StableDiffusionXLPipeline,region:us",2024-02-12 18:05:03+00:00,2026-09-09,3450,True,True,False,"egative_prompt = ""nsfw, bad quality, bad anatomy, worst quality, low quality, low resolutions, extra fingers, blur, blurry, ugly, wrongs proportions, watermark, image artifacts, lowres, ugly, jpeg artifacts, deformed, noisy image""  image = pipe(     prompt,      negative_prompt=negative_prompt,      width=10",False,False,,True,False,"were then normalized. Additionally, DPO (Direct Preference Optimization) was employed through a collection of 10,000 carefully selected high-quality, AI-generated image pairs.  In pursuit of optimal performance, numerous LORA (Low-Rank Adaptation) models are trained independently before being selectively incorp",False,False,,False,False,,False,False,,False,False,True,gpl-3.0,other,10k-100k,,False
QuantStack/Qwen-Image-GGUF,QuantStack,15821,50,"gguf,text-to-image,en,zh,base_model:Qwen/Qwen-Image,base_model:quantized:Qwen/Qwen-Image,license:apache-2.0,region:us",2025-08-05 15:25:08+00:00,2026-09-09,1156,True,False,False,,False,False,,False,False,,False,False,,False,False,,False,False,,False,False,False,apache-2.0,permissive,10k-100k,Qwen/Qwen-Image,True
stablediffusionapi/chilloutmix,stablediffusionapi,15701,9,"diffusers,stablediffusionapi.com,stable-diffusion-api,text-to-image,ultra-realistic,license:creativeml-openrail-m,endpoints_compatible,diffusers:StableDiffusionPipeline,region:us",2023-02-09 02:46:38+00:00,2026-09-09,2092,True,False,False,,False,False,,False,False,,False,False,,False,False,,False,False,,False,False,False,creativeml-openrail-m,RAIL family,10k-100k,,False
lynaNSFW/Krea2turboNSFWAIO,lynaNSFW,15639,1,"diffusers,text-to-image,lora,template:diffusion-lora,base_model:krea/Krea-2-Raw,base_model:adapter:krea/Krea-2-Raw,region:us",2026-08-08 07:55:39+00:00,2026-09-09,549,True,False,False,,False,False,,False,False,,False,False,,False,False,,False,False,,False,False,False,,unspecified,10k-100k,krea/Krea-2-Raw,True
second-state/stable-diffusion-3.5-medium-GGUF,second-state,15424,13,"diffusers,gguf,text-to-image,stable-diffusion,en,base_model:stabilityai/stable-diffusion-3.5-medium,base_model:quantized:stabilityai/stable-diffusion-3.5-medium,license:other,region:us",2024-11-23 11:32:25+00:00,2026-09-09,4582,True,False,False,,False,False,,False,False,,False,False,,False,False,,False,False,,False,False,False,other,other,10k-100k,stabilityai/stable-diffusion-3.5-medium,True
Baraje/SexGod_NSFW_Female_Nudes_QWEN_Image_Edit_2511,Baraje,15335,32,"diffusers,text-to-image,lora,template:diffusion-lora,base_model:Qwen/Qwen-Image,base_model:adapter:Qwen/Qwen-Image,license:artistic-2.0,region:us,not-for-all-audiences",2026-04-22 06:19:31+00:00,2026-09-09,374,True,False,False,,False,False,,False,False,,False,False,,False,False,,False,False,,False,False,False,artistic-2.0,other,10k-100k,Qwen/Qwen-Image,True
calcuis/hunyuanimage-gguf,calcuis,15034,85,"gguf,gguf-node,text-to-image,base_model:tencent/HunyuanImage-2.1,base_model:quantized:tencent/HunyuanImage-2.1,license:other,region:us",2025-09-09 12:00:59+00:00,2026-09-09,2269,True,False,False,,False,False,,False,False,,False,False,,False,False,,False,False,,False,False,False,other,other,10k-100k,tencent/HunyuanImage-2.1,True
meituan-longcat/LongCat-Image,meituan-longcat,14500,248,"transformers,diffusers,safetensors,text-to-image,en,zh,arxiv:2512.07584,arxiv:2412.11963,license:apache-2.0,endpoints_compatible,region:us",2025-12-04 12:38:12+00:00,2026-09-09,4785,True,False,False,,False,False,,False,False,,False,False,,True,True,"structions.  > [!CAUTION] > **📝 Special Handling for Text Rendering** > > For both Text-to-Image and Image Editing tasks involving text generation, **you must enclose the target text within single or double quotation marks** (both English '...' / ""..."" and Chinese ‘...’ / “...” styles are supported). > > **",False,False,,False,False,False,apache-2.0,permissive,10k-100k,,False
RunDiffusion/Juggernaut-XL-Lightning,RunDiffusion,14284,61,"diffusers,stable-diffusion,stable-diffusion-xl,sdxl,sdxl-lightning,text-to-image,photorealistic,fast,low-step,juggernaut,rundiffusion,kandooai,en,base_model:stabilityai/stable-diffusion-xl-base-1.0,base_model:finetune:stabilityai/stable-diffusion-xl-base-1.0,license:creativeml-openrail-m,endpoints_compatible,diffusers:StableDiffusionXLPipeline,region:us",2024-02-23 20:45:29+00:00,2026-09-09,8079,True,False,False,,False,False,,False,False,,False,False,,False,False,,False,False,,False,False,False,creativeml-openrail-m,RAIL family,10k-100k,stabilityai/stable-diffusion-xl-base-1.0,True
Laxhar/noobai-XL-1.0,Laxhar,14085,33,"diffusers,safetensors,Diffusers,Safetensors,text-to-image,en,base_model:Laxhar/noobai-XL-0.77,base_model:finetune:Laxhar/noobai-XL-0.77,license:other,endpoints_compatible,diffusers:StableDiffusionXLPipeline,region:us",2024-11-03 07:48:34+00:00,2026-09-09,6308,True,False,False,,False,False,,False,False,,True,True,". Usage Restrictions  - Prohibited use for harmful, malicious, or illegal activities, including but not limited to harassment, threats, and spreading misinformation. - Prohibited generation of unethical or offensive content. - Prohibited violation of laws and regulations in the user's jurisdiction.  ## II. Commer",True,True,"mmercial use of the model, derivative models, or model-generated products.  ## III. Open Source Community  To foster a thriving open-source community,users MUST comply with the following requirements:  - Open source derivative models, merged models, LoRAs, and products based on the above models. - Share work",False,False,,False,False,False,other,other,10k-100k,Laxhar/noobai-XL-0.77,True
votepurchase/pornmasterPro_noobV3VAE,votepurchase,14044,18,"diffusers,safetensors,text-to-image,stable-diffusion,stable-diffusion-xl,realistic,photorealistic,license:creativeml-openrail-m,endpoints_compatible,diffusers:StableDiffusionXLPipeline,region:us",2025-05-24 16:19:03+00:00,2026-09-09,123,False,False,False,,False,False,,False,False,,False,False,,False,False,,False,False,,False,False,False,creativeml-openrail-m,RAIL family,10k-100k,,False
ostris/krea2_turbo_training_adapter,ostris,14002,21,"diffusers,text-to-image,lora,template:diffusion-lora,base_model:krea/Krea-2-Turbo,base_model:adapter:krea/Krea-2-Turbo,license:other,region:us",2026-06-24 02:11:17+00:00,2026-09-09,2129,True,False,False,,False,False,,False,False,,False,False,,False,False,,False,False,,False,False,False,other,other,10k-100k,krea/Krea-2-Turbo,True
Lykon/dreamshaper-xl-lightning,Lykon,13815,82,"diffusers,safetensors,stable-diffusion,stable-diffusion-diffusers,stable-diffusion-xl,stable-diffusion-xl-lightning,text-to-image,art,artistic,anime,dreamshaper,turbo,lcm,en,license:openrail++,endpoints_compatible,diffusers:StableDiffusionXLPipeline,region:us",2024-02-21 20:51:01+00:00,2026-09-09,1260,True,False,False,,False,False,,False,False,,False,False,,False,False,,False,False,,False,False,False,openrail++,RAIL family,10k-100k,,False
xinsir/controlnet-tile-sdxl-1.0,xinsir,13797,282,"diffusers,safetensors,text-to-image,license:apache-2.0,region:us",2024-06-26 15:27:48+00:00,2026-09-09,10293,True,False,False,,False,False,,False,False,,False,False,,False,False,,False,False,,False,False,False,apache-2.0,permissive,10k-100k,,False
nerijs/pixel-art-xl,nerijs,13774,648,"diffusers,text-to-image,stable-diffusion,lora,base_model:stabilityai/stable-diffusion-xl-base-1.0,base_model:adapter:stabilityai/stable-diffusion-xl-base-1.0,license:creativeml-openrail-m,region:us",2023-08-03 19:13:23+00:00,2026-09-09,1780,True,False,False,,False,False,,False,False,,False,False,,False,False,,False,False,,False,False,False,creativeml-openrail-m,RAIL family,10k-100k,stabilityai/stable-diffusion-xl-base-1.0,True
ifmylove2011/girlslike,ifmylove2011,13586,35,"diffusers,lora,girlslike,flux,text-to-image,base_model:black-forest-labs/FLUX.1-dev,base_model:adapter:black-forest-labs/FLUX.1-dev,license:apache-2.0,region:us",2025-04-24 11:44:48+00:00,2026-09-09,19001,True,False,False,,False,False,,False,False,,False,False,,False,False,,False,False,,False,False,False,apache-2.0,permissive,10k-100k,black-forest-labs/FLUX.1-dev,True
huanzi05/stable-diffusion-2-1-base,huanzi05,13297,1,"diffusers,safetensors,stable-diffusion,text-to-image,arxiv:2112.10752,arxiv:2202.00512,arxiv:1910.09700,license:openrail++,endpoints_compatible,diffusers:StableDiffusionPipeline,region:us",2025-11-19 09:59:01+00:00,2026-09-09,12394,True,False,False,,False,False,,False,False,,True,True,"of people or their environments, cultures, religions, etc. - Intentionally promoting or propagating discriminatory content or harmful stereotypes. - Impersonating individuals without their consent. - Sexual content without consent of the people who might see it. - Mis- and disinformation - Representations of",False,False,,False,False,,False,False,False,openrail++,RAIL family,10k-100k,,False
ponpoke/flux2-klein-4b-uncensored-text-encoder,ponpoke,13245,188,"safetensors,gguf,text-to-image,flux2,klein,GGUF,text-generation-inference,uncensored,abliterated,abliteration,en,ja,base_model:black-forest-labs/FLUX.2-klein-4B,base_model:quantized:black-forest-labs/FLUX.2-klein-4B,license:other,endpoints_compatible,region:us,conversational",2026-05-01 15:38:46+00:00,2026-09-09,11761,True,False,False,,False,False,,False,False,,False,False,,False,False,,False,False,,False,False,False,other,other,10k-100k,black-forest-labs/FLUX.2-klein-4B,True
zooeyy/Style-Transfer,zooeyy,12875,24,"diffusers,text-to-image,lora,template:diffusion-lora,base_model:Qwen/Qwen-Image-Edit-2511,base_model:adapter:Qwen/Qwen-Image-Edit-2511,license:apache-2.0,region:us",2025-12-31 03:17:17+00:00,2026-09-09,2767,True,False,False,,False,False,,False,False,,False,False,,False,False,,False,False,,False,False,False,apache-2.0,permissive,10k-100k,Qwen/Qwen-Image-Edit-2511,True
LyliaEngine/anima_baseV10,LyliaEngine,12781,2,"diffusers,text-to-image,lora,template:diffusion-lora,base_model:oron1208/OOO_Anima,base_model:adapter:oron1208/OOO_Anima,license:cdla-permissive-2.0,region:us",2026-06-03 13:12:19+00:00,2026-09-09,8669,True,False,False,,False,False,,False,False,,False,False,,True,True,"me screenshot, jpeg artifacts, official art, etc Safety tags  safe, sensitive, nsfw, explicit Artist tags  Prefix artist with @. E.g. ""@big chungus"". You must put @ in front of the artist. The effect will be very weak if you don't. Full tag example  year 2025, newest, normal quality, score_5, highres, safe,",False,False,,False,False,False,cdla-permissive-2.0,other,10k-100k,oron1208/OOO_Anima,True
realrebelai/SenseNova-U1.5-8B_GGUFs,realrebelai,12613,19,"comfyui,gguf,sensenova,flow-matching,text-to-image,image-to-image,low-vram,base_model:sensenova/SenseNova-U1.5-8B-MoT,base_model:quantized:sensenova/SenseNova-U1.5-8B-MoT,license:apache-2.0,region:us",2026-08-21 21:11:09+00:00,2026-09-09,1464,True,False,False,,False,False,,False,False,,False,False,,False,False,,False,False,,False,False,False,apache-2.0,permissive,10k-100k,sensenova/SenseNova-U1.5-8B-MoT,True
jiaowobaba02/stable-diffusion-v2-1-GGUF,jiaowobaba02,12472,19,"gguf,art,stable-diffusion,text-to-image,region:us",2024-01-16 12:53:54+00:00,2026-09-09,524,True,False,False,,False,False,,False,False,,False,False,,False,False,,False,False,,False,False,False,,unspecified,10k-100k,,False
botp/stable-diffusion-v1-5,botp,12448,28,"diffusers,safetensors,stable-diffusion,stable-diffusion-diffusers,text-to-image,arxiv:2207.12598,arxiv:2112.10752,arxiv:2103.00020,arxiv:2205.11487,arxiv:1910.09700,license:creativeml-openrail-m,endpoints_compatible,diffusers:StableDiffusionPipeline,region:us",2023-05-05 06:22:02+00:00,2026-09-09,13362,True,True,False,"oved-aesthetics"" (a subset of laion2B-en, filtered to images with an original size `>= 512x512`, estimated aesthetics score `> 5.0`, and an estimated watermark probability `< 0.5`. The watermark estimate is from the LAION-5B metadata, the aesthetics score is estimated using an [improved aesthetics estimator]",False,False,,False,False,,True,True,"of people or their environments, cultures, religions, etc. - Intentionally promoting or propagating discriminatory content or harmful stereotypes. - Impersonating individuals without their consent. - Sexual content without consent of the people who might see it. - Mis- and disinformation - Representations of",False,False,,False,False,,False,False,True,creativeml-openrail-m,RAIL family,10k-100k,,False
tarn59/pixel_art_style_lora_z_image_turbo,tarn59,12402,52,"diffusers,text-to-image,lora,template:diffusion-lora,base_model:Tongyi-MAI/Z-Image-Turbo,base_model:adapter:Tongyi-MAI/Z-Image-Turbo,license:apache-2.0,region:us",2025-11-30 15:15:25+00:00,2026-09-09,239,True,False,False,,False,False,,False,False,,False,False,,False,False,,False,False,,False,False,False,apache-2.0,permissive,10k-100k,Tongyi-MAI/Z-Image-Turbo,True
segmind/SSD-1B,segmind,12360,841,"diffusers,safetensors,text-to-image,ultra-realistic,stable-diffusion,distilled-model,knowledge-distillation,dataset:zzliang/GRIT,dataset:wanng/midjourney-v5-202304-clean,arxiv:2401.02677,license:apache-2.0,endpoints_compatible,diffusers:StableDiffusionXLPipeline,region:us",2023-10-19 05:18:22+00:00,2026-09-09,10512,True,False,False,,False,False,,False,False,,True,True,"--max_train_steps=500 \   --validation_prompt=""A photo of sks dog in a bucket"" \   --validation_epochs=25 \   --seed=""0"" \   --push_to_hub ```  ### Out-of-Scope Use  The SSD-1B Model is not suitable for creating factual or accurate representations of people, events, or real-world information. It is not intended f",False,False,,False,False,,False,False,False,apache-2.0,permissive,10k-100k,,False
JujoHotaru/lora,JujoHotaru,12337,351,"diffusers,anime,art,stable-diffusion,stable-diffusion-diffusers,lora,text-to-image,ja,en,license:mit,license:openrail,region:us",2023-07-10 11:56:44+00:00,2026-09-09,21928,True,False,False,,False,False,,False,False,,False,False,,False,False,,False,False,,False,False,False,mit,permissive,10k-100k,,False
mradermacher/PromptEnhancer-Img2img-Edit-i1-GGUF,mradermacher,12336,2,"transformers,gguf,text-to-image,prompt-enhancement,prompt-rewriting,chain-of-thought,zh,en,base_model:PromptEnhancer/PromptEnhancer-Img2img-Edit,base_model:quantized:PromptEnhancer/PromptEnhancer-Img2img-Edit,license:other,endpoints_compatible,region:us,imatrix,conversational",2025-09-30 21:28:23+00:00,2026-09-09,6376,True,False,False,,False,False,,False,False,,False,False,,False,False,,False,False,,False,False,False,other,other,10k-100k,PromptEnhancer/PromptEnhancer-Img2img-Edit,True
stablediffusionapi/beautiful-realistic-asian,stablediffusionapi,12239,6,"diffusers,stablediffusionapi.com,stable-diffusion-api,text-to-image,ultra-realistic,license:creativeml-openrail-m,endpoints_compatible,diffusers:StableDiffusionPipeline,region:us",2023-10-21 12:48:46+00:00,2026-09-09,2375,True,False,False,,False,False,,False,False,,False,False,,False,False,,False,False,,False,False,False,creativeml-openrail-m,RAIL family,10k-100k,,False
alimama-creative/FLUX.1-Turbo-Alpha,alimama-creative,12212,642,"diffusers,safetensors,Text-to-Image,FLUX,Stable Diffusion,text-to-image,en,base_model:black-forest-labs/FLUX.1-dev,base_model:finetune:black-forest-labs/FLUX.1-dev,license:other,region:us",2024-10-12 09:27:45+00:00,2026-09-09,2693,True,False,False,,False,False,,False,False,,False,False,,False,False,,False,False,,False,False,False,other,other,10k-100k,black-forest-labs/FLUX.1-dev,True
unsloth/ERNIE-Image-Turbo-GGUF,unsloth,12039,231,"ggml,gguf,text-to-image,unsloth,base_model:baidu/ERNIE-Image-Turbo,base_model:quantized:baidu/ERNIE-Image-Turbo,license:apache-2.0,region:us",2026-04-14 19:30:06+00:00,2026-09-09,11590,True,False,False,,False,False,,False,False,,False,False,,False,False,,False,False,,False,False,False,apache-2.0,permissive,10k-100k,baidu/ERNIE-Image-Turbo,True
deepseek-ai/Janus-Pro-1B,deepseek-ai,11908,485,"transformers,pytorch,multi_modality,muiltimodal,text-to-image,unified-model,any-to-any,arxiv:2501.17811,license:mit,endpoints_compatible,region:us",2025-01-26 12:07:49+00:00,2026-09-09,2375,True,False,False,,False,False,,False,False,,False,False,,False,False,,False,False,,False,False,False,mit,permissive,10k-100k,,False
sd2-community/stable-diffusion-2,sd2-community,11898,7,"diffusers,safetensors,stable-diffusion,text-to-image,arxiv:2202.00512,arxiv:2112.10752,arxiv:1910.09700,license:openrail++,endpoints_compatible,diffusers:StableDiffusionPipeline,region:us",2025-11-15 10:17:55+00:00,2026-09-09,12409,True,False,False,,False,False,,False,False,,True,True,"of people or their environments, cultures, religions, etc. - Intentionally promoting or propagating discriminatory content or harmful stereotypes. - Impersonating individuals without their consent. - Sexual content without consent of the people who might see it. - Mis- and disinformation - Representations of",False,False,,False,False,,False,False,False,openrail++,RAIL family,10k-100k,,False
alibaba-pai/Z-Image-Fun-Lora-Distill,alibaba-pai,11672,175,"videox_fun,lora,text-to-image,license:apache-2.0,region:us",2026-02-02 09:37:39+00:00,2026-09-09,10806,True,False,False,,False,False,,False,False,,False,False,,False,False,,False,False,,False,False,False,apache-2.0,permissive,10k-100k,,False
unsloth/Z-Image-Turbo,unsloth,11613,5,"diffusers,safetensors,text-to-image,en,arxiv:2511.22699,arxiv:2511.22677,arxiv:2511.13649,license:apache-2.0,diffusers:ZImagePipeline,region:us",2026-08-06 14:04:40+00:00,2026-09-09,13680,True,False,False,,False,False,,False,False,,False,False,,False,False,,False,False,,False,False,False,apache-2.0,permissive,10k-100k,,False
sd2-community/stable-diffusion-2-1,sd2-community,11572,35,"diffusers,safetensors,stable-diffusion,text-to-image,arxiv:2112.10752,arxiv:2202.00512,arxiv:1910.09700,license:openrail++,endpoints_compatible,diffusers:StableDiffusionPipeline,region:us",2025-11-15 09:57:03+00:00,2026-09-09,12304,True,False,False,,False,False,,False,False,,True,True,"of people or their environments, cultures, religions, etc. - Intentionally promoting or propagating discriminatory content or harmful stereotypes. - Impersonating individuals without their consent. - Sexual content without consent of the people who might see it. - Mis- and disinformation - Representations of",False,False,,False,False,,False,False,False,openrail++,RAIL family,10k-100k,,False
PixArt-alpha/PixArt-Sigma-XL-2-1024-MS,PixArt-alpha,11531,105,"diffusers,safetensors,text-to-image,PixArt-Σ,arxiv:2403.04692,arxiv:2310.00426,arxiv:2112.10752,arxiv:2309.05019,license:openrail++,diffusers:PixArtSigmaPipeline,region:us",2024-04-11 09:51:38+00:00,2026-09-09,5430,True,False,False,,False,False,,False,False,,True,True,"l to generate harmful content.  - Probing and understanding the limitations and biases of generative models.  Excluded uses are described below.  ### Out-of-Scope Use  The model was not trained to be factual or true representations of people or events, and therefore using the model to generate such content is out-o",False,False,,False,False,,False,False,False,openrail++,RAIL family,10k-100k,,False
realrebelai/LLaDa-Image-Turbo_ComfyUI,realrebelai,11500,15,"diffusers,gguf,llada-image,llada-image-turbo,image-generation,image-editing,comfyui,int8,quantized,rebelai,text-to-image,base_model:inclusionAI/LLaDA-Image-Turbo,base_model:quantized:inclusionAI/LLaDA-Image-Turbo,region:us",2026-09-04 10:15:50+00:00,2026-09-09,4244,True,False,False,,False,False,,False,False,,False,False,,False,False,,False,False,,False,False,False,,unspecified,10k-100k,inclusionAI/LLaDA-Image-Turbo,True
Manjushri/pornworks-real-porn-photo-realistic-nsfw-sdxl-and-pony-chekpoint,Manjushri,11346,13,"diffusers,nsfw,sdxl,art,image,safetensors,stable-diffusion-xl,text-to-image,en,base_model:stabilityai/stable-diffusion-xl-base-1.0,base_model:finetune:stabilityai/stable-diffusion-xl-base-1.0,license:openrail++,endpoints_compatible,diffusers:StableDiffusionXLPipeline,region:us,not-for-all-audiences",2026-06-06 23:44:02+00:00,2026-09-09,895,True,False,False,,False,False,,False,False,,False,False,,False,False,,False,False,,False,False,False,openrail++,RAIL family,10k-100k,stabilityai/stable-diffusion-xl-base-1.0,True
wcde/Z-Image-Turbo-DeJPEG-Lora,wcde,11288,52,"diffusers,text-to-image,lora,template:diffusion-lora,base_model:Tongyi-MAI/Z-Image-Turbo,base_model:adapter:Tongyi-MAI/Z-Image-Turbo,region:us",2025-12-01 07:43:43+00:00,2026-09-09,152,False,False,False,,False,False,,False,False,,False,False,,False,False,,False,False,,False,False,False,,unspecified,10k-100k,Tongyi-MAI/Z-Image-Turbo,True
deepseek-ai/Janus-Pro-7B,deepseek-ai,11268,3658,"transformers,pytorch,multi_modality,muiltimodal,text-to-image,unified-model,any-to-any,arxiv:2501.17811,license:mit,endpoints_compatible,region:us",2025-01-26 12:05:50+00:00,2026-09-09,2375,True,False,False,,False,False,,False,False,,False,False,,False,False,,False,False,,False,False,False,mit,permissive,10k-100k,,False
zai-org/GLM-Image,zai-org,11137,1105,"diffusers,safetensors,text-to-image,zh,en,license:mit,diffusers:GlmImagePipeline,region:us,deploy:azure",2026-01-08 09:39:56+00:00,2026-09-09,31130,True,False,False,,False,False,,False,False,,False,False,,True,True,"ni-En), which are licensed under the Apache License, Version 2.0.  The VQ tokenizer and VIT weights remains subject to the original Apache-2.0 terms. Users should comply with the respective licenses when using this component.",False,False,,False,False,False,mit,permissive,10k-100k,,False
calcuis/sd3.5-large-gguf,calcuis,10946,73,"diffusers,safetensors,gguf,stable-diffusion,gguf-comfy,text-to-image,en,base_model:stabilityai/stable-diffusion-3.5-large,base_model:quantized:stabilityai/stable-diffusion-3.5-large,doi:10.57967/hf/3389,license:other,region:us",2024-10-24 09:31:18+00:00,2026-09-09,1805,True,False,False,,False,False,,False,False,,False,False,,False,False,,False,False,,False,False,False,other,other,10k-100k,stabilityai/stable-diffusion-3.5-large,True
strangerzonehf/Flux-Ultimate-LoRA-Collection,strangerzonehf,10922,123,"diffusers,Flux.1-Dev,lora,Collections,SOTA,Realism,Diffusion,art,FLUX,image-to-image,text-to-image,base_model:black-forest-labs/FLUX.1-dev,base_model:adapter:black-forest-labs/FLUX.1-dev,doi:10.57967/hf/5698,license:other,region:us",2024-11-18 06:47:02+00:00,2026-09-09,10445,True,False,False,,False,False,,False,False,,False,False,,False,False,,False,False,,False,False,False,other,other,10k-100k,black-forest-labs/FLUX.1-dev,True
LyliaEngine/illustrijGEN_2,LyliaEngine,10811,0,"diffusers,text-to-image,lora,template:diffusion-lora,base_model:OnomaAIResearch/Illustrious-xl-early-release-v0,base_model:adapter:OnomaAIResearch/Illustrious-xl-early-release-v0,license:cdla-permissive-2.0,region:us",2026-01-29 16:57:44+00:00,2026-09-09,1071,True,False,False,,False,False,,False,False,,False,False,,False,False,,False,False,,False,False,False,cdla-permissive-2.0,other,10k-100k,OnomaAIResearch/Illustrious-xl-early-release-v0,True
LeFeujitif/sandbox,LeFeujitif,10610,3,"diffusers,text-to-image,lora,template:diffusion-lora,base_model:Liberata/illustrious-xl-v1.0,base_model:adapter:Liberata/illustrious-xl-v1.0,region:us",2025-05-19 10:12:23+00:00,2026-09-09,220,True,False,False,,False,False,,False,False,,False,False,,False,False,,False,False,,False,False,False,,unspecified,10k-100k,Liberata/illustrious-xl-v1.0,True
stabilityai/stable-cascade,stabilityai,10526,1331,"diffusers,safetensors,text-to-image,license:other,diffusers:StableCascadeDecoderPipeline,region:us",2024-02-06 17:58:47+00:00,2026-09-09,9802,True,False,False,,False,False,,False,False,,True,True,"of artworks and use in design and other artistic processes. - Applications in educational or creative tools.  Excluded uses are described below.  ### Out-of-Scope Use  The model was not trained to be factual or true representations of people or events, and therefore using the model to generate such content is out-o",False,False,,False,False,,False,False,False,other,other,10k-100k,,False
nunchaku-ai/nunchaku-qwen-image-edit-2509,nunchaku-ai,10514,294,"diffusers,image-editing,SVDQuant,Qwen-Image-Edit-2509,Diffusion,Quantization,ICLR2025,text-to-image,en,dataset:mit-han-lab/svdquant-datasets,arxiv:2411.05007,base_model:Qwen/Qwen-Image-Edit-2509,base_model:quantized:Qwen/Qwen-Image-Edit-2509,license:apache-2.0,region:us",2025-09-24 02:51:15+00:00,2026-09-09,11055,True,False,False,,False,False,,False,False,,False,False,,False,False,,False,False,,False,False,False,apache-2.0,permissive,10k-100k,Qwen/Qwen-Image-Edit-2509,True
lynaNSFW/LTX2.3_NSFW_motion,lynaNSFW,10509,17,"diffusers,text-to-image,lora,template:diffusion-lora,base_model:lynaNSFW/LTX2BFN,base_model:adapter:lynaNSFW/LTX2BFN,region:us,not-for-all-audiences",2026-03-25 12:45:03+00:00,2026-09-09,569,True,False,False,,False,False,,False,False,,False,False,,False,False,,False,False,,False,False,False,,unspecified,10k-100k,lynaNSFW/LTX2BFN,True
city96/HiDream-I1-Fast-gguf,city96,10476,36,"gguf,image-generation,HiDream.ai,text-to-image,en,base_model:HiDream-ai/HiDream-I1-Fast,base_model:quantized:HiDream-ai/HiDream-I1-Fast,license:mit,region:us",2025-04-17 04:53:00+00:00,2026-09-09,673,True,False,False,,False,False,,False,False,,False,False,,False,False,,False,False,,False,False,False,mit,permissive,10k-100k,HiDream-ai/HiDream-I1-Fast,True
RunDiffusion/Juggernaut-XL-v8,RunDiffusion,10399,23,"diffusers,stable-diffusion,stable-diffusion-xl,sdxl,text-to-image,photorealistic,photography,cinematic,portrait,juggernaut,rundiffusion,kandooai,en,base_model:stabilityai/stable-diffusion-xl-base-1.0,base_model:finetune:stabilityai/stable-diffusion-xl-base-1.0,license:creativeml-openrail-m,endpoints_compatible,diffusers:StableDiffusionXLPipeline,region:us",2024-02-21 23:29:52+00:00,2026-09-09,7657,True,False,False,,False,False,,False,False,,False,False,,False,False,,False,False,,False,False,False,creativeml-openrail-m,RAIL family,10k-100k,stabilityai/stable-diffusion-xl-base-1.0,True
huanngzh/mv-adapter,huanngzh,10343,64,"diffusion-single-file,Image-to-Image,text-to-image,arxiv:2412.03632,license:apache-2.0,region:us",2024-11-29 14:38:58+00:00,2026-09-09,4353,True,False,False,,False,False,,False,False,,False,False,,False,False,,False,False,,False,False,False,apache-2.0,permissive,10k-100k,,False
nunchaku-ai/nunchaku-qwen-image,nunchaku-ai,10324,262,"diffusers,text-to-image,SVDQuant,Qwen-Image,Diffusion,Quantization,ICLR2025,en,dataset:mit-han-lab/svdquant-datasets,arxiv:2411.05007,base_model:Qwen/Qwen-Image,base_model:quantized:Qwen/Qwen-Image,license:apache-2.0,region:us",2025-08-14 08:19:05+00:00,2026-09-09,7086,True,False,False,,False,False,,False,False,,False,False,,False,False,,False,False,,False,False,False,apache-2.0,permissive,10k-100k,Qwen/Qwen-Image,True
lynaNSFW/gemma-3-12b-it-heretic-v2_fp8_e4m3fn,lynaNSFW,10197,10,"diffusers,text-to-image,lora,template:diffusion-lora,region:us",2026-04-30 22:24:56+00:00,2026-09-09,190,False,False,False,,False,False,,False,False,,False,False,,False,False,,False,False,,False,False,False,,unspecified,10k-100k,,False
InstantX/FLUX.1-dev-IP-Adapter,InstantX,10184,326,"diffusers,Text-to-Image,IP-Adapter,Flux.1-dev,image-generation,Stable Diffusion,text-to-image,en,base_model:black-forest-labs/FLUX.1-dev,base_model:finetune:black-forest-labs/FLUX.1-dev,license:other,region:us",2024-08-14 10:16:54+00:00,2026-09-09,4439,True,False,False,,False,False,,False,False,,False,False,,False,False,,False,False,,False,False,False,other,other,10k-100k,black-forest-labs/FLUX.1-dev,True
John6666/natvis-natural-vision-v27-sdxl,John6666,10140,1,"diffusers,safetensors,text-to-image,stable-diffusion,stable-diffusion-xl,realistic,photorealistic,photo,scifi,3D,nsfw,sfw,general purpose,general use,en,license:creativeml-openrail-m,endpoints_compatible,diffusers:StableDiffusionXLPipeline,region:us",2024-11-18 14:50:59+00:00,2026-09-09,265,True,False,False,,False,False,,False,False,,False,False,,False,False,,False,False,,False,False,False,creativeml-openrail-m,RAIL family,10k-100k,,False
nhathoangfoto/FLUX.2-klein-ghost-mannequin,nhathoangfoto,9841,38,"diffusers,flux,lora,adapter,text-to-image,ghost-mannequin,3d-effect,e-commerce,fashion,template:diffusion-lora,base_model:black-forest-labs/FLUX.2-klein-base-9B,base_model:adapter:black-forest-labs/FLUX.2-klein-base-9B,doi:10.57967/hf/7717,license:apache-2.0,region:us",2026-02-03 21:10:22+00:00,2026-09-09,3977,True,False,False,,False,False,,False,False,,False,False,,False,False,,False,False,,False,False,False,apache-2.0,permissive,1k-10k,black-forest-labs/FLUX.2-klein-base-9B,True
Lykon/dreamshaper-xl-1-0,Lykon,9811,42,"diffusers,safetensors,stable-diffusion,stable-diffusion-diffusers,stable-diffusion-xl,text-to-image,art,artistic,anime,dreamshaper,en,license:openrail++,endpoints_compatible,diffusers:StableDiffusionXLPipeline,region:us",2023-08-26 16:44:49+00:00,2026-09-09,1250,True,False,False,,False,False,,False,False,,False,False,,False,False,,False,False,,False,False,False,openrail++,RAIL family,1k-10k,,False
artificialguybr/ColoringBookRedmond-V2,artificialguybr,9810,45,"diffusers,text-to-image,stable-diffusion,lora,base_model:stabilityai/stable-diffusion-xl-base-1.0,base_model:adapter:stabilityai/stable-diffusion-xl-base-1.0,license:creativeml-openrail-m,region:us",2023-10-07 20:54:11+00:00,2026-09-09,1693,True,False,False,,False,False,,False,False,,False,False,,False,False,,False,False,,False,False,False,creativeml-openrail-m,RAIL family,1k-10k,stabilityai/stable-diffusion-xl-base-1.0,True
andro-flock/LUSTIFY-SDXL-NSFW-checkpoint-v2-0-INPAINTING,andro-flock,9782,36,"diffusers,safetensors,Safetensors,stable-diffusion,stable-diffusion-diffusers,text-to-image,license:creativeml-openrail-m,diffusers:StableDiffusionXLInpaintPipeline,region:us,not-for-all-audiences",2025-02-25 14:17:50+00:00,2026-09-09,786,True,False,False,,False,False,,False,False,,False,False,,False,False,,False,False,,False,False,False,creativeml-openrail-m,RAIL family,1k-10k,,False
calcuis/flux1-gguf,calcuis,9765,10,"gguf,gguf-comfy,text-to-image,en,base_model:black-forest-labs/FLUX.1-dev,base_model:quantized:black-forest-labs/FLUX.1-dev,doi:10.57967/hf/3397,license:apache-2.0,region:us",2024-10-19 08:55:13+00:00,2026-09-09,1463,True,False,False,,False,False,,False,False,,False,False,,False,False,,False,False,,False,False,False,apache-2.0,permissive,1k-10k,black-forest-labs/FLUX.1-dev,True
unsloth/FLUX.1-schnell-GGUF,unsloth,9626,28,"gguf,text-to-image,image-generation,flux,en,base_model:black-forest-labs/FLUX.1-schnell,base_model:quantized:black-forest-labs/FLUX.1-schnell,license:apache-2.0,region:us",2025-06-30 10:50:31+00:00,2026-09-09,3530,True,False,False,,False,False,,False,False,,True,True,"e information that can be used to harm an individual. - To harass, abuse, threaten, stalk, or bully individuals or groups of individuals. - To create non-consensual nudity or illegal pornographic content. - For fully automated decision making that adversely impacts an individual's legal rights or otherwise create",False,False,,False,False,,False,False,False,apache-2.0,permissive,1k-10k,black-forest-labs/FLUX.1-schnell,True
digiplay/majicMIX_realistic_v7,digiplay,9616,26,"diffusers,safetensors,stable-diffusion,stable-diffusion-diffusers,text-to-image,license:other,endpoints_compatible,diffusers:StableDiffusionPipeline,region:us",2023-10-09 16:05:52+00:00,2026-09-09,70,False,False,False,,False,False,,False,False,,False,False,,False,False,,False,False,,False,False,False,other,other,1k-10k,,False
pmczip/Krea2Raw_Loras,pmczip,9595,59,"diffusers,safetensors,lora,t2i,text-to-image,photorealistic,woman,celebrity,likeness,Krea2,Krea-2,Krea-2-Raw,Krea2-turbo,Krea2_turbo,Krea2-raw,Krea2_raw,en,base_model:krea/Krea-2-Raw,base_model:adapter:krea/Krea-2-Raw,license:other,region:us",2026-07-01 19:54:52+00:00,2026-09-09,2791,True,False,False,,False,False,,False,False,,False,False,,False,False,,False,False,,False,False,False,other,other,1k-10k,krea/Krea-2-Raw,True
Shakker-Labs/FLUX.1-dev-ControlNet-Union-Pro-2.0,Shakker-Labs,9415,463,"diffusers,safetensors,Text-to-Image,ControlNet,Diffusers,Flux.1-dev,image-generation,Stable Diffusion,text-to-image,en,base_model:black-forest-labs/FLUX.1-dev,base_model:finetune:black-forest-labs/FLUX.1-dev,license:other,region:us",2025-04-14 08:19:42+00:00,2026-09-09,7112,True,False,False,,False,False,,False,False,,False,False,,False,False,,False,False,,False,False,False,other,other,1k-10k,black-forest-labs/FLUX.1-dev,True
AI-Porn/anime-desire-illustrious,AI-Porn,9409,19,"diffusers,text-to-image,lora,template:diffusion-lora,base_model:calcuis/illustrious,base_model:adapter:calcuis/illustrious,license:openrail,region:us,not-for-all-audiences",2025-10-28 22:07:46+00:00,2026-09-09,750,True,False,False,,False,False,,False,False,,False,False,,False,False,,False,False,,False,False,False,openrail,RAIL family,1k-10k,calcuis/illustrious,True
Bigfawg6669/create-nsfw,Bigfawg6669,9369,8,"diffusers,text-to-image,stable-diffusion,lora,fluxpipeline,flux,not-for-all-audiences,image-to-image,base_model:black-forest-labs/FLUX.1-dev,base_model:adapter:black-forest-labs/FLUX.1-dev,license:creativeml-openrail-m,region:us",2026-04-25 12:43:08+00:00,2026-09-09,4191,True,False,False,,False,False,,False,False,,False,False,,True,True,"r research and personal use, and adheres to the non-commercial license terms.  > **Warning:** This model allows the generation of explicit content. Users should exercise caution and adhere to legal and ethical guidelines.  ## What's New in v2?  - **Improved Performance:** The model has been optimized for",False,False,,False,False,False,creativeml-openrail-m,RAIL family,1k-10k,black-forest-labs/FLUX.1-dev,True
unsloth/Z-Image-Turbo-unsloth-bnb-4bit,unsloth,9340,6,"diffusers,safetensors,unsloth,4bit,quantized,bitsandbytes,text-to-image,en,arxiv:2511.22699,arxiv:2511.22677,arxiv:2511.13649,base_model:Tongyi-MAI/Z-Image-Turbo,base_model:finetune:Tongyi-MAI/Z-Image-Turbo,license:apache-2.0,diffusers:ZImagePipeline,8-bit,region:us",2026-01-08 22:48:25+00:00,2026-09-09,15554,True,False,False,,False,False,,False,False,,False,False,,False,False,,False,False,,False,False,False,apache-2.0,permissive,1k-10k,Tongyi-MAI/Z-Image-Turbo,True
gsdf/Counterfeit-V2.5,gsdf,9310,1586,"diffusers,safetensors,stable-diffusion,stable-diffusion-diffusers,text-to-image,license:creativeml-openrail-m,endpoints_compatible,diffusers:StableDiffusionPipeline,region:us",2023-02-02 14:02:11+00:00,2026-09-09,3919,True,False,False,,False,False,,False,False,,False,False,,False,False,,False,False,,False,False,False,creativeml-openrail-m,RAIL family,1k-10k,,False
gokaygokay/Krea-2-Realism-LoRA,gokaygokay,9248,87,"diffusers,text-to-image,lora,template:sd-lora,krea,krea-2,realism,photorealism,en,base_model:krea/Krea-2-Raw,base_model:adapter:krea/Krea-2-Raw,license:other,region:us",2026-06-25 09:49:52+00:00,2026-09-09,6084,True,False,False,,False,False,,False,False,,False,False,,False,False,,False,False,,False,False,False,other,other,1k-10k,krea/Krea-2-Raw,True
unsloth/Qwen-Image-GGUF,unsloth,9241,31,"ggml,gguf,quantized,text-to-image,en,zh,arxiv:2508.02324,base_model:Qwen/Qwen-Image,base_model:quantized:Qwen/Qwen-Image,license:apache-2.0,region:us",2025-12-19 03:51:27+00:00,2026-09-09,7809,True,False,False,,False,False,,False,False,,False,False,,False,False,,False,False,,False,False,False,apache-2.0,permissive,1k-10k,Qwen/Qwen-Image,True
drbaph/Z-Image-Turbo-FP8,drbaph,9079,52,"diffusers,comfyui,quantization,quant,fp8,text-to-image,en,zh,license:apache-2.0,region:us",2025-11-27 00:07:54+00:00,2026-09-09,7537,True,False,False,,False,False,,False,False,,False,False,,False,False,,False,False,,False,False,False,apache-2.0,permissive,1k-10k,,False
xFutureTechx/BackMixes,xFutureTechx,8991,1,"diffusers,stable diffusion,anime,comic books,illustration,text-to-image,en,dataset:EarthnDusk/Creative-Embeddings-OLD,license:creativeml-openrail-m,region:us",2023-11-25 03:11:13+00:00,2026-09-09,335,True,False,False,,False,False,,False,False,,False,False,,False,False,,False,False,,False,False,False,creativeml-openrail-m,RAIL family,1k-10k,,False
stabilityai/stable-diffusion-3.5-large-turbo,stabilityai,8934,704,"diffusers,safetensors,text-to-image,stable-diffusion,en,arxiv:2403.03206,license:other,diffusers:StableDiffusion3Pipeline,region:us",2024-10-22 07:32:47+00:00,2026-09-09,9703,True,False,False,,False,False,,False,False,,True,True,"imitations of generative models.  All uses of the model must be in accordance with our [Acceptable Use Policy](https://stability.ai/use-policy).  ### Out-of-Scope Uses  The model was not trained to be factual or true representations of people or events.  As such, using the model to generate such content is out-of-s",True,True,"ance between usefulness and preventing harm. However, this does not guarantee that all possible harmful content has been removed. TAll developers and deployers should exercise caution and implement content safety guardrails based on their specific product policies and application use cases. * Misuse: Technical limi",False,False,,False,False,False,other,other,1k-10k,,False
imagepipeline/flux_uncensored_nsfw_v2,imagepipeline,8906,34,"diffusers,imagepipeline,imagepipeline.io,text-to-image,ultra-realistic,lora,not-for-all-audiences,base_model:black-forest-labs/FLUX.1-dev,base_model:adapter:black-forest-labs/FLUX.1-dev,region:us",2024-12-04 06:42:55+00:00,2026-09-09,392,True,False,False,,False,False,,True,False,"## Want to create production quality AI generated images ?  Easily generate stunning, high-quality images with our APIs, designed for developers and creators.  Build powerful applications with reliab",False,False,,False,False,,False,False,,False,False,True,,unspecified,1k-10k,black-forest-labs/FLUX.1-dev,True
sd2-community/stable-diffusion-2-1-base,sd2-community,8868,6,"diffusers,safetensors,stable-diffusion,text-to-image,arxiv:2112.10752,arxiv:2202.00512,arxiv:1910.09700,license:openrail++,endpoints_compatible,diffusers:StableDiffusionPipeline,region:us",2025-11-15 10:31:22+00:00,2026-09-09,12394,True,False,False,,False,False,,False,False,,True,True,"of people or their environments, cultures, religions, etc. - Intentionally promoting or propagating discriminatory content or harmful stereotypes. - Impersonating individuals without their consent. - Sexual content without consent of the people who might see it. - Mis- and disinformation - Representations of",False,False,,False,False,,False,False,False,openrail++,RAIL family,1k-10k,,False
thutes-gbr25/NSFW-MASTER-Z-IMAGE-TURBO,thutes-gbr25,8845,18,"diffusers,text-to-image,lora,template:diffusion-lora,base_model:Tongyi-MAI/Z-Image-Turbo,base_model:adapter:Tongyi-MAI/Z-Image-Turbo,license:unknown,region:us,not-for-all-audiences",2026-02-17 01:31:35+00:00,2026-09-09,500,True,False,False,,False,False,,False,False,,False,False,,False,False,,False,False,,False,False,False,unknown,other,1k-10k,Tongyi-MAI/Z-Image-Turbo,True
fal/FLUX.2-dev-Turbo,fal,8773,390,"diffusers,image-generation,flux,lora,distillation,turbo,text-to-image,en,base_model:black-forest-labs/FLUX.2-dev,base_model:adapter:black-forest-labs/FLUX.2-dev,license:other,region:us",2025-12-29 17:02:51+00:00,2026-09-09,2176,True,False,False,,False,False,,False,False,,False,False,,False,False,,False,False,,False,False,False,other,other,1k-10k,black-forest-labs/FLUX.2-dev,True
xiaolxl/GuoFeng3,xiaolxl,8663,483,"diffusers,safetensors,stable-diffusion,stable-diffusion-diffusers,text-to-image,en,license:cc-by-nc-sa-4.0,endpoints_compatible,diffusers:StableDiffusionPipeline,region:us",2023-01-28 11:29:27+00:00,2026-09-09,7909,True,True,False,"natomy,bad hands, text, error, missing fingers,extra digit, fewer digits, cropped, worstquality, low quality, normal quality,jpegartifacts,signature, watermark, username,blurry,bad feet ```  ---  高级：如果您还想使图片尽可能更好，请尝试以下配置 - senior：If you also want to make the picture as better as possible, please try the foll",False,False,,False,False,,False,False,,False,False,,False,False,,False,False,True,cc-by-nc-sa-4.0,non-commercial,1k-10k,,False
sensenova/SenseNova-U1-8B-MoT-Infographic-V3,sensenova,8634,60,"transformers,safetensors,neo_chat,feature-extraction,multimodal,text-to-image,image-to-text,image-editing,interleaved-generation,custom_code,any-to-any,arxiv:2605.12500,license:apache-2.0,region:us",2026-07-15 17:49:15+00:00,2026-09-09,36681,True,False,False,,False,False,,False,False,,False,False,,False,False,,False,False,,False,False,False,apache-2.0,permissive,1k-10k,,False
mlx-community/Qwen-Image-2512-4bit,mlx-community,8597,8,"mflux,safetensors,mlx,qwen,image-generation,text-to-image,apple-silicon,diffusion,base_model:Qwen/Qwen-Image-2512,base_model:finetune:Qwen/Qwen-Image-2512,license:apache-2.0,region:us",2026-01-01 07:43:21+00:00,2026-09-09,972,True,False,False,,False,False,,False,False,,False,False,,False,False,,False,False,,False,False,False,apache-2.0,permissive,1k-10k,Qwen/Qwen-Image-2512,True
RomixERR/Pornmaster_v1-Z-Images-Turbo,RomixERR,8565,115,"base_model:Tongyi-MAI/Z-Image-Turbo,base_model:adapter:Tongyi-MAI/Z-Image-Turbo,diffusers,license:apache-2.0,lora,not-for-all-audiences,region:us,template:diffusion-lora,text-to-image",2025-12-25 12:15:55+00:00,2026-09-09,642,True,False,False,,False,False,,False,False,,False,False,,False,False,,False,False,,False,False,False,apache-2.0,permissive,1k-10k,Tongyi-MAI/Z-Image-Turbo,True
Shakker-Labs/FLUX.1-dev-ControlNet-Union-Pro,Shakker-Labs,8472,629,"diffusers,safetensors,Text-to-Image,ControlNet,Diffusers,Flux.1-dev,image-generation,Stable Diffusion,text-to-image,en,base_model:black-forest-labs/FLUX.1-dev,base_model:finetune:black-forest-labs/FLUX.1-dev,license:other,region:us",2024-08-23 10:36:42+00:00,2026-09-09,3964,True,False,False,,False,False,,False,False,,False,False,,False,False,,False,False,,False,False,False,other,other,1k-10k,black-forest-labs/FLUX.1-dev,True
Abiray/Krea-2-Turbo-GGUF,Abiray,8388,16,"gguf,text-to-image,en,base_model:krea/Krea-2-Turbo,base_model:quantized:krea/Krea-2-Turbo,license:other,region:us",2026-06-24 11:46:10+00:00,2026-09-09,1673,True,False,False,,False,False,,False,False,,False,False,,False,False,,False,False,,False,False,False,other,other,1k-10k,krea/Krea-2-Turbo,True
TencentARC/PhotoMaker,TencentARC,8288,438,"diffusers,text-to-image,en,arxiv:2312.04461,license:apache-2.0,region:us",2024-01-13 14:11:54+00:00,2026-09-09,2911,True,False,False,,False,False,,False,False,,False,False,,False,False,,False,False,,False,False,False,apache-2.0,permissive,1k-10k,,False
emilianJR/epiCRealism,emilianJR,8239,82,"diffusers,safetensors,stable-diffusion,stable-diffusion-diffusers,text-to-image,en,license:creativeml-openrail-m,endpoints_compatible,diffusers:StableDiffusionPipeline,region:us",2023-06-25 12:13:26+00:00,2026-09-09,2230,True,False,False,,False,False,,False,False,,False,False,,False,False,,False,False,,False,False,False,creativeml-openrail-m,RAIL family,1k-10k,,False
lightx2v/Z-Image-Turbo-Quantized,lightx2v,8120,14,"diffusers,diffusion-single-file,comfyui,distillation,Z-Image-Turbo,text-to-image,base_model:Tongyi-MAI/Z-Image-Turbo,base_model:finetune:Tongyi-MAI/Z-Image-Turbo,license:apache-2.0,region:us",2026-01-28 05:27:47+00:00,2026-09-09,3258,True,False,False,,False,False,,False,False,,False,False,,False,False,,False,False,,False,False,False,apache-2.0,permissive,1k-10k,Tongyi-MAI/Z-Image-Turbo,True
tencent/HunyuanImage-3.0,tencent,8021,1121,"transformers,safetensors,hunyuan_image_3_moe,text-generation,text-to-image,custom_code,arxiv:2509.23951,license:other,region:us",2025-09-25 06:28:28+00:00,2026-09-09,25244,True,False,False,,False,False,,False,False,,False,False,,False,False,,False,False,,False,False,False,other,other,1k-10k,,False
city96/stable-diffusion-3.5-large-gguf,city96,7852,135,"gguf,text-to-image,image-generation,stable-diffusion,en,base_model:stabilityai/stable-diffusion-3.5-large,base_model:quantized:stabilityai/stable-diffusion-3.5-large,license:other,region:us",2024-10-22 23:50:18+00:00,2026-09-09,645,True,False,False,,False,False,,False,False,,False,False,,False,False,,False,False,,False,False,False,other,other,1k-10k,stabilityai/stable-diffusion-3.5-large,True
stablediffusionapi/anything-v5,stablediffusionapi,7825,207,"diffusers,safetensors,stablediffusionapi.com,stable-diffusion-api,text-to-image,ultra-realistic,license:creativeml-openrail-m,endpoints_compatible,diffusers:StableDiffusionPipeline,region:us",2023-04-23 07:21:56+00:00,2026-09-09,2230,True,False,False,,False,False,,False,False,,False,False,,False,False,,False,False,,False,False,False,creativeml-openrail-m,RAIL family,1k-10k,,False
xFutureTechx/2025_Loras,xFutureTechx,7719,8,"diffusers,stable-diffusion,ponyxl,loras,illustriousxl,naixl,sdxl,anime,lora,low,low-rank-adaptation,text-to-image,en,base_model:AstraliteHeart/pony-diffusion-v6,base_model:adapter:AstraliteHeart/pony-diffusion-v6,license:creativeml-openrail-m,region:us",2025-01-07 01:15:50+00:00,2026-09-09,453,True,False,False,,False,False,,False,False,,False,False,,False,False,,False,False,,False,False,False,creativeml-openrail-m,RAIL family,1k-10k,AstraliteHeart/pony-diffusion-v6,True
litert-community/FLUX.2-klein-4B-LiteRT,litert-community,7678,8,"litert,tflite,text-to-image,on-device,diffusion-transformer,int8,base_model:black-forest-labs/FLUX.2-klein-4B,base_model:quantized:black-forest-labs/FLUX.2-klein-4B,license:apache-2.0,region:us",2026-07-09 15:02:20+00:00,2026-09-09,18394,True,False,False,,False,False,,False,False,,False,False,,False,False,,False,False,,False,False,False,apache-2.0,permissive,1k-10k,black-forest-labs/FLUX.2-klein-4B,True
Eugeoter/noob-sdxl-controlnet-canny,Eugeoter,7667,6,"diffusers,safetensors,stable-diffusion,stable-diffusion-xl,controlnet,text-to-image,en,base_model:Laxhar/noobai-xl-EarlyAccess,base_model:adapter:Laxhar/noobai-xl-EarlyAccess,license:other,region:us",2024-11-08 11:49:13+00:00,2026-09-09,0,False,False,False,,False,False,,False,False,,False,False,,False,False,,False,False,,False,False,False,other,other,1k-10k,Laxhar/noobai-xl-EarlyAccess,True
openai/shap-e,openai,7562,281,"diffusers,text-to-image,shap-e,text-to-3d,arxiv:2305.02463,license:mit,diffusers:ShapEPipeline,region:us",2023-07-04 13:25:35+00:00,2026-09-09,3807,True,False,False,,False,False,,False,False,,False,False,,False,False,,False,False,,False,False,False,mit,permissive,1k-10k,,False
GeorgyGUF/adidas-tracksuit-with-three-stripes-lora-experiments,GeorgyGUF,7461,1,"diffusers,safetensors,text-to-image,lora,template:diffusion-lora,base_model:black-forest-labs/FLUX.1-dev,base_model:adapter:black-forest-labs/FLUX.1-dev,region:us",2025-05-05 06:16:36+00:00,2026-09-09,917,True,False,False,,False,False,,False,False,,False,False,,False,False,,False,False,,False,False,False,,unspecified,1k-10k,black-forest-labs/FLUX.1-dev,True
LyliaEngine/4x_foolhardy_Remacri,LyliaEngine,7381,2,"diffusers,text-to-image,lora,template:diffusion-lora,base_model:OnomaAIResearch/Illustrious-xl-early-release-v0,base_model:adapter:OnomaAIResearch/Illustrious-xl-early-release-v0,license:cdla-permissive-2.0,region:us",2026-05-22 17:42:20+00:00,2026-09-09,931,True,False,False,,False,False,,False,False,,False,False,,False,False,,False,False,,False,False,False,cdla-permissive-2.0,other,1k-10k,OnomaAIResearch/Illustrious-xl-early-release-v0,True
ModdiAdam/Wild_Krea-2-turbo_NSFW,ModdiAdam,7358,3,"diffusers,gguf,text-to-image,nsfw,krea-2,comfyui,mature,en,base_model:Comfy-Org/Krea-2,base_model:quantized:Comfy-Org/Krea-2,license:other,region:us,not-for-all-audiences",2026-08-15 18:30:50+00:00,2026-09-09,2934,True,False,False,,False,False,,False,False,,True,True,"Disclaimer  This model is intended for mature audiences and may generate adult-oriented content.  Do not use this model to generate illegal content, non-consensual intimate imagery, or sexual content involving minors.  ## Additional Information  - **Language:** English - **Pipeline Tag:** Text-to-Image - **Libra",False,False,,False,False,,False,False,False,other,other,1k-10k,Comfy-Org/Krea-2,True
Lykon/AnyLoRA,Lykon,7355,51,"diffusers,safetensors,stable-diffusion,stable-diffusion-diffusers,text-to-image,art,artistic,anime,dreamshaper,lcm,en,license:creativeml-openrail-m,endpoints_compatible,diffusers:StableDiffusionPipeline,region:us",2023-03-23 01:08:25+00:00,2026-09-09,1184,True,False,False,,False,False,,False,False,,False,False,,False,False,,False,False,,False,False,False,creativeml-openrail-m,RAIL family,1k-10k,,False
diffusers/sdxl-instructpix2pix-768,diffusers,7343,56,"diffusers,safetensors,stable-diffusion-xl,stable-diffusion-xl-diffusers,text-to-image,instruct-pix2pix,dataset:timbrooks/instructpix2pix-clip-filtered,arxiv:2307.01952,arxiv:2211.09800,base_model:stabilityai/stable-diffusion-xl-base-1.0,base_model:finetune:stabilityai/stable-diffusion-xl-base-1.0,license:openrail++,diffusers:StableDiffusionXLInstructPix2PixPipeline,region:us",2023-08-23 05:24:35+00:00,2026-09-09,2957,True,False,False,,False,False,,False,False,,False,False,,False,False,,False,False,,False,False,False,openrail++,RAIL family,1k-10k,stabilityai/stable-diffusion-xl-base-1.0,True
realrebelai/Krea-R-Turbo,realrebelai,7267,9,"gguf,comfyui,krea-2,text-to-image,quantized,lora-merge,en,base_model:krea/Krea-2-Turbo,base_model:quantized:krea/Krea-2-Turbo,license:other,region:us",2026-07-13 20:55:58+00:00,2026-09-09,10391,True,False,False,,False,False,,False,False,,False,False,,False,False,,False,False,,False,False,False,other,other,1k-10k,krea/Krea-2-Turbo,True
Raxephion/Krea2-Serendipity-V2,Raxephion,7231,14,"diffusers,text-to-image,checkpoint,finetuned,krea2,realism,fp8,int8-convrot,bf16,cinematic,base_model:krea/Krea-2-Turbo,base_model:finetune:krea/Krea-2-Turbo,license:other,region:us",2026-08-18 13:29:30+00:00,2026-09-09,9121,True,False,False,,False,False,,True,False,ersonally curated real-world photography **Captioning:** Manual / hand-tagged **Final Model:** LoRA merged permanently into the Krea 2 Turbo base  No synthetic imagery was used as the foundation of the photographic training dataset.  ---   ## Variants  ### Current  * **Fp8** * **BF16** * **Int8ConvRot**    Serendi,False,False,,False,False,,False,False,,False,False,True,other,other,1k-10k,krea/Krea-2-Turbo,True
linoyts/Flux2-Klein-Delight-LoRA,linoyts,7208,32,"diffusers,tensorboard,text-to-image,diffusers-training,lora,flux2,flux2-diffusers,template:sd-lora,base_model:black-forest-labs/FLUX.2-klein-base-9B,base_model:adapter:black-forest-labs/FLUX.2-klein-base-9B,license:other,region:us",2026-01-29 09:31:17+00:00,2026-09-09,2583,True,False,False,,False,False,,False,False,,False,False,,False,False,,False,False,,False,False,False,other,other,1k-10k,black-forest-labs/FLUX.2-klein-base-9B,True
coolthor/comfyui-zimage-sulphur-nvfp4,coolthor,7195,1,"diffusion-single-file,comfyui,nvfp4,quantization,text-to-image,z-image,blackwell,base_model:Tongyi-MAI/Z-Image-Turbo,base_model:finetune:Tongyi-MAI/Z-Image-Turbo,license:apache-2.0,region:us",2026-06-09 08:07:10+00:00,2026-09-09,2295,True,False,False,,False,False,,False,False,,False,False,,False,False,,False,False,,False,False,False,apache-2.0,permissive,1k-10k,Tongyi-MAI/Z-Image-Turbo,True
drbaph/Z-Image-fp8,drbaph,7180,26,"diffusers,comfyui,comfy,z-img,fp8,quantized,text-to-image,en,arxiv:2511.22699,license:apache-2.0,region:us",2026-01-27 19:44:59+00:00,2026-09-09,7586,True,False,False,,False,False,,False,False,,False,False,,False,False,,False,False,,False,False,False,apache-2.0,permissive,1k-10k,,False
lllyasviel/FLUX.1-schnell-gguf,lllyasviel,7165,33,"gguf,text-to-image,image-generation,flux,base_model:black-forest-labs/FLUX.1-schnell,base_model:quantized:black-forest-labs/FLUX.1-schnell,license:apache-2.0,region:us",2024-08-27 13:33:04+00:00,2026-09-09,175,False,False,False,,False,False,,False,False,,False,False,,False,False,,False,False,,False,False,False,apache-2.0,permissive,1k-10k,black-forest-labs/FLUX.1-schnell,True
MaxedOut/ComfyUI-Starter-Packs,MaxedOut,7078,304,"gguf,wan 2.2,text to image,upscale,inpainting,controlnet,depth,canny,redux,comfyui,flux,krea,sdxl,kontext,nunchuka,text-to-image,en,license:other,endpoints_compatible,region:us",2025-04-12 18:18:35+00:00,2026-09-09,8251,True,False,False,,False,False,,False,False,,False,False,,False,False,,False,False,,False,False,False,other,other,1k-10k,,False
ProGamerGov/qwen-360-diffusion,ProGamerGov,7046,58,"diffusers,360,360°,360-degree,360-image,equirectangular,equirectangular-projection,image-generation,text-to-image,en,dataset:CaptionEmporium/pexels-568k-internvl2,base_model:Qwen/Qwen-Image,base_model:finetune:Qwen/Qwen-Image,license:mit,region:us",2025-12-10 19:18:55+00:00,2026-09-09,9097,True,False,False,,False,False,,False,False,,False,False,,False,False,,False,False,,False,False,False,mit,permissive,1k-10k,Qwen/Qwen-Image,True
Quiho/Krea2_NSFW_Uncensored_Complete,Quiho,6948,3,"diffusers,krea2,uncensored,nsfw,vae,text-encoder,checkpoint,abliterated,mix,merge,text-to-image,en,zh,base_model:krea/Krea-2-Turbo,base_model:finetune:krea/Krea-2-Turbo,license:apache-2.0,region:us,not-for-all-audiences",2026-09-03 08:00:47+00:00,2026-09-09,0,False,False,False,,False,False,,False,False,,False,False,,False,False,,False,False,,False,False,False,apache-2.0,permissive,1k-10k,krea/Krea-2-Turbo,True
stablediffusionapi/majicmixrealistic,stablediffusionapi,6852,12,"diffusers,stablediffusionapi.com,stable-diffusion-api,text-to-image,ultra-realistic,license:creativeml-openrail-m,endpoints_compatible,diffusers:StableDiffusionPipeline,region:us",2023-05-23 06:06:03+00:00,2026-09-09,2260,True,False,False,,False,False,,False,False,,False,False,,False,False,,False,False,,False,False,False,creativeml-openrail-m,RAIL family,1k-10k,,False
ostris/qwen_image_edit_inpainting,ostris,6848,88,"diffusers,text-to-image,lora,template:diffusion-lora,base_model:Qwen/Qwen-Image-Edit,base_model:adapter:Qwen/Qwen-Image-Edit,license:apache-2.0,region:us",2025-09-03 14:41:33+00:00,2026-09-09,718,True,False,False,,False,False,,False,False,,False,False,,False,False,,False,False,,False,False,False,apache-2.0,permissive,1k-10k,Qwen/Qwen-Image-Edit,True
Eugeoter/noob-sdxl-controlnet-depth,Eugeoter,6842,9,"diffusers,safetensors,stable-diffusion,stable-diffusion-xl,controlnet,text-to-image,en,base_model:Laxhar/noobai-xl-EarlyAccess,base_model:adapter:Laxhar/noobai-xl-EarlyAccess,license:other,region:us",2024-11-09 03:24:13+00:00,2026-09-09,0,False,False,False,,False,False,,False,False,,False,False,,False,False,,False,False,,False,False,False,other,other,1k-10k,Laxhar/noobai-xl-EarlyAccess,True
GuangyuanSD/Z-Image-Distilled,GuangyuanSD,6787,161,"safetensors,Z,text-to-image,en,zh,base_model:Tongyi-MAI/Z-Image,base_model:finetune:Tongyi-MAI/Z-Image,license:apache-2.0,region:us",2026-01-31 08:19:01+00:00,2026-09-09,12450,True,False,False,,False,False,,False,False,,False,False,,False,False,,False,False,,False,False,False,apache-2.0,permissive,1k-10k,Tongyi-MAI/Z-Image,True
uzumix/krea2filterbypass3.safetensors,uzumix,6774,7,"diffusers,text-to-image,lora,template:diffusion-lora,base_model:krea/Krea-2-Turbo,base_model:adapter:krea/Krea-2-Turbo,region:us",2026-07-08 10:11:27+00:00,2026-09-09,164,False,False,False,,False,False,,False,False,,False,False,,False,False,,False,False,,False,False,False,,unspecified,1k-10k,krea/Krea-2-Turbo,True
shootstuff/LUSTIFY-v2.0,shootstuff,6773,1,"diffusers,safetensors,text-to-image,endpoints_compatible,diffusers:StableDiffusionXLPipeline,region:us",2026-04-25 09:20:45+00:00,2026-09-09,5109,True,False,False,,False,False,,False,False,,False,False,,False,False,,False,False,,False,False,False,,unspecified,1k-10k,,False
TheMistoAI/MistoLine,TheMistoAI,6771,464,"diffusers,art,stable diffusion,ControlNet,SDXL,Diffusion-XL,text-to-image,arxiv:2302.05543,license:openrail++,region:us",2024-05-07 10:15:16+00:00,2026-09-09,7725,True,False,False,,False,False,,False,False,,False,False,,True,True,"y generating and using information for purposes such as law enforcement and immigration  If you use or distribute this model for commercial purposes, you must comply with the following conditions:   1. Clearly acknowledge the contribution of TheMisto.ai to this model in the documentation, website, or other",False,False,,False,False,False,openrail++,RAIL family,1k-10k,,False
Bedovyy/Anima-INT8,Bedovyy,6759,47,"diffusion-single-file,comfyui,text-to-image,base_model:circlestone-labs/Anima,base_model:quantized:circlestone-labs/Anima,license:other,region:us",2026-02-12 18:50:56+00:00,2026-09-09,6822,True,False,False,,False,False,,False,False,,False,False,,False,False,,False,False,,False,False,False,other,other,1k-10k,circlestone-labs/Anima,True
Lykon/AbsoluteReality,Lykon,6739,45,"diffusers,stable-diffusion,stable-diffusion-diffusers,text-to-image,art,artistic,photography,en,license:other,diffusers:StableDiffusionPipeline,region:us",2023-05-31 21:30:57+00:00,2026-09-09,430,True,False,False,,False,False,,False,False,,False,False,,False,False,,False,False,,False,False,False,other,other,1k-10k,,False
Alissonerdx/flux.1-dev-SRPO-LoRas,Alissonerdx,6723,85,"diffusers,srpo,flux-dev,flux,text-to-image,base_model:rockerBOO/flux.1-dev-SRPO,base_model:finetune:rockerBOO/flux.1-dev-SRPO,region:us",2025-09-15 22:09:28+00:00,2026-09-09,2629,True,False,False,,False,False,,False,False,,False,False,,False,False,,False,False,,False,False,False,,unspecified,1k-10k,rockerBOO/flux.1-dev-SRPO,True
shahtab/FLUXNSFWunlock,shahtab,6583,2,"diffusers,text-to-image,lora,template:diffusion-lora,base_model:black-forest-labs/FLUX.1-dev,base_model:adapter:black-forest-labs/FLUX.1-dev,license:apache-2.0,region:us",2025-05-24 21:05:48+00:00,2026-09-09,280,True,False,False,,False,False,,False,False,,False,False,,False,False,,False,False,,False,False,False,apache-2.0,permissive,1k-10k,black-forest-labs/FLUX.1-dev,True
mflux-community/krea-2-turbo-mflux-q8,mflux-community,6498,2,"mflux,safetensors,text-to-image,mlx,flux,krea,apple-silicon,quantized,base_model:krea/Krea-2-Turbo,base_model:finetune:krea/Krea-2-Turbo,license:other,region:us",2026-07-13 00:16:46+00:00,2026-09-09,4247,True,False,False,,False,False,,False,False,,False,False,,False,False,,False,False,,False,False,False,other,other,1k-10k,krea/Krea-2-Turbo,True
nunchaku-ai/nunchaku-z-image-turbo,nunchaku-ai,6361,178,"diffusers,image-editing,SVDQuant,Z-Image-Turbo,Diffusion,Quantization,ICLR2025,text-to-image,en,dataset:mit-han-lab/svdquant-datasets,arxiv:2411.05007,base_model:Tongyi-MAI/Z-Image-Turbo,base_model:quantized:Tongyi-MAI/Z-Image-Turbo,license:apache-2.0,region:us",2025-12-07 17:29:40+00:00,2026-09-09,3624,True,False,False,,False,False,,False,False,,False,False,,False,False,,False,False,,False,False,False,apache-2.0,permissive,1k-10k,Tongyi-MAI/Z-Image-Turbo,True
lllyasviel/FLUX.1-dev-gguf,lllyasviel,6276,113,"gguf,text-to-image,image-generation,flux,base_model:black-forest-labs/FLUX.1-dev,base_model:quantized:black-forest-labs/FLUX.1-dev,license:other,region:us",2024-08-27 13:32:51+00:00,2026-09-09,172,False,False,False,,False,False,,False,False,,False,False,,False,False,,False,False,,False,False,False,other,other,1k-10k,black-forest-labs/FLUX.1-dev,True
AliveAi/Krea-2-Edit-Outfit-Transfer,AliveAi,6268,86,"diffusers,text-to-image,lora,template:diffusion-lora,base_model:krea/Krea-2-Raw,base_model:adapter:krea/Krea-2-Raw,region:us",2026-07-20 13:53:48+00:00,2026-09-09,1573,True,False,False,,False,False,,False,False,,False,False,,False,False,,False,False,,False,False,False,,unspecified,1k-10k,krea/Krea-2-Raw,True
ZawShiShawn/gestura-flux2-klein-4b-litert-tflite,ZawShiShawn,6267,0,"litert,tflite,android,on-device,text-to-image,image-editing,multi-reference,image-to-image,base_model:black-forest-labs/FLUX.2-klein-4B,base_model:finetune:black-forest-labs/FLUX.2-klein-4B,license:apache-2.0,region:us",2026-08-24 13:20:26+00:00,2026-09-09,19856,True,False,False,,False,False,,False,False,,True,True,"el may reproduce or amplify biases present in training data. - The model must not be used for unlawful activity, fraud, harassment, harm to   minors, non-consensual intimate imagery, or other infringement of rights. - Deployers must confirm the rights and lawful basis for using faces,   trademarks, copyrighted wo",True,True,"odel must not be used for unlawful activity, fraud, harassment, harm to   minors, non-consensual intimate imagery, or other infringement of rights. - Deployers must confirm the rights and lawful basis for using faces,   trademarks, copyrighted works, and personal data in model inputs.  Pinned upstream model versi",False,False,,False,False,False,apache-2.0,permissive,1k-10k,black-forest-labs/FLUX.2-klein-4B,True
calcuis/hidream-gguf,calcuis,6191,70,"gguf,gguf-node,text-to-image,en,base_model:HiDream-ai/HiDream-I1-Full,base_model:quantized:HiDream-ai/HiDream-I1-Full,license:mit,region:us",2025-04-14 23:50:10+00:00,2026-09-09,1178,True,False,False,,False,False,,False,False,,False,False,,False,False,,False,False,,False,False,False,mit,permissive,1k-10k,HiDream-ai/HiDream-I1-Full,True
unsloth/FLUX.1-schnell,unsloth,6171,6,"diffusers,safetensors,text-to-image,image-generation,flux,en,license:apache-2.0,endpoints_compatible,diffusers:FluxPipeline,region:us",2026-08-05 14:47:40+00:00,2026-09-09,3900,True,False,False,,False,False,,False,False,,True,True,"e information that can be used to harm an individual. - To harass, abuse, threaten, stalk, or bully individuals or groups of individuals. - To create non-consensual nudity or illegal pornographic content. - For fully automated decision making that adversely impacts an individual's legal rights or otherwise create",False,False,,False,False,,False,False,False,apache-2.0,permissive,1k-10k,,False
city96/HiDream-I1-Dev-gguf,city96,6067,65,"gguf,image-generation,HiDream.ai,text-to-image,en,base_model:HiDream-ai/HiDream-I1-Dev,base_model:quantized:HiDream-ai/HiDream-I1-Dev,license:mit,region:us",2025-04-15 22:23:50+00:00,2026-09-09,671,True,False,False,,False,False,,False,False,,False,False,,False,False,,False,False,,False,False,False,mit,permissive,1k-10k,HiDream-ai/HiDream-I1-Dev,True
UnfilteredAI/NSFW-gen-v2,UnfilteredAI,6027,606,"diffusers,safetensors,UnfilteredAI,3d,text-to-image,not-for-all-audiences,en,pt,th,base_model:HelpingAI/PixelGen,base_model:finetune:HelpingAI/PixelGen,license:other,endpoints_compatible,diffusers:StableDiffusionXLPipeline,region:us",2024-04-15 08:16:46+00:00,2026-09-09,1354,True,False,False,,False,False,,False,False,,False,False,,False,False,,False,False,,False,False,False,other,other,1k-10k,HelpingAI/PixelGen,True
strangerzonehf/Flux-Super-Realism-LoRA,strangerzonehf,5940,272,"diffusers,text-to-image,lora,template:diffusion-lora,Super-Realism,Flux.1-Dev,Dynamic-Realism,Realistic,Photorealism,Hi-Res,UltraRealism,Diffusion,Face,safetensors,Realism-Engine,RAW,4K,base_model:black-forest-labs/FLUX.1-dev,base_model:adapter:black-forest-labs/FLUX.1-dev,license:mit,region:us",2024-11-12 18:40:16+00:00,2026-09-09,5086,True,False,False,,False,False,,False,False,,False,False,,False,False,,False,False,,False,False,False,mit,permissive,1k-10k,black-forest-labs/FLUX.1-dev,True
segmind/small-sd,segmind,5929,36,"diffusers,stable-diffusion,stable-diffusion-diffusers,text-to-image,dataset:recastai/LAION-art-EN-improved-captions,arxiv:2305.15798,base_model:SG161222/Realistic_Vision_V4.0_noVAE,base_model:finetune:SG161222/Realistic_Vision_V4.0_noVAE,license:creativeml-openrail-m,endpoints_compatible,diffusers:StableDiffusionPipeline,region:us",2023-07-27 07:52:25+00:00,2026-09-09,979,True,False,False,,False,False,,False,False,,False,False,,False,False,,False,False,,False,False,False,creativeml-openrail-m,RAIL family,1k-10k,SG161222/Realistic_Vision_V4.0_noVAE,True
frankjoshua/FLUX.1-dev,frankjoshua,5925,4,"diffusers,safetensors,text-to-image,image-generation,flux,en,license:other,endpoints_compatible,diffusers:FluxPipeline,region:us",2024-09-17 18:09:07+00:00,2026-09-09,3937,True,False,False,,False,False,,False,False,,True,True,"e information that can be used to harm an individual. - To harass, abuse, threaten, stalk, or bully individuals or groups of individuals. - To create non-consensual nudity or illegal pornographic content. - For fully automated decision making that adversely impacts an individual's legal rights or otherwise create",False,False,,False,False,,False,False,False,other,other,1k-10k,,False
prithivMLmods/Flux-Long-Toon-LoRA,prithivMLmods,5925,22,"diffusers,text-to-image,lora,template:diffusion-lora,Long-Toons,3D,Toon,base_model:black-forest-labs/FLUX.1-dev,base_model:adapter:black-forest-labs/FLUX.1-dev,license:creativeml-openrail-m,region:us",2024-11-24 12:08:25+00:00,2026-09-09,1587,True,False,False,,False,False,,False,False,,False,False,,False,False,,False,False,,False,False,False,creativeml-openrail-m,RAIL family,1k-10k,black-forest-labs/FLUX.1-dev,True
highscoregames12018/lora-collection,highscoregames12018,5856,0,"diffusers,text-to-image,lora,template:diffusion-lora,base_model:stabilityai/stable-diffusion-xl-base-1.0,base_model:adapter:stabilityai/stable-diffusion-xl-base-1.0,license:apache-2.0,region:us",2026-01-06 18:48:42+00:00,2026-09-09,237,True,False,False,,False,False,,False,False,,False,False,,False,False,,False,False,,False,False,False,apache-2.0,permissive,1k-10k,stabilityai/stable-diffusion-xl-base-1.0,True
TencentARC/PhotoMaker-V2,TencentARC,5806,157,"diffusers,text-to-image,en,arxiv:2312.04461,license:apache-2.0,region:us",2024-07-22 15:09:07+00:00,2026-09-09,2825,True,False,False,,False,False,,False,False,,False,False,,False,False,,False,False,,False,False,False,apache-2.0,permissive,1k-10k,,False
Nurburgring/BEYOND_REALITY_Z_IMAGE,Nurburgring,5762,163,"diffusers,art,text-to-image,zh,base_model:Tongyi-MAI/Z-Image-Turbo,base_model:finetune:Tongyi-MAI/Z-Image-Turbo,license:apache-2.0,region:us",2025-12-21 08:48:06+00:00,2026-09-09,7306,True,False,False,,False,False,,False,False,,False,False,,False,False,,False,False,,False,False,False,apache-2.0,permissive,1k-10k,Tongyi-MAI/Z-Image-Turbo,True
yehiaserag/anime-pencil-diffusion,yehiaserag,5728,170,"diffusers,safetensors,anime,stable-diffusion,aiart,text-to-image,en,license:creativeml-openrail-m,endpoints_compatible,diffusers:StableDiffusionPipeline,region:us",2022-12-03 04:15:22+00:00,2026-09-09,2680,True,False,False,,False,False,,False,False,,False,False,,False,False,,False,False,,False,False,False,creativeml-openrail-m,RAIL family,1k-10k,,False
strangerzonehf/Flux-Midjourney-Mix2-LoRA,strangerzonehf,5694,554,"diffusers,text-to-image,lora,template:diffusion-lora,base_model:black-forest-labs/FLUX.1-dev,base_model:adapter:black-forest-labs/FLUX.1-dev,license:other,region:us",2024-11-26 15:58:30+00:00,2026-09-09,6263,True,False,False,,False,False,,False,False,,False,False,,False,False,,False,False,,False,False,False,other,other,1k-10k,black-forest-labs/FLUX.1-dev,True
zai-org/CogView4-6B,zai-org,5687,257,"diffusers,safetensors,text-to-image,zh,en,arxiv:2403.05121,base_model:zai-org/glm-4-9b,base_model:finetune:zai-org/glm-4-9b,license:apache-2.0,diffusers:CogView4Pipeline,region:us",2025-03-03 12:19:58+00:00,2026-09-09,7163,True,False,False,,False,False,,False,False,,False,False,,False,False,,False,False,,False,False,False,apache-2.0,permissive,1k-10k,zai-org/glm-4-9b,True
byteshape/Qwen-Image-2512-GGUF,byteshape,5667,7,"gguf,qwen-image,text-to-image,image-generation,comfyui,byteshape,base_model:Qwen/Qwen-Image-2512,base_model:quantized:Qwen/Qwen-Image-2512,license:apache-2.0,region:us",2026-07-28 19:42:06+00:00,2026-09-09,8175,True,False,False,,False,False,,False,False,,False,False,,False,False,,False,False,,False,False,False,apache-2.0,permissive,1k-10k,Qwen/Qwen-Image-2512,True
MLbackup/2023_Scraped_SDXL,MLbackup,5651,4,"diffusers,sdxl,stable diffusion,anime,earth and dusk,duskfallcrew,safetensors,sdxl-anikme,sdxl anime,text-to-image,en,base_model:stabilityai/stable-diffusion-xl-base-1.0,base_model:finetune:stabilityai/stable-diffusion-xl-base-1.0,license:creativeml-openrail-m,region:us",2023-07-21 23:18:02+00:00,2026-09-09,28,False,False,False,,False,False,,False,False,,False,False,,False,False,,False,False,,False,False,False,creativeml-openrail-m,RAIL family,1k-10k,stabilityai/stable-diffusion-xl-base-1.0,True
Lykon/dreamshaper-8-lcm,Lykon,5642,16,"diffusers,safetensors,stable-diffusion,stable-diffusion-diffusers,text-to-image,art,artistic,anime,dreamshaper,lcm,en,license:creativeml-openrail-m,endpoints_compatible,diffusers:StableDiffusionPipeline,region:us",2023-12-06 21:58:14+00:00,2026-09-09,2169,True,False,False,,False,False,,False,False,,False,False,,False,False,,False,False,,False,False,False,creativeml-openrail-m,RAIL family,1k-10k,,False
prompthero/openjourney,prompthero,5522,3239,"diffusers,safetensors,stable-diffusion,text-to-image,en,license:creativeml-openrail-m,endpoints_compatible,diffusers:StableDiffusionPipeline,region:us,deploy:azure",2022-11-08 09:44:58+00:00,2026-09-09,2605,True,False,False,,False,False,,False,False,,False,False,,False,False,,False,False,,False,False,False,creativeml-openrail-m,RAIL family,1k-10k,,False
btaskel/noobai-XL-Vpred-1.0-GGUF,btaskel,5501,7,"gguf,quantization,text-to-image,base_model:Laxhar/noobai-XL-Vpred-1.0,base_model:quantized:Laxhar/noobai-XL-Vpred-1.0,region:us",2025-02-12 02:14:15+00:00,2026-09-09,425,True,False,False,,False,False,,False,False,,False,False,,False,False,,False,False,,False,False,False,,unspecified,1k-10k,Laxhar/noobai-XL-Vpred-1.0,True
unsloth/FLUX.2-klein-base-4B-GGUF,unsloth,5471,24,"ggml,gguf,text-to-image,unsloth,image-editing,flux,diffusion-single-file,image-to-image,en,base_model:black-forest-labs/FLUX.2-klein-base-4B,base_model:quantized:black-forest-labs/FLUX.2-klein-base-4B,license:apache-2.0,region:us",2026-01-15 17:47:03+00:00,2026-09-09,10945,True,True,True,"atforms better identify, label, and interpret AI-generated content online. The inference code for FLUX.2 [klein] implements an example of pixel-layer watermarking. Additionally, this repository includes links to the https://c2pa.org/ standard for metadata. The API for FLUX.2 [klein] applies cryptographically-si",True,True,"The inference code for FLUX.2 [klein] implements an example of pixel-layer watermarking. Additionally, this repository includes links to the https://c2pa.org/ standard for metadata. The API for FLUX.2 [klein] applies cryptographically-signed C2PA metadata to downloaded output content to indicate that i",True,True,"and https://www.microsoft.com/. 6. Content provenance. Content provenance features can help users and platforms better identify, label, and interpret AI-generated content online. The inference code for FLUX.2 [klein] implements an example of pixel-layer watermarking. Additionally, this repository includes links",True,True,"e information that can be used to harm an individual. - To harass, abuse, threaten, stalk, or bully individuals or groups of individuals. - To create non-consensual intimate imagery or illegal pornographic content. - For fully automated decision making or high risk applications that adversely impact an individual",True,True,"ers). These prohibit the generation of unlawful content or the use of generated content for unlawful, defamatory, or abusive purposes. Developers and users must consent to these conditions to access the FLUX.2 [klein] 9B models on Hugging Face. 8. Safety. Black Forest Labs takes model safety seriously. We pro",False,False,,False,True,True,apache-2.0,permissive,1k-10k,black-forest-labs/FLUX.2-klein-base-4B,True
mlx-community/Qwen-Image-2512-8bit,mlx-community,5456,4,"mflux,safetensors,mlx,qwen,image-generation,text-to-image,apple-silicon,diffusion,base_model:Qwen/Qwen-Image,base_model:finetune:Qwen/Qwen-Image,license:apache-2.0,region:us",2026-01-01 07:43:42+00:00,2026-09-09,1557,True,False,False,,False,False,,False,False,,False,False,,False,False,,False,False,,False,False,False,apache-2.0,permissive,1k-10k,Qwen/Qwen-Image,True
Alissonerdx/CustomLightning,Alissonerdx,5446,10,"diffusers,text-to-image,lora,qwen,qwen image,QIE,lightning,lightx2v,base_model:Qwen/Qwen-Image-Edit-2511,base_model:adapter:Qwen/Qwen-Image-Edit-2511,region:us",2026-01-02 11:46:29+00:00,2026-09-09,387,True,False,False,,False,False,,False,False,,False,False,,False,False,,False,False,,False,False,False,,unspecified,1k-10k,Qwen/Qwen-Image-Edit-2511,True
Estebandidoooi/NSFW,Estebandidoooi,5396,1,"diffusers,text-to-image,lora,template:diffusion-lora,base_model:Wan-AI/Wan2.1-I2V-14B-720P,base_model:adapter:Wan-AI/Wan2.1-I2V-14B-720P,license:creativeml-openrail-m,region:us,not-for-all-audiences",2026-02-10 06:51:40+00:00,2026-09-09,403,True,False,False,,False,False,,False,False,,False,False,,False,False,,False,False,,False,False,False,creativeml-openrail-m,RAIL family,1k-10k,Wan-AI/Wan2.1-I2V-14B-720P,True
ostris/ideogram_4_turbotime_lora,ostris,5396,135,"diffusers,text-to-image,lora,base_model:ideogram-ai/ideogram-4-fp8,base_model:adapter:ideogram-ai/ideogram-4-fp8,license:other,region:us",2026-06-17 17:07:46+00:00,2026-09-09,2511,True,False,False,,False,False,,False,False,,False,False,,False,False,,False,False,,False,False,False,other,other,1k-10k,ideogram-ai/ideogram-4-fp8,True
calcuis/cosmos-predict2-gguf,calcuis,5355,32,"gguf,gguf-node,text-to-image,base_model:nvidia/Cosmos-Predict2-2B-Text2Image,base_model:quantized:nvidia/Cosmos-Predict2-2B-Text2Image,license:other,region:us",2025-06-17 07:24:33+00:00,2026-09-09,1152,True,False,False,,False,False,,False,False,,False,False,,False,False,,False,False,,False,False,False,other,other,1k-10k,nvidia/Cosmos-Predict2-2B-Text2Image,True
unsloth/Krea-2-Turbo,unsloth,5333,8,"diffusers,safetensors,text-to-image,en,base_model:krea/Krea-2-Raw,base_model:finetune:krea/Krea-2-Raw,license:other,diffusers:Krea2Pipeline,region:us",2026-08-05 14:31:48+00:00,2026-09-09,7423,True,False,False,,False,False,,False,False,,True,True,"s, including image generation, concepting, design exploration, visual production workflows, and integration into applications and creative tools.  ## Out-of-Scope Uses  This model is not intended or designed for uses that violate applicable law or regulations, infringe or misappropriate third-party rights, generate",True,True,"images.  Because this is also an open-weights release, Krea does not control downstream deployment of the model. Under the Krea 2 Community License, deployers are required to implement content filtering measures or equivalent review processes to prevent the generation or distribution of unlawful or policy-violating cont",False,False,,False,False,False,other,other,1k-10k,krea/Krea-2-Raw,True
ostris/krea2_turbo_style_reference,ostris,5325,121,"diffusers,text-to-image,lora,template:diffusion-lora,base_model:krea/Krea-2-Turbo,base_model:adapter:krea/Krea-2-Turbo,license:other,region:us",2026-07-08 20:16:52+00:00,2026-09-09,3439,True,False,False,,False,False,,False,False,,False,False,,False,False,,False,False,,False,False,False,other,other,1k-10k,krea/Krea-2-Turbo,True
JCTN/JCTN_LORAxl,JCTN,5276,5,"diffusers,text-to-image,stable-diffusion,lora,concept,comedy,cereal box,cereal,base_model:stabilityai/stable-diffusion-xl-base-1.0,base_model:adapter:stabilityai/stable-diffusion-xl-base-1.0,license:other,region:us",2023-09-16 20:11:32+00:00,2026-09-09,728,True,False,False,,False,False,,False,False,,False,False,,False,False,,False,False,,False,False,False,other,other,1k-10k,stabilityai/stable-diffusion-xl-base-1.0,True
xiaolxl/GuoFeng4_XL,xiaolxl,5245,31,"diffusers,stable-diffusion,stable-diffusion-diffusers,text-to-image,en,license:cc-by-nc-sa-4.0,region:us",2023-10-28 04:37:37+00:00,2026-09-09,1898,True,False,False,,False,False,,False,False,,False,False,,False,False,,False,False,,False,False,False,cc-by-nc-sa-4.0,non-commercial,1k-10k,,False
Lykon/AAM_XL_AnimeMix,Lykon,5236,25,"diffusers,safetensors,stable-diffusion,stable-diffusion-diffusers,stable-diffusion-xl,text-to-image,art,artistic,anime,en,license:other,endpoints_compatible,diffusers:StableDiffusionXLPipeline,region:us",2024-01-19 10:14:05+00:00,2026-09-09,1359,True,False,False,,False,False,,False,False,,False,False,,False,False,,False,False,,False,False,False,other,other,1k-10k,,False
Wuli-art/Qwen-Image-2512-Turbo-LoRA,Wuli-art,5234,225,"diffusers,Qwen,distillation,lora,text-to-image,en,zh,base_model:Qwen/Qwen-Image-2512,base_model:adapter:Qwen/Qwen-Image-2512,license:apache-2.0,region:us",2025-12-30 02:54:37+00:00,2026-09-09,12333,True,False,False,,False,False,,False,False,,False,False,,False,False,,False,False,,False,False,False,apache-2.0,permissive,1k-10k,Qwen/Qwen-Image-2512,True
TheDivergentAI/krea2-turbo-distill-lora,TheDivergentAI,5217,32,"diffusers,text-to-image,lora,krea2,distillation,template:diffusion-lora,base_model:krea/Krea-2-Raw,base_model:adapter:krea/Krea-2-Raw,license:other,region:us",2026-06-26 21:40:29+00:00,2026-09-09,7278,True,False,False,,False,False,,False,False,,False,False,,False,False,,False,False,,False,False,False,other,other,1k-10k,krea/Krea-2-Raw,True
bench-labs/PixelModel-v6,bench-labs,5217,18,"safetensors,text-to-image,diffusion,rectified-flow,mmdit,tiny,custom-code,en,license:mit,region:us",2026-08-04 03:05:13+00:00,2026-09-09,10221,True,True,False,"data frequency in CC12M rather than a model defect: the architecture change did not fix data scarcity, it just makes better use of what is there.  A watermark and ghost-text artifact shows up intermittently, most often on the lighthouse and boat prompts: faint illegible text-like marks bled in from CC12M's",False,False,,False,False,,False,False,,False,False,,False,False,,False,False,True,mit,permissive,1k-10k,,False
Lasorco/lametta,Lasorco,5173,109,"diffusers,stable-diffusion,text-to-image,safetensors,ja,license:creativeml-openrail-m,region:us",2023-03-28 14:29:55+00:00,2026-09-09,32871,True,False,False,,False,False,,False,False,,False,False,,False,False,,False,False,,False,False,False,creativeml-openrail-m,RAIL family,1k-10k,,False
John6666/epicrealism-xl-v8kiss-sdxl,John6666,5160,4,"diffusers,safetensors,text-to-image,stable-diffusion,stable-diffusion-xl,realistic,photorealistic,photo,license:creativeml-openrail-m,endpoints_compatible,diffusers:StableDiffusionXLPipeline,region:us",2024-07-16 13:43:00+00:00,2026-09-09,88,False,False,False,,False,False,,False,False,,False,False,,False,False,,False,False,,False,False,False,creativeml-openrail-m,RAIL family,1k-10k,,False
calcuis/pony,calcuis,5076,13,"gguf,gguf-node,text-to-image,en,doi:10.57967/hf/4341,license:apache-2.0,region:us",2025-01-03 05:13:55+00:00,2026-09-09,2209,True,False,False,,False,False,,False,False,,False,False,,False,False,,False,False,,False,False,False,apache-2.0,permissive,1k-10k,,False
vantagewithai/Krea-2,vantagewithai,4920,7,"diffusers,text-to-image,en,base_model:krea/Krea-2-Raw,base_model:finetune:krea/Krea-2-Raw,license:other,region:us",2026-06-23 11:25:36+00:00,2026-09-09,6233,True,False,False,,False,False,,False,False,,True,True,"s, including image generation, concepting, design exploration, visual production workflows, and integration into applications and creative tools.  ## Out-of-Scope Uses  This model is not intended or designed for uses that violate applicable law or regulations, infringe or misappropriate third-party rights, generate",True,True,"images.  Because this is also an open-weights release, Krea does not control downstream deployment of the model. Under the Krea 2 Community License, deployers are required to implement content filtering measures or equivalent review processes to prevent the generation or distribution of unlawful or policy-violating cont",False,False,,False,False,False,other,other,1k-10k,krea/Krea-2-Raw,True
XLabs-AI/flux-controlnet-collections,XLabs-AI,4905,548,"diffusers,Stable Diffusion,image-generation,Flux,text-to-image,en,license:other,region:us",2024-08-13 00:09:08+00:00,2026-09-09,2924,True,False,False,,False,False,,False,False,,False,False,,False,False,,False,False,,False,False,False,other,other,1k-10k,,False
RudySen/Krea2-realism-V1,RudySen,4889,10,"diffusers,text-to-image,lora,template:diffusion-lora,base_model:krea/Krea-2-Turbo,base_model:adapter:krea/Krea-2-Turbo,region:us",2026-06-25 01:52:08+00:00,2026-09-09,507,True,False,False,,False,False,,False,False,,False,False,,False,False,,False,False,,False,False,False,,unspecified,1k-10k,krea/Krea-2-Turbo,True
adamo1139/stable-diffusion-3.5-large-ungated,adamo1139,4886,7,"diffusers,safetensors,text-to-image,stable-diffusion,en,arxiv:2403.03206,license:other,diffusers:StableDiffusion3Pipeline,region:us",2024-10-22 18:27:57+00:00,2026-09-09,9467,True,False,False,,False,False,,False,False,,True,True,"imitations of generative models.  All uses of the model must be in accordance with our [Acceptable Use Policy](https://stability.ai/use-policy).  ### Out-of-Scope Uses  The model was not trained to be factual or true representations of people or events.  As such, using the model to generate such content is out-of-s",True,True,"ance between usefulness and preventing harm. However, this does not guarantee that all possible harmful content has been removed. TAll developers and deployers should exercise caution and implement content safety guardrails based on their specific product policies and application use cases. * Misuse: Technical limi",False,False,,False,False,False,other,other,1k-10k,,False
uzumix/krea2_nsfw,uzumix,4844,23,"diffusers,text-to-image,lora,template:diffusion-lora,base_model:krea/Krea-2-Turbo,base_model:adapter:krea/Krea-2-Turbo,region:us,not-for-all-audiences",2026-07-07 17:41:56+00:00,2026-09-09,117,False,False,False,,False,False,,False,False,,False,False,,False,False,,False,False,,False,False,False,,unspecified,1k-10k,krea/Krea-2-Turbo,True
AgentAnon/flux-klein-9b-Biglove-Collection,AgentAnon,4811,0,"diffusers,gguf,flux,flux2,flux-klein,fp8,quantized,text-to-image,image-generation,base_model:black-forest-labs/FLUX.2-klein-base-9B,base_model:quantized:black-forest-labs/FLUX.2-klein-base-9B,license:cc-by-nc-4.0,region:us",2026-07-24 19:20:45+00:00,2026-09-09,2574,True,False,False,,False,False,,False,False,,False,False,,False,False,,False,False,,False,False,False,cc-by-nc-4.0,non-commercial,1k-10k,black-forest-labs/FLUX.2-klein-base-9B,True
AntiLeecher/Flux-Klein-NSFW-Lora,AntiLeecher,4791,12,"diffusers,text-to-image,lora,template:diffusion-lora,base_model:leejet/FLUX.2-klein-base-9B-GGUF,base_model:adapter:leejet/FLUX.2-klein-base-9B-GGUF,license:apache-2.0,region:us,not-for-all-audiences",2026-02-11 17:05:20+00:00,2026-09-09,377,True,False,False,,False,False,,False,False,,False,False,,False,False,,False,False,,False,False,False,apache-2.0,permissive,1k-10k,leejet/FLUX.2-klein-base-9B-GGUF,True
QiE2035/flux2-klein-9b-uncensored-text-encoder-Q2_K-GGUF,QiE2035,4763,3,"gguf,text-to-image,flux2,klein,GGUF,safetensors,text-generation-inference,uncensored,abliterated,abliteration,llama-cpp,gguf-my-repo,en,ja,base_model:ponpoke/flux2-klein-9b-uncensored-text-encoder,base_model:quantized:ponpoke/flux2-klein-9b-uncensored-text-encoder,license:other,endpoints_compatible,region:us",2026-07-12 05:41:13+00:00,2026-09-09,1886,True,False,False,,False,False,,False,False,,False,False,,False,False,,False,False,,False,False,False,other,other,1k-10k,ponpoke/flux2-klein-9b-uncensored-text-encoder,True
markury/FLUX.1-Krea-dev-gguf,markury,4752,0,"gguf,text-to-image,image-generation,flux,base_model:black-forest-labs/FLUX.1-Krea-dev,base_model:quantized:black-forest-labs/FLUX.1-Krea-dev,license:other,region:us",2025-07-31 15:16:50+00:00,2026-09-09,544,True,False,False,,False,False,,False,False,,False,False,,False,False,,False,False,,False,False,False,other,other,1k-10k,black-forest-labs/FLUX.1-Krea-dev,True
cusiman/Krea2_Collection,cusiman,4739,9,"diffusers,krea2,text-to-image,image-generation,dit,fp8,comfyui,krea,license:other,region:us",2026-07-21 02:40:04+00:00,2026-09-09,4730,True,False,False,,False,False,,False,False,,False,False,,False,False,,False,False,,False,False,False,other,other,1k-10k,,False
pmczip/Z-Image-Turbo_Models,pmczip,4713,12,"diffusers,safetensors,lora,t2i,text-to-image,photorealistic,woman,celebrity,likeness,z-image,Z-Image-Turbo,z-image_turbo,ZiT,en,base_model:Tongyi-MAI/Z-Image-Turbo,base_model:adapter:Tongyi-MAI/Z-Image-Turbo,license:other,region:us",2026-01-06 04:31:51+00:00,2026-09-09,0,False,False,False,,False,False,,False,False,,False,False,,False,False,,False,False,,False,False,False,other,other,1k-10k,Tongyi-MAI/Z-Image-Turbo,True
KM445/flux2-klein-9b-uncensored-text-encoder-Q8_0-GGUF,KM445,4672,4,"gguf,text-to-image,flux2,klein,GGUF,safetensors,text-generation-inference,uncensored,abliterated,abliteration,llama-cpp,gguf-my-repo,en,ja,base_model:ponpoke/flux2-klein-9b-uncensored-text-encoder,base_model:quantized:ponpoke/flux2-klein-9b-uncensored-text-encoder,license:other,endpoints_compatible,region:us",2026-08-11 20:17:38+00:00,2026-09-09,1886,True,False,False,,False,False,,False,False,,False,False,,False,False,,False,False,,False,False,False,other,other,1k-10k,ponpoke/flux2-klein-9b-uncensored-text-encoder,True
lzyvegetable/FLUX.1-schnell,lzyvegetable,4668,1,"diffusers,safetensors,text-to-image,image-generation,flux,en,license:apache-2.0,endpoints_compatible,diffusers:FluxPipeline,region:us",2024-09-10 00:43:42+00:00,2026-09-09,3587,True,False,False,,False,False,,False,False,,True,True,"e information that can be used to harm an individual. - To harass, abuse, threaten, stalk, or bully individuals or groups of individuals. - To create non-consensual nudity or illegal pornographic content. - For fully automated decision making that adversely impacts an individual's legal rights or otherwise create",False,False,,False,False,,False,False,False,apache-2.0,permissive,1k-10k,,False
calcuis/illustrious,calcuis,4649,71,"gguf,gguf-node,text-to-image,en,base_model:OnomaAIResearch/Illustrious-xl-early-release-v0,base_model:quantized:OnomaAIResearch/Illustrious-xl-early-release-v0,doi:10.57967/hf/4512,license:apache-2.0,region:us",2025-01-12 09:25:28+00:00,2026-09-09,2285,True,False,False,,False,False,,False,False,,False,False,,False,False,,False,False,,False,False,False,apache-2.0,permissive,1k-10k,OnomaAIResearch/Illustrious-xl-early-release-v0,True
LyliaEngine/ponyRealism_v21MainVAE,LyliaEngine,4646,30,"diffusers,text-to-image,stable-diffusion,lora,template:sd-lora,base_model:LyliaEngine/Pony_Diffusion_V6_XL,base_model:adapter:LyliaEngine/Pony_Diffusion_V6_XL,license:cdla-permissive-2.0,region:us",2024-06-23 13:27:39+00:00,2026-09-09,2553,True,False,False,,False,False,,False,False,,False,False,,False,False,,False,False,,False,False,False,cdla-permissive-2.0,other,1k-10k,LyliaEngine/Pony_Diffusion_V6_XL,True
profpeng/nsfwv2,profpeng,4644,1,"diffusers,text-to-image,lora,template:diffusion-lora,base_model:Wan-AI/Wan2.2-I2V-A14B,base_model:adapter:Wan-AI/Wan2.2-I2V-A14B,region:us",2026-01-02 16:39:20+00:00,2026-09-09,435,True,False,False,,False,False,,False,False,,False,False,,False,False,,False,False,,False,False,False,,unspecified,1k-10k,Wan-AI/Wan2.2-I2V-A14B,True
vantagewithai/Krea-2-Raw-GGUF,vantagewithai,4600,16,"diffusers,gguf,text-to-image,en,base_model:krea/Krea-2-Raw,base_model:quantized:krea/Krea-2-Raw,license:other,region:us",2026-06-23 11:23:47+00:00,2026-09-09,6230,True,False,False,,False,False,,False,False,,True,True,"s, including image generation, concepting, design exploration, visual production workflows, and integration into applications and creative tools.  ## Out-of-Scope Uses  This model is not intended or designed for uses that violate applicable law or regulations, infringe or misappropriate third-party rights, generate",True,True,"images.  Because this is also an open-weights release, Krea does not control downstream deployment of the model. Under the Krea 2 Community License, deployers are required to implement content filtering measures or equivalent review processes to prevent the generation or distribution of unlawful or policy-violating cont",False,False,,False,False,False,other,other,1k-10k,krea/Krea-2-Raw,True
Meina/MeinaMix,Meina,4598,155,"diffusers,anime,art,stable diffusion,text-to-image,en,license:creativeml-openrail-m,region:us",2023-02-08 08:52:00+00:00,2026-09-09,1325,True,False,False,,False,False,,False,False,,False,False,,False,False,,False,False,,False,False,False,creativeml-openrail-m,RAIL family,1k-10k,,False
Linaqruf/anime-detailer-xl-lora,Linaqruf,4584,64,"diffusers,text-to-image,stable-diffusion,lora,safetensors,stable-diffusion-xl,en,base_model:Linaqruf/animagine-xl-2.0,base_model:adapter:Linaqruf/animagine-xl-2.0,license:openrail++,region:us",2023-11-23 03:48:18+00:00,2026-09-09,6751,True,True,False,", bad hands, text, error, missing fingers, extra digit, fewer digits, cropped, worst quality, low quality, normal quality, jpeg artifacts, signature, watermark, username, blurry""  image = pipe(     prompt,      negative_prompt=negative_prompt,      width=1024,     height=1024,     guidance_scale=12,     num_",False,False,,False,False,,False,False,,False,False,,False,False,,False,False,True,openrail++,RAIL family,1k-10k,Linaqruf/animagine-xl-2.0,True
inclusionAI/LLaDA2.0-Uni,inclusionAI,4580,251,"transformers,diffusers,safetensors,llada2_moe,feature-extraction,multimodal,image-generation,image-understanding,image-editing,diffusion,moe,text-to-image,any-to-any,custom_code,en,arxiv:2604.20796,base_model:inclusionAI/LLaDA2.0-mini,base_model:finetune:inclusionAI/LLaDA2.0-mini,license:apache-2.0,region:us",2026-04-22 17:10:47+00:00,2026-09-09,12179,True,False,False,,False,False,,False,False,,False,False,,False,False,,False,False,,False,False,False,apache-2.0,permissive,1k-10k,inclusionAI/LLaDA2.0-mini,True
second-state/FLUX.1-schnell-GGUF,second-state,4548,17,"gguf,text-to-image,image-generation,flux,en,base_model:black-forest-labs/FLUX.1-schnell,base_model:quantized:black-forest-labs/FLUX.1-schnell,license:apache-2.0,region:us",2024-08-25 06:26:56+00:00,2026-09-09,3532,True,False,False,,False,False,,False,False,,False,False,,False,False,,False,False,,False,False,False,apache-2.0,permissive,1k-10k,black-forest-labs/FLUX.1-schnell,True
stabilityai/stable-diffusion-3-medium,stabilityai,4525,5023,"diffusion-single-file,text-to-image,stable-diffusion,en,arxiv:2403.03206,license:other,region:us",2024-05-30 07:38:13+00:00,2026-09-09,8422,True,False,False,,False,False,,False,False,,True,True,"itations of generative models.  All uses of the model should be in accordance with our [Acceptable Use Policy](https://stability.ai/use-policy).  ### Out-of-Scope Uses  The model was not trained to be factual or true representations of people or events.  As such, using the model to generate such content is out-of-s",True,True,"does not guarantee that all possible harmful content has been removed. The model may, at times, generate toxic or biased content.  All developers and deployers should exercise caution and implement content safety guardrails based on their specific product policies and application use cases. * Misuse: Technical limi",False,False,,False,False,False,other,other,1k-10k,,False
Limbicnation/pixel-art-lora,Limbicnation,4513,54,"diffusers,lora,flux,pixel-art,game-asset,sprite,character-design,text-to-image,FLUX.2-klein-4B,en,dataset:Limbicnation/pixel-art-character,base_model:black-forest-labs/FLUX.2-klein-4B,base_model:adapter:black-forest-labs/FLUX.2-klein-4B,license:apache-2.0,region:us",2023-03-15 03:04:03+00:00,2026-09-09,6013,True,False,False,,True,False,"ages (CC0 curated + synthetic) |  **Final loss:** ~1.8 - 2.0 (stable convergence)  Full training config: [`config.yaml`](./config.yaml)  ## Dataset & Provenance  - **Training dataset:** [Limbicnation/pixel-art-character](https://huggingface.co/datasets/Limbicnation/pixel-art-character) (1,010 images) - **Lice",False,False,,False,False,,True,True,eline class:** `Flux2KleinPipeline` (not `FluxPipeline`) - **VAE:** `AutoencoderKLFlux2` - **Distilled:** 4-step inference with guidance scale 1.0  > You must use `diffusers >= 0.37.0.dev0` (install from git main branch). The released 0.36.x does not include `Flux2KleinPipeline`.  ## License  This LoRA adap,False,False,,False,False,True,apache-2.0,permissive,1k-10k,black-forest-labs/FLUX.2-klein-4B,True
wolfer45/nsfwv2-zit,wolfer45,4507,4,"diffusers,text-to-image,lora,template:diffusion-lora,base_model:Tongyi-MAI/Z-Image-Turbo,base_model:adapter:Tongyi-MAI/Z-Image-Turbo,region:us",2026-02-22 09:38:48+00:00,2026-09-09,240,True,False,False,,False,False,,False,False,,False,False,,False,False,,False,False,,False,False,False,,unspecified,1k-10k,Tongyi-MAI/Z-Image-Turbo,True
HyperX-Sentience/Juggernaut-Reborn,HyperX-Sentience,4498,9,"diffusers,stable-diffusion,text-to-image,image-generation,juggernaut,kandooai,civitai,ai-art,diffusion-models,art-generation,creative-ml,en,base_model:stable-diffusion-v1-5/stable-diffusion-v1-5,base_model:finetune:stable-diffusion-v1-5/stable-diffusion-v1-5,license:mit,region:us",2025-02-26 05:37:57+00:00,2026-09-09,2728,True,False,False,,False,False,,False,False,,False,False,,True,True,be used for:  - Creating concept art - Generating illustrations - Exploring creative ideas - Enhancing design workflows  **Limitations and Biases**  Users should be aware of the following limitations:  - The model's outputs are highly dependent on the quality and specificity of the input text. - It may produce,False,False,,False,False,False,mit,permissive,1k-10k,stable-diffusion-v1-5/stable-diffusion-v1-5,True
EnD-Diffusers/EarthnDusk-Nov-SD15-Merges-Mixes,EnD-Diffusers,4497,1,"diffusers,stable diffusion,anime,comic books,illustration,text-to-image,en,dataset:EarthnDusk/Creative-Embeddings-OLD,license:creativeml-openrail-m,region:us",2023-11-03 03:11:04+00:00,2026-09-09,3013,True,False,False,,False,False,,False,False,,False,False,,False,False,,False,False,,False,False,False,creativeml-openrail-m,RAIL family,1k-10k,,False
Eugeoter/noob-sdxl-controlnet-lineart_anime,Eugeoter,4490,6,"diffusers,safetensors,stable-diffusion,stable-diffusion-xl,controlnet,text-to-image,en,base_model:Laxhar/noobai-xl-EarlyAccess,base_model:adapter:Laxhar/noobai-xl-EarlyAccess,license:other,region:us",2024-11-11 01:29:17+00:00,2026-09-09,0,False,False,False,,False,False,,False,False,,False,False,,False,False,,False,False,,False,False,False,other,other,1k-10k,Laxhar/noobai-xl-EarlyAccess,True
darkmaniac7/TokForge-DreamShaper-LCM-GGUF-q4,darkmaniac7,4490,1,"gguf,text-to-image,stable-diffusion,dreamshaper,lcm,stable-diffusion-cpp,tokforge,quantized,q4_0,base_model:Lykon/dreamshaper-7,base_model:quantized:Lykon/dreamshaper-7,license:creativeml-openrail-m,region:us",2026-06-22 06:41:26+00:00,2026-09-09,4666,True,False,False,,True,False,"d with people shopping, candid street photo"" \   --sampling-method lcm --scheduler lcm --steps 6 --cfg-scale 1.5 \   -W 512 -H 512 -o out.png ```  ## Provenance & how this was built  1. Started from [`TokForge-DreamShaper-LCM-GGUF`](https://huggingface.co/darkmaniac7/TokForge-DreamShaper-LCM-GGUF)    `dreamsh",False,False,,False,False,,False,False,,False,False,,False,False,True,creativeml-openrail-m,RAIL family,1k-10k,Lykon/dreamshaper-7,True
Shakker-Labs/FLUX.1-dev-LoRA-Dark-Fantasy,Shakker-Labs,4479,47,"diffusers,text-to-image,stable-diffusion,lora,image-generation,flux,safetensors,base_model:black-forest-labs/FLUX.1-dev,base_model:adapter:black-forest-labs/FLUX.1-dev,license:other,region:us",2024-09-13 10:21:15+00:00,2026-09-09,1289,True,False,False,,False,False,,False,False,,False,False,,False,False,,False,False,,False,False,False,other,other,1k-10k,black-forest-labs/FLUX.1-dev,True
xey/sldr_flux_nsfw_v2-studio,xey,4476,307,"diffusers,text-to-image,template:diffusion-lora,lora,flux,flux dev,base_model:black-forest-labs/FLUX.1-dev,base_model:adapter:black-forest-labs/FLUX.1-dev,region:us,not-for-all-audiences",2024-10-28 20:53:12+00:00,2026-09-09,64,False,False,False,,False,False,,False,False,,False,False,,False,False,,False,False,,False,False,False,,unspecified,1k-10k,black-forest-labs/FLUX.1-dev,True
hoidhxd/SenseNova-U1.5-8B-GGUF-v2,hoidhxd,4463,3,"gguf,quantized,text-to-image,sensenova,mot,all-in-one,comfyui,base_model:sensenova/SenseNova-U1.5-8B-MoT-Preview,base_model:quantized:sensenova/SenseNova-U1.5-8B-MoT-Preview,region:us",2026-08-16 12:55:48+00:00,2026-09-09,12049,True,False,False,,False,False,,False,False,,False,False,,False,False,,False,False,,False,False,False,,unspecified,1k-10k,sensenova/SenseNova-U1.5-8B-MoT-Preview,True
digiplay/DreamShaper_8,digiplay,4460,22,"diffusers,safetensors,stable-diffusion,stable-diffusion-diffusers,text-to-image,license:other,endpoints_compatible,diffusers:StableDiffusionPipeline,region:us",2023-07-30 13:39:08+00:00,2026-09-09,1188,True,False,False,,False,False,,False,False,,False,False,,False,False,,False,False,,False,False,False,other,other,1k-10k,,False
John6666/wai-nsfw-illustrious-sdxl-v140-sdxl,John6666,4459,9,"diffusers,safetensors,text-to-image,stable-diffusion,stable-diffusion-xl,not-for-all-audiences,anime,hentai,girls,Illustrious XL v1.0,illustrious,en,base_model:OnomaAIResearch/Illustrious-XL-v1.0,base_model:finetune:OnomaAIResearch/Illustrious-XL-v1.0,license:other,endpoints_compatible,diffusers:StableDiffusionXLPipeline,region:us",2025-05-09 07:02:13+00:00,2026-09-09,181,False,False,False,,False,False,,False,False,,False,False,,False,False,,False,False,,False,False,False,other,other,1k-10k,OnomaAIResearch/Illustrious-XL-v1.0,True
ChrisColeTech/krea2-turbo-edit-GGUF,ChrisColeTech,4457,10,"gguf,text-to-image,image-to-image,image-editing,quantized,krea,distilled,license:unknown,region:us",2026-07-30 01:28:38+00:00,2026-09-09,7028,True,False,False,,False,False,,False,False,,False,False,,False,False,,False,False,,False,False,False,unknown,other,1k-10k,,False
Linaqruf/style-enhancer-xl-lora,Linaqruf,4394,25,"diffusers,text-to-image,stable-diffusion,lora,safetensors,stable-diffusion-xl,en,base_model:Linaqruf/animagine-xl-2.0,base_model:adapter:Linaqruf/animagine-xl-2.0,license:openrail++,region:us",2023-11-23 03:50:05+00:00,2026-09-09,6374,True,True,False,", bad hands, text, error, missing fingers, extra digit, fewer digits, cropped, worst quality, low quality, normal quality, jpeg artifacts, signature, watermark, username, blurry""  image = pipe(     prompt,      negative_prompt=negative_prompt,      width=1024,     height=1024,     guidance_scale=12,     num_",False,False,,False,False,,False,False,,False,False,,False,False,,False,False,True,openrail++,RAIL family,1k-10k,Linaqruf/animagine-xl-2.0,True
city96/HiDream-I1-Full-gguf,city96,4370,68,"gguf,image-generation,HiDream.ai,text-to-image,en,base_model:HiDream-ai/HiDream-I1-Full,base_model:quantized:HiDream-ai/HiDream-I1-Full,license:mit,region:us",2025-04-16 02:19:16+00:00,2026-09-09,673,True,False,False,,False,False,,False,False,,False,False,,False,False,,False,False,,False,False,False,mit,permissive,1k-10k,HiDream-ai/HiDream-I1-Full,True
vantagewithai/Z-Image-Turbo-GGUF,vantagewithai,4355,52,"diffusers,gguf,text-to-image,en,arxiv:2511.13649,license:apache-2.0,region:us",2025-11-28 04:17:07+00:00,2026-09-09,13827,True,False,False,,False,False,,False,False,,False,False,,False,False,,False,False,,False,False,False,apache-2.0,permissive,1k-10k,,False
John6666/lustify-sdxl-nsfwsfw-v2-sdxl,John6666,4309,6,"diffusers,safetensors,text-to-image,stable-diffusion,stable-diffusion-xl,realistic,photorealistic,photo,general use,nsfw,en,license:creativeml-openrail-m,endpoints_compatible,diffusers:StableDiffusionXLPipeline,region:us",2024-08-09 21:51:48+00:00,2026-09-09,125,False,False,False,,False,False,,False,False,,False,False,,False,False,,False,False,,False,False,False,creativeml-openrail-m,RAIL family,1k-10k,,False
mingyi456/Z-Image-Turbo-Misc-Finetunes-DF11-ComfyUI,mingyi456,4294,14,"diffusion-single-file,comfyui,text-to-image,en,zh,base_model:Tongyi-MAI/Z-Image-Turbo,base_model:finetune:Tongyi-MAI/Z-Image-Turbo,license:apache-2.0,region:us",2025-12-24 16:25:19+00:00,2026-09-09,4420,True,False,False,,False,False,,False,False,,False,False,,False,False,,False,False,,False,False,False,apache-2.0,permissive,1k-10k,Tongyi-MAI/Z-Image-Turbo,True
hum-ma/SDXL-models-GGUF,hum-ma,4293,30,"diffusers,gguf,text-to-image,region:us",2025-01-22 06:40:29+00:00,2026-09-09,2507,True,False,False,,False,False,,False,False,,False,False,,False,False,,False,False,,False,False,False,,unspecified,1k-10k,,False
nhathoangfoto/Flux.2-Klein-9B-MatchingPose,nhathoangfoto,4288,45,"diffusers,lora,flux,flux.2,flux.2-klein,matchingpose,pose-transfer,character-consistency,image-to-image,text-to-image,image-text-to-image,en,base_model:black-forest-labs/FLUX.2-klein-base-9B,base_model:adapter:black-forest-labs/FLUX.2-klein-base-9B,license:apache-2.0,region:us",2026-04-19 09:03:32+00:00,2026-09-09,10231,True,False,False,,False,False,,True,False,"h high pose fidelity - **Preserves the character's identity, face, and style** from the face reference - **Works with any input face** — photographs, AI-generated characters, illustrations - **Matches limb position, body orientation, and overall composition** exactly - **Produces natural skin, clothing, and lig",False,False,,False,False,,False,False,,False,False,True,apache-2.0,permissive,1k-10k,black-forest-labs/FLUX.2-klein-base-9B,True
gpustack/stable-diffusion-xl-base-1.0-GGUF,gpustack,4258,4,"gguf,text-to-image,stable-diffusion,arxiv:2307.01952,arxiv:2211.01324,arxiv:2108.01073,arxiv:2112.10752,license:openrail++,region:us",2024-11-08 08:16:33+00:00,2026-09-09,9514,True,True,False,".19.0: ``` pip install diffusers --upgrade ```  In addition make sure to install `transformers`, `safetensors`, `accelerate` as well as the invisible watermark: ``` pip install invisible_watermark transformers accelerate safetensors ```  To just use the base model, you can run:  ```py from diffusers import D",False,False,,False,False,,True,True,"al to generate harmful content. - Probing and understanding the limitations and biases of generative models.  Excluded uses are described below.  ### Out-of-Scope Use  The model was not trained to be factual or true representations of people or events, and therefore using the model to generate such content is out-o",False,False,,False,False,,True,False,True,openrail++,RAIL family,1k-10k,,False
dreamlike-art/dreamlike-diffusion-1.0,dreamlike-art,4257,1024,"diffusers,safetensors,stable-diffusion,stable-diffusion-diffusers,text-to-image,art,artistic,en,license:other,diffusers:StableDiffusionPipeline,region:us",2022-12-11 04:16:04+00:00,2026-09-09,4835,True,False,False,,False,False,,False,False,,False,False,,False,False,,False,False,,False,False,False,other,other,1k-10k,,False
Yntec/AnythingV5,Yntec,4250,2,"diffusers,safetensors,anime,ink,lines,Yuno779,stable-diffusion,stable-diffusion-diffusers,text-to-image,en,base_model:Yntec/AnythingV3,base_model:finetune:Yntec/AnythingV3,license:creativeml-openrail-m,endpoints_compatible,diffusers:StableDiffusionPipeline,region:us",2024-05-22 17:38:34+00:00,2026-09-09,1203,True,False,False,,False,False,,False,False,,False,False,,False,False,,False,False,,False,False,False,creativeml-openrail-m,RAIL family,1k-10k,Yntec/AnythingV3,True
renderartist/Classic-Painting-Z-Image-Turbo-LoRA,renderartist,4230,19,"diffusers,text-to-image,lora,template:diffusion-lora,base_model:Tongyi-MAI/Z-Image-Turbo,base_model:adapter:Tongyi-MAI/Z-Image-Turbo,license:apache-2.0,region:us",2025-12-02 18:24:17+00:00,2026-09-09,1440,True,False,False,,False,False,,False,False,,False,False,,False,False,,False,False,,False,False,False,apache-2.0,permissive,1k-10k,Tongyi-MAI/Z-Image-Turbo,True
kpsss34/FHDR_Uncensored,kpsss34,4224,625,"diffusers,safetensors,gguf,art,text-to-image,en,base_model:black-forest-labs/FLUX.1-dev,base_model:quantized:black-forest-labs/FLUX.1-dev,license:other,endpoints_compatible,diffusers:FluxPipeline,region:us",2025-10-26 12:28:20+00:00,2026-09-09,1001,True,False,False,,False,False,,False,False,,False,False,,False,False,,False,False,,False,False,False,other,other,1k-10k,black-forest-labs/FLUX.1-dev,True
LyliaEngine/hassakuXLIllustrious_v22,LyliaEngine,4198,1,"diffusers,text-to-image,lora,template:diffusion-lora,base_model:OnomaAIResearch/Illustrious-xl-early-release-v0,base_model:adapter:OnomaAIResearch/Illustrious-xl-early-release-v0,license:cdla-permissive-2.0,region:us",2025-05-07 09:36:48+00:00,2026-09-09,2293,True,False,False,,False,False,,False,False,,False,False,,False,False,,False,False,,False,False,False,cdla-permissive-2.0,other,1k-10k,OnomaAIResearch/Illustrious-xl-early-release-v0,True
Winnougan/Ideogram_Instant_NSFW,Winnougan,4196,16,"diffusers,safetensors,text-to-image,image-generation,flow-matching,ideogram4,finetune,base_model:ideogram-ai/ideogram-4-fp8,base_model:finetune:ideogram-ai/ideogram-4-fp8,license:other,region:us,not-for-all-audiences",2026-07-20 16:42:34+00:00,2026-09-09,4303,True,False,False,,True,False,"├── NOTICE └── transformer/  (or lora/ depending on release type)     ├── config.json     └── diffusion_pytorch_model.safetensors ```  ## Weights and provenance  This model is a fine-tune derived from Ideogram 4 (via `ideogram-ai/ideogram-4-fp8` and/or `fal/ideogram-v4-fast`). [Describe any conversion, quanti",False,False,,False,False,,False,False,,False,False,,False,False,True,other,other,1k-10k,ideogram-ai/ideogram-4-fp8,True
SargeZT/controlnet-sd-xl-1.0-softedge-dexined,SargeZT,4147,50,"diffusers,stable-diffusion-xl,stable-diffusion-xl-diffusers,text-to-image,controlnet,base_model:stabilityai/stable-diffusion-xl-base-1.0,base_model:adapter:stabilityai/stable-diffusion-xl-base-1.0,license:creativeml-openrail-m,region:us",2023-08-14 09:04:22+00:00,2026-09-09,1066,True,False,False,,False,False,,False,False,,False,False,,False,False,,False,False,,False,False,False,creativeml-openrail-m,RAIL family,1k-10k,stabilityai/stable-diffusion-xl-base-1.0,True
ABDALLALSWAITI/FLUX.1-dev-ControlNet-Union-Pro-2.0-fp8,ABDALLALSWAITI,4131,58,"diffusers,safetensors,quantized,fp8,e4m3,Text-to-Image,ControlNet,Diffusers,Flux.1-dev,image-generation,Stable Diffusion,quantization,reduced-precision,text-to-image,en,base_model:Shakker-Labs/FLUX.1-dev-ControlNet-Union-Pro-2.0,base_model:quantized:Shakker-Labs/FLUX.1-dev-ControlNet-Union-Pro-2.0,license:other,region:us",2025-04-19 20:19:03+00:00,2026-09-09,8650,True,False,False,,False,False,,False,False,,False,False,,False,False,,False,False,,False,False,False,other,other,1k-10k,Shakker-Labs/FLUX.1-dev-ControlNet-Union-Pro-2.0,True
John2386/fullgreed,John2386,4126,27,"diffusion-single-file,text-to-image,z-image,comfyui,int8,photorealistic,arxiv:2511.22699,base_model:Tongyi-MAI/Z-Image,base_model:finetune:Tongyi-MAI/Z-Image,license:apache-2.0,region:us",2026-06-28 18:50:40+00:00,2026-09-09,3164,True,False,False,,False,False,,False,False,,False,False,,False,False,,False,False,,False,False,False,apache-2.0,permissive,1k-10k,Tongyi-MAI/Z-Image,True
unsloth/FLUX.2-klein-4B,unsloth,4108,5,"diffusers,safetensors,text-to-image,image-editing,flux,diffusion-single-file,image-to-image,en,license:apache-2.0,diffusers:Flux2KleinPipeline,region:us",2026-08-06 14:03:29+00:00,2026-09-09,10117,True,True,True,"atforms better identify, label, and interpret AI-generated content online. The inference code for FLUX.2 [klein] implements an example of pixel-layer watermarking. Additionally, this repository includes links to the https://c2pa.org/ standard for metadata. The API for FLUX.2 [klein] applies cryptographically-si",True,True,"The inference code for FLUX.2 [klein] implements an example of pixel-layer watermarking. Additionally, this repository includes links to the https://c2pa.org/ standard for metadata. The API for FLUX.2 [klein] applies cryptographically-signed C2PA metadata to downloaded output content to indicate that i",True,True,"and https://www.microsoft.com/. 6. Content provenance. Content provenance features can help users and platforms better identify, label, and interpret AI-generated content online. The inference code for FLUX.2 [klein] implements an example of pixel-layer watermarking. Additionally, this repository includes links",True,True,"e information that can be used to harm an individual. - To harass, abuse, threaten, stalk, or bully individuals or groups of individuals. - To create non-consensual intimate imagery or illegal pornographic content. - For fully automated decision making or high risk applications that adversely impact an individual",False,False,,False,False,,False,True,True,apache-2.0,permissive,1k-10k,,False
xFutureTechx/2024_Backups,xFutureTechx,4106,1,"diffusers,stable diffusion,art,text-to-image,en,dataset:Duskfallcrew/Creative-Embeddings,dataset:EarthnDusk/Embeddings_SD15,base_model:stable-diffusion-v1-5/stable-diffusion-v1-5,base_model:finetune:stable-diffusion-v1-5/stable-diffusion-v1-5,license:creativeml-openrail-m,region:us",2023-07-02 09:49:08+00:00,2026-09-09,498,True,False,False,,False,False,,False,False,,False,False,,False,False,,False,False,,False,False,False,creativeml-openrail-m,RAIL family,1k-10k,stable-diffusion-v1-5/stable-diffusion-v1-5,True
gpustack/stable-diffusion-v1-5-GGUF,gpustack,4056,3,"gguf,stable-diffusion,stable-diffusion-diffusers,text-to-image,arxiv:2207.12598,arxiv:2112.10752,arxiv:2103.00020,arxiv:2205.11487,arxiv:1910.09700,license:creativeml-openrail-m,region:us",2024-11-08 06:29:36+00:00,2026-09-09,14906,True,True,False,"oved-aesthetics"" (a subset of laion2B-en, filtered to images with an original size `>= 512x512`, estimated aesthetics score `> 5.0`, and an estimated watermark probability `< 0.5`. The watermark estimate is from the LAION-5B metadata, the aesthetics score is estimated using an [improved aesthetics estimator]",False,False,,False,False,,True,True,"of people or their environments, cultures, religions, etc. - Intentionally promoting or propagating discriminatory content or harmful stereotypes. - Impersonating individuals without their consent. - Sexual content without consent of the people who might see it. - Mis- and disinformation - Representations of",False,False,,False,False,,False,False,True,creativeml-openrail-m,RAIL family,1k-10k,,False
AX1Y2JP/FLUX.1-schnell-krea-lora-merged,AX1Y2JP,4011,0,"diffusers,gguf,text-to-image,image-generation,comfyui,flux,krea,lora,merged,finetune,base_model:black-forest-labs/FLUX.1-schnell,base_model:finetune:black-forest-labs/FLUX.1-schnell,license:other,region:us",2026-05-02 03:57:25+00:00,2026-09-09,230,True,False,False,,False,False,,False,False,,False,False,,False,False,,False,False,,False,False,False,other,other,1k-10k,black-forest-labs/FLUX.1-schnell,True
deepseek-ai/Janus-1.3B,deepseek-ai,4002,600,"transformers,safetensors,multi_modality,muiltimodal,text-to-image,unified-model,any-to-any,arxiv:2410.13848,license:mit,endpoints_compatible,region:us",2024-10-18 04:19:26+00:00,2026-09-09,2790,True,False,False,,False,False,,False,False,,False,False,,False,False,,False,False,,False,False,False,mit,permissive,1k-10k,,False
starsfriday/Qwen-Image-NSFW,starsfriday,3968,157,"diffusers,image-generation,lora,Qwen-Image,text-to-image,en,base_model:Qwen/Qwen-Image,base_model:adapter:Qwen/Qwen-Image,license:apache-2.0,region:us,not-for-all-audiences",2025-08-19 02:03:50+00:00,2026-09-09,2462,True,False,False,,False,False,,False,False,,False,False,,False,False,,False,False,,False,False,False,apache-2.0,permissive,1k-10k,Qwen/Qwen-Image,True
offgrid-ai/juggernaut-xl-v9-GGUF,offgrid-ai,3923,2,"gguf,stable-diffusion,sdxl,image-generation,quantized,off-grid,text-to-image,base_model:RunDiffusion/Juggernaut-XL-v9,base_model:quantized:RunDiffusion/Juggernaut-XL-v9,license:creativeml-openrail-m,region:us",2026-06-24 14:56:55+00:00,2026-09-09,1218,True,False,False,,False,False,,False,False,,False,False,,False,False,,False,False,,False,False,False,creativeml-openrail-m,RAIL family,1k-10k,RunDiffusion/Juggernaut-XL-v9,True
stablediffusionapi/pixel-art-diffusion-xl,stablediffusionapi,3876,20,"diffusers,modelslab.com,stable-diffusion-api,text-to-image,ultra-realistic,license:creativeml-openrail-m,endpoints_compatible,diffusers:StableDiffusionXLPipeline,region:us",2024-02-11 00:28:01+00:00,2026-09-09,2233,True,False,False,,False,False,,False,False,,False,False,,False,False,,False,False,,False,False,False,creativeml-openrail-m,RAIL family,1k-10k,,False
LazyHuman/maria-thumbnail,LazyHuman,3876,0,"diffusers,text-to-image,flux,lora,template:sd-lora,fluxgym,base_model:black-forest-labs/FLUX.1-dev,base_model:adapter:black-forest-labs/FLUX.1-dev,license:other,region:us",2026-08-10 04:53:45+00:00,2026-09-09,363,True,False,False,,False,False,,False,False,,False,False,,False,False,,False,False,,False,False,False,other,other,1k-10k,black-forest-labs/FLUX.1-dev,True
ehristoforu/stable-diffusion-v1-5-tiny,ehristoforu,3867,4,"diffusers,pytorch,safetensors,stable-diffusion,optimized,sd-v1.5-base,sd-v1.5-inpainting,text-to-image,en,base_model:runwayml/stable-diffusion-v1-5,base_model:finetune:runwayml/stable-diffusion-v1-5,license:creativeml-openrail-m,region:us",2024-03-17 16:19:28+00:00,2026-09-09,200,False,False,False,,False,False,,False,False,,False,False,,False,False,,False,False,,False,False,False,creativeml-openrail-m,RAIL family,1k-10k,runwayml/stable-diffusion-v1-5,True
jbilcke-hf/sdxl-cinematic-1,jbilcke-hf,3835,1,"diffusers,stable-diffusion-xl,stable-diffusion-xl-diffusers,text-to-image,lora,dataset:jbilcke-hf/cinematic-1,base_model:stabilityai/stable-diffusion-xl-base-1.0,base_model:adapter:stabilityai/stable-diffusion-xl-base-1.0,region:us",2023-10-14 20:51:34+00:00,2026-09-09,1582,True,True,False,"to >= 0.19.0: ``` pip install diffusers --upgrade ``` In addition make sure to install transformers, safetensors, accelerate as well as the invisible watermark: ``` pip install invisible_watermark transformers accelerate safetensors ``` To just use the base model, you can run: ```python import torch from dif",False,False,,False,False,,False,False,,False,False,,False,False,,True,False,True,,unspecified,1k-10k,stabilityai/stable-diffusion-xl-base-1.0,True
Shakker-Labs/AWPortrait-FL,Shakker-Labs,3818,488,"diffusers,safetensors,text-to-image,stable-diffusion,image-generation,flux,en,base_model:black-forest-labs/FLUX.1-dev,base_model:finetune:black-forest-labs/FLUX.1-dev,license:other,endpoints_compatible,diffusers:FluxPipeline,region:us",2024-09-01 07:12:37+00:00,2026-09-09,3587,True,False,False,,False,False,,False,False,,False,False,,False,False,,False,False,,False,False,False,other,other,1k-10k,black-forest-labs/FLUX.1-dev,True
rzgar/Wan2.2-Bernini-R-Motion-Enhancer-n4w-i2v,rzgar,3798,17,"diffusers,text-to-image,lora,template:diffusion-lora,base_model:ByteDance/Bernini-R,base_model:adapter:ByteDance/Bernini-R,license:apache-2.0,region:us",2026-06-24 22:15:47+00:00,2026-09-09,2767,True,False,False,,False,False,,False,False,,False,False,,False,False,,False,False,,False,False,False,apache-2.0,permissive,1k-10k,ByteDance/Bernini-R,True
starsfriday/Qwen-Image-EVA-LoRA,starsfriday,3789,5,"diffusers,image-generation,lora,Qwen-Image,text-to-image,en,base_model:Qwen/Qwen-Image,base_model:adapter:Qwen/Qwen-Image,license:apache-2.0,region:us",2025-08-12 01:31:00+00:00,2026-09-09,2935,True,False,False,,False,False,,False,False,,False,False,,False,False,,False,False,,False,False,False,apache-2.0,permissive,1k-10k,Qwen/Qwen-Image,True
AlperKTS/Krea-2-SVDQuant-ComfyUI,AlperKTS,3767,17,"diffusion-single-file,comfyui,text-to-image,quantization,svdquant,int4,w4a4,krea,arxiv:2411.05007,base_model:Comfy-Org/Krea-2,base_model:quantized:Comfy-Org/Krea-2,license:other,region:us",2026-07-25 13:26:07+00:00,2026-09-09,30171,True,False,False,,False,False,,False,False,,False,False,,False,False,,False,False,,False,False,False,other,other,1k-10k,Comfy-Org/Krea-2,True
lynaNSFW/mysticxxx_MM_H3,lynaNSFW,3764,5,"diffusers,text-to-image,lora,template:diffusion-lora,region:us",2026-08-21 09:01:29+00:00,2026-09-09,669,True,False,False,,False,False,,False,False,,False,False,,False,False,,False,False,,False,False,False,,unspecified,1k-10k,,False
ingtellect/qwen-image-2512-fp8-scaled-comfyui,ingtellect,3740,5,"diffusers,comfyui,lora,LoRA,Qwen-Image,text-to-image,base_model:Qwen/Qwen-Image-2512,base_model:adapter:Qwen/Qwen-Image-2512,license:apache-2.0,region:us",2026-02-16 05:35:59+00:00,2026-09-09,380,True,False,False,,False,False,,False,False,,False,False,,False,False,,False,False,,False,False,False,apache-2.0,permissive,1k-10k,Qwen/Qwen-Image-2512,True
city96/stable-diffusion-3.5-large-turbo-gguf,city96,3736,77,"gguf,text-to-image,image-generation,stable-diffusion,en,base_model:stabilityai/stable-diffusion-3.5-large-turbo,base_model:quantized:stabilityai/stable-diffusion-3.5-large-turbo,license:other,region:us",2024-10-23 02:21:22+00:00,2026-09-09,656,True,False,False,,False,False,,False,False,,False,False,,False,False,,False,False,,False,False,False,other,other,1k-10k,stabilityai/stable-diffusion-3.5-large-turbo,True
MLXBits/krea-2-mlx-q8,MLXBits,3701,2,"mflux,safetensors,text-to-image,mlx,flux,krea,apple-silicon,quantized,base_model:krea/Krea-2-Turbo,base_model:finetune:krea/Krea-2-Turbo,license:other,region:us",2026-06-28 23:20:27+00:00,2026-09-09,3113,True,False,False,,False,False,,False,False,,False,False,,False,False,,False,False,,False,False,False,other,other,1k-10k,krea/Krea-2-Turbo,True
ifmylove2011/girlslike-qweni,ifmylove2011,3697,18,"diffusers,lora,girlslike,qwen-image,text-to-image,base_model:Qwen/Qwen-Image,base_model:adapter:Qwen/Qwen-Image,license:apache-2.0,region:us",2025-09-19 08:46:36+00:00,2026-09-09,5767,True,False,False,,False,False,,False,False,,False,False,,False,False,,False,False,,False,False,False,apache-2.0,permissive,1k-10k,Qwen/Qwen-Image,True
Eviation/flux-imatrix,Eviation,3696,4,"gguf,flux,text-to-image,imatrix,base_model:black-forest-labs/FLUX.1-dev,base_model:quantized:black-forest-labs/FLUX.1-dev,license:other,region:us",2025-01-29 08:15:40+00:00,2026-09-09,29638,True,False,False,,False,False,,False,False,,False,False,,False,False,,False,False,,False,False,False,other,other,1k-10k,black-forest-labs/FLUX.1-dev,True
John6666/sifw-annihilation-xl-v305illustrious-beta-sdxl,John6666,3688,0,"diffusers,safetensors,text-to-image,stable-diffusion,stable-diffusion-xl,anime,girls,test version,merge,illustrious,en,base_model:OnomaAIResearch/Illustrious-xl-early-release-v0,base_model:merge:OnomaAIResearch/Illustrious-xl-early-release-v0,base_model:SiriusFW/SiFW-AnnihilationXL,base_model:merge:SiriusFW/SiFW-AnnihilationXL,license:other,endpoints_compatible,diffusers:StableDiffusionXLPipeline,region:us",2025-04-10 11:36:18+00:00,2026-09-09,281,True,False,False,,False,False,,False,False,,False,False,,False,False,,False,False,,False,False,False,other,other,1k-10k,OnomaAIResearch/Illustrious-xl-early-release-v0,True
baidu/ERNIE-Image-Turbo,baidu,3684,403,"diffusers,safetensors,text-to-image,8B,license:apache-2.0,diffusers:ErnieImagePipeline,region:us",2026-04-02 10:57:06+00:00,2026-09-09,10993,True,False,False,,False,False,,False,False,,False,False,,False,False,,False,False,,False,False,False,apache-2.0,permissive,1k-10k,,False
mingyi456/noobai-XL-Vpred-1.0-DF11-ComfyUI,mingyi456,3659,0,"diffusion-single-file,comfyui,text-to-image,en,base_model:Laxhar/noobai-XL-Vpred-1.0,base_model:quantized:Laxhar/noobai-XL-Vpred-1.0,license:other,region:us",2025-11-11 11:00:40+00:00,2026-09-09,6352,True,False,False,,False,False,,False,False,,False,False,,False,False,,False,False,,False,False,False,other,other,1k-10k,Laxhar/noobai-XL-Vpred-1.0,True
falanaja/Amateur-Photography,falanaja,3644,4,"diffusers,text-to-image,lora,template:diffusion-lora,base_model:black-forest-labs/FLUX.1-dev,base_model:adapter:black-forest-labs/FLUX.1-dev,region:us",2024-11-18 05:38:34+00:00,2026-09-09,247,True,False,False,,False,False,,False,False,,False,False,,False,False,,False,False,,False,False,False,,unspecified,1k-10k,black-forest-labs/FLUX.1-dev,True
dreamlike-art/dreamlike-anime-1.0,dreamlike-art,3638,260,"diffusers,safetensors,stable-diffusion,stable-diffusion-diffusers,text-to-image,image-to-image,anime,en,license:other,diffusers:StableDiffusionPipeline,region:us",2023-01-08 03:47:50+00:00,2026-09-09,4901,True,True,False,"0s, 2000s, 2005 2006 2007 2008 2009 2010 2011 2012 2013, bad anatomy, bad proportions, extra digits, lowres, username, artist name, error, duplicate, watermark, signature, text, extra digit, fewer digits, worst quality, jpeg artifacts, blurry ```  **1girl**, **girl**, etc. give a bit different results, feel",False,False,,False,False,,False,False,,False,False,,False,False,,False,False,True,other,other,1k-10k,,False
leejet/ideogram-4-GGUF,leejet,3611,83,"gguf,text-to-image,image-generation,stable-diffusion.cpp,en,zh,base_model:ideogram-ai/ideogram-4-fp8,base_model:quantized:ideogram-ai/ideogram-4-fp8,region:us",2026-06-04 16:24:12+00:00,2026-09-09,4772,True,False,False,,False,False,,False,False,,False,False,,False,False,,False,False,,False,False,False,,unspecified,1k-10k,ideogram-ai/ideogram-4-fp8,True
rachel-luxangel-ai/nsfw-zit,rachel-luxangel-ai,3607,0,"diffusers,text-to-image,lora,template:diffusion-lora,z-image-turbo,base_model:Tongyi-MAI/Z-Image-Turbo,base_model:adapter:Tongyi-MAI/Z-Image-Turbo,license:other,region:us,not-for-all-audiences",2026-04-07 09:31:51+00:00,2026-09-09,680,True,False,False,,False,False,,False,False,,False,False,,False,False,,False,False,,False,False,False,other,other,1k-10k,Tongyi-MAI/Z-Image-Turbo,True
srpone/zooclaw-fashionsiglip2,srpone,3603,17,"transformers,safetensors,siglip,zero-shot-image-classification,fashion,image-retrieval,text-to-image,image-to-text,siglip2,vision-language,wise-ft,en,arxiv:2606.27708,base_model:google/siglip2-base-patch16-384,base_model:finetune:google/siglip2-base-patch16-384,license:apache-2.0,endpoints_compatible,region:us",2026-05-05 06:56:40+00:00,2026-09-09,6994,True,False,False,,False,False,,False,False,,False,False,,False,False,,False,False,,False,False,False,apache-2.0,permissive,1k-10k,google/siglip2-base-patch16-384,True
ostris/Z-Image-De-Turbo,ostris,3569,166,"diffusers,safetensors,text-to-image,base_model:Tongyi-MAI/Z-Image-Turbo,base_model:finetune:Tongyi-MAI/Z-Image-Turbo,license:apache-2.0,region:us",2025-12-04 16:02:45+00:00,2026-09-09,1129,True,False,False,,False,False,,False,False,,False,False,,False,False,,False,False,,False,False,False,apache-2.0,permissive,1k-10k,Tongyi-MAI/Z-Image-Turbo,True
suayptalha/Z-Image-Turbo-Realism-LoRA,suayptalha,3550,29,"diffusers,text-to-image,lora,template:diffusion-lora,realism,dataset:opendiffusionai/cc12m-4mp-realistic,base_model:Tongyi-MAI/Z-Image-Turbo,base_model:adapter:Tongyi-MAI/Z-Image-Turbo,license:apache-2.0,region:us",2025-12-09 10:26:11+00:00,2026-09-09,765,True,False,False,,False,False,,False,False,,False,False,,False,False,,False,False,,False,False,False,apache-2.0,permissive,1k-10k,Tongyi-MAI/Z-Image-Turbo,True
ilkerzgi/krea-2-golden-misty-xianxia-lora,ilkerzgi,3503,1,"diffusers,lora,text-to-image,krea,krea-2,fal-ai,template:diffusion-lora,illustration,en,base_model:krea/Krea-2-Turbo,base_model:adapter:krea/Krea-2-Turbo,license:other,region:us",2026-06-26 13:58:34+00:00,2026-09-09,3234,True,False,False,,False,False,,False,False,,False,False,,False,False,,False,False,,False,False,False,other,other,1k-10k,krea/Krea-2-Turbo,True
F16/krea2-turbo-sda,F16,3499,58,"diffusers,lora,krea2,diversity,sda,text-to-image,arxiv:2607.27372,arxiv:2607.03524,arxiv:2106.09685,arxiv:2103.00020,arxiv:2306.09341,base_model:krea/Krea-2-Turbo,base_model:adapter:krea/Krea-2-Turbo,license:other,region:us",2026-08-30 18:45:45+00:00,2026-09-09,8288,True,False,False,,False,False,,False,False,,False,False,,False,False,,False,False,,False,False,False,other,other,1k-10k,krea/Krea-2-Turbo,True
unsloth/Qwen-Image-2512-unsloth-bnb-4bit,unsloth,3380,16,"diffusers,safetensors,gguf,quantized,unsloth,qwen,text-to-image,en,zh,arxiv:2508.02324,base_model:Qwen/Qwen-Image-2512,base_model:finetune:Qwen/Qwen-Image-2512,license:apache-2.0,diffusers:QwenImagePipeline,8-bit,region:us",2026-01-06 21:55:40+00:00,2026-09-09,16943,True,False,False,,False,False,,True,False,"released in August, Qwen-Image-2512 features the following key improvements:  * **Enhanced Huamn Realism** Qwen-Image-2512 significantly reduces the “AI-generated” look and substantially enhances overall image realism, especially for human subjects. * **Finer Natural Detail** Qwen-Image-2512 delivers notably mo",False,False,,False,False,,False,False,,False,False,True,apache-2.0,permissive,1k-10k,Qwen/Qwen-Image-2512,True
John6666/illumiyume-anime-style-noobai-xl-nai-xl-v10-sdxl,John6666,3379,0,"diffusers,safetensors,text-to-image,stable-diffusion,stable-diffusion-xl,anime,artist,styles,girls,cute,anatomy,v-pred,noobai,illustrious,en,base_model:Laxhar/noobai-XL-Vpred-1.0,base_model:finetune:Laxhar/noobai-XL-Vpred-1.0,license:other,endpoints_compatible,diffusers:StableDiffusionXLPipeline,region:us",2025-03-09 05:24:32+00:00,2026-09-09,212,True,False,False,,False,False,,False,False,,False,False,,False,False,,False,False,,False,False,False,other,other,1k-10k,Laxhar/noobai-XL-Vpred-1.0,True
model-hub-nd/test3,model-hub-nd,3376,0,"diffusers,flux,lora,replicate,text-to-image,en,base_model:black-forest-labs/FLUX.1-dev,base_model:adapter:black-forest-labs/FLUX.1-dev,license:other,endpoints_compatible,diffusers:StableDiffusionPipeline,region:us",2023-08-03 19:18:41+00:00,2026-09-09,789,True,False,False,,False,False,,False,False,,False,False,,False,False,,False,False,,False,False,False,other,other,1k-10k,black-forest-labs/FLUX.1-dev,True
Lykon/dreamshaper-xl-turbo,Lykon,3374,46,"diffusers,safetensors,stable-diffusion,stable-diffusion-diffusers,stable-diffusion-xl,stable-diffusion-xl-turbo,text-to-image,art,artistic,anime,dreamshaper,turbo,lcm,en,license:openrail++,endpoints_compatible,diffusers:StableDiffusionXLPipeline,region:us",2023-12-05 22:22:29+00:00,2026-09-09,1250,True,False,False,,False,False,,False,False,,False,False,,False,False,,False,False,,False,False,False,openrail++,RAIL family,1k-10k,,False
unsloth/Krea-2-Raw,unsloth,3368,5,"diffusers,safetensors,text-to-image,en,license:other,diffusers:Krea2Pipeline,region:us",2026-08-05 14:31:48+00:00,2026-09-09,7841,True,False,False,,False,False,,False,False,,True,True,"s, including image generation, concepting, design exploration, visual production workflows, and integration into applications and creative tools.  ## Out-of-Scope Uses  This model is not intended or designed for uses that violate applicable law or regulations, infringe or misappropriate third-party rights, generate",True,True,"images.  Because this is also an open-weights release, Krea does not control downstream deployment of the model. Under the Krea 2 Community License, deployers are required to implement content filtering measures or equivalent review processes to prevent the generation or distribution of unlawful or policy-violating cont",False,False,,False,False,False,other,other,1k-10k,,False
shuttleai/shuttle-3-diffusion,shuttleai,3358,215,"diffusers,safetensors,text-to-image,image-generation,shuttle,en,license:apache-2.0,endpoints_compatible,diffusers:FluxPipeline,region:us",2024-11-12 02:05:33+00:00,2026-09-09,3631,True,False,False,,False,False,,False,False,,False,False,,False,False,,False,False,,False,False,False,apache-2.0,permissive,1k-10k,,False
EarthnDusk/Loras_2023,EarthnDusk,3353,5,"diffusers,lora,stable diffusion,stable diffusion lora,anime,text-to-image,en,dataset:EarthnDusk/Creative-Embeddings,dataset:fka/awesome-chatgpt-prompts,dataset:Duskfallcrew/FFXIV_Data_and_Lora,dataset:Nerfgun3/bad_prompt,dataset:EarthnDusk/Embeddings,base_model:stable-diffusion-v1-5/stable-diffusion-v1-5,base_model:adapter:stable-diffusion-v1-5/stable-diffusion-v1-5,license:creativeml-openrail-m,region:us",2023-09-28 02:57:55+00:00,2026-09-09,2928,True,False,False,,False,False,,False,False,,False,False,,False,False,,False,False,,False,False,False,creativeml-openrail-m,RAIL family,1k-10k,stable-diffusion-v1-5/stable-diffusion-v1-5,True
Remade-AI/Rotate,Remade-AI,3352,76,"diffusers,text-to-image,lora,template:diffusion-lora,image-to-video,en,base_model:Wan-AI/Wan2.1-I2V-14B-480P,base_model:adapter:Wan-AI/Wan2.1-I2V-14B-480P,license:apache-2.0,region:us",2025-03-11 23:15:20+00:00,2026-09-09,5708,True,False,False,,False,False,,False,False,,False,False,,False,False,,False,False,,False,False,False,apache-2.0,permissive,1k-10k,Wan-AI/Wan2.1-I2V-14B-480P,True
Kotajiro/fuduki_mix,Kotajiro,3318,3,"diffusers,realistic,basemodel,checkpoint,SDXL - diffusion,text-to-image,ja,en,license:openrail++,region:us",2024-05-09 03:17:30+00:00,2026-09-09,1104,True,False,False,,False,False,,False,False,,False,False,,False,False,,False,False,,False,False,False,openrail++,RAIL family,1k-10k,,False
unsloth/Qwen-Image-2512,unsloth,3292,2,"diffusers,safetensors,text-to-image,en,zh,arxiv:2508.02324,license:apache-2.0,diffusers:QwenImagePipeline,region:us",2026-08-06 13:36:08+00:00,2026-09-09,15484,True,False,False,,False,False,,True,False,"released in August, Qwen-Image-2512 features the following key improvements:  * **Enhanced Huamn Realism** Qwen-Image-2512 significantly reduces the “AI-generated” look and substantially enhances overall image realism, especially for human subjects. * **Finer Natural Detail** Qwen-Image-2512 delivers notably mo",False,False,,False,False,,False,False,,False,False,True,apache-2.0,permissive,1k-10k,,False
cusiman/Krea2-realism-V2,cusiman,3265,1,"diffusers,text-to-image,lora,template:diffusion-lora,base_model:krea/Krea-2-Turbo,base_model:adapter:krea/Krea-2-Turbo,license:mit,region:us",2026-07-03 01:19:38+00:00,2026-09-09,1625,True,False,False,,False,False,,False,False,,False,False,,False,False,,False,False,,False,False,False,mit,permissive,1k-10k,krea/Krea-2-Turbo,True
mradermacher/Janus-Pro-7B-GGUF,mradermacher,3257,7,"transformers,gguf,muiltimodal,text-to-image,unified-model,en,base_model:deepseek-community/Janus-Pro-7B,base_model:quantized:deepseek-community/Janus-Pro-7B,license:mit,endpoints_compatible,region:us,conversational",2025-11-19 22:55:05+00:00,2026-09-09,3563,True,False,False,,False,False,,False,False,,False,False,,False,False,,False,False,,False,False,False,mit,permissive,1k-10k,deepseek-community/Janus-Pro-7B,True
neta-art/Neta-Lumina,neta-art,3251,327,"diffusion-single-file,stable-diffusion,text-to-image,comfyui,arxiv:2411.15098,base_model:Alpha-VLLM/Lumina-Image-2.0,base_model:finetune:Alpha-VLLM/Lumina-Image-2.0,license:apache-2.0,region:us",2025-06-23 02:46:40+00:00,2026-09-09,6913,True,False,False,,False,False,,False,False,,False,False,,False,False,,False,False,,False,False,False,apache-2.0,permissive,1k-10k,Alpha-VLLM/Lumina-Image-2.0,True
sanrenti/Flux2-Klein-9B-True-V3,sanrenti,3248,1,"diffusers,gguf,text-to-image,en,zh,base_model:black-forest-labs/FLUX.2-klein-9B,base_model:finetune:black-forest-labs/FLUX.2-klein-9B,license:apache-2.0,region:us",2026-07-07 16:26:08+00:00,2026-09-09,4513,True,False,False,,False,False,,False,False,,False,False,,False,False,,False,False,,False,False,False,apache-2.0,permissive,1k-10k,black-forest-labs/FLUX.2-klein-9B,True
LyliaEngine/autismmixSDXL_autismmixConfetti,LyliaEngine,3233,6,"diffusers,text-to-image,stable-diffusion,lora,template:sd-lora,base_model:LyliaEngine/Pony_Diffusion_V6_XL,base_model:adapter:LyliaEngine/Pony_Diffusion_V6_XL,license:cdla-permissive-2.0,region:us",2024-06-06 01:28:34+00:00,2026-09-09,2013,True,False,False,,False,False,,False,False,,False,False,,False,False,,False,False,,False,False,False,cdla-permissive-2.0,other,1k-10k,LyliaEngine/Pony_Diffusion_V6_XL,True
cyberdelia/CyberRealisticXLCatalyst,cyberdelia,3231,2,"diffusers,stable-diffusion-xl,sd-xl,text-to-image,photorealistic,cyberrealistic,image-generation,license:creativeml-openrail-m,region:us",2025-06-22 10:37:55+00:00,2026-09-09,2002,True,False,False,,False,False,,False,False,,False,False,,False,False,,False,False,,False,False,False,creativeml-openrail-m,RAIL family,1k-10k,,False
XLabs-AI/flux-controlnet-depth-v3,XLabs-AI,3220,119,"diffusers,Stable Diffusion,image-generation,Flux,controlnet,text-to-image,en,license:other,region:us",2024-08-16 16:20:28+00:00,2026-09-09,1760,True,False,False,,False,False,,False,False,,False,False,,False,False,,False,False,,False,False,False,other,other,1k-10k,,False
mit-han-lab/nunchaku-flux.1-dev,mit-han-lab,3217,64,"diffusers,text-to-image,SVDQuant,FLUX.1-dev,FLUX.1,Diffusion,Quantization,ICLR2025,en,dataset:mit-han-lab/svdquant-datasets,arxiv:2411.05007,base_model:black-forest-labs/FLUX.1-dev,base_model:quantized:black-forest-labs/FLUX.1-dev,license:other,region:us",2025-05-29 06:27:40+00:00,2026-09-09,3095,True,False,False,,False,False,,False,False,,False,False,,False,False,,False,False,,False,False,False,other,other,1k-10k,black-forest-labs/FLUX.1-dev,True
Lucetepolis/FuzzyHazel,Lucetepolis,3207,67,"diffusers,stable-diffusion,stable-diffusion-diffusers,text-to-image,license:creativeml-openrail-m,region:us",2023-03-19 13:54:06+00:00,2026-09-09,4545,True,False,False,,False,False,,False,False,,False,False,,False,False,,False,False,,False,False,False,creativeml-openrail-m,RAIL family,1k-10k,,False
EnD-Diffusers/Dec2023,EnD-Diffusers,3207,4,"diffusers,stable diffusion,anime,comic books,illustration,text-to-image,en,dataset:EarthnDusk/Creative-Embeddings-OLD,dataset:fka/awesome-chatgpt-prompts,dataset:EarthnDusk/Embeddings,base_model:stabilityai/stable-diffusion-xl-base-1.0,base_model:finetune:stabilityai/stable-diffusion-xl-base-1.0,license:creativeml-openrail-m,region:us",2023-11-30 06:24:33+00:00,2026-09-09,3241,True,False,False,,False,False,,False,False,,False,False,,False,False,,False,False,,False,False,False,creativeml-openrail-m,RAIL family,1k-10k,stabilityai/stable-diffusion-xl-base-1.0,True
wy8edhuh/flux2-klein-9b-uncensored-text-encoder-Q5_K_M-GGUF,wy8edhuh,3201,0,"gguf,text-to-image,flux2,klein,GGUF,safetensors,text-generation-inference,uncensored,abliterated,abliteration,llama-cpp,gguf-my-repo,en,ja,base_model:ponpoke/flux2-klein-9b-uncensored-text-encoder,base_model:quantized:ponpoke/flux2-klein-9b-uncensored-text-encoder,license:other,endpoints_compatible,region:us",2026-08-31 19:54:11+00:00,2026-09-09,1909,True,False,False,,False,False,,False,False,,False,False,,False,False,,False,False,,False,False,False,other,other,1k-10k,ponpoke/flux2-klein-9b-uncensored-text-encoder,True
model-hub/stable-diffusion-xl-base-1.0,model-hub,3195,0,"diffusers,onnx,safetensors,text-to-image,stable-diffusion,arxiv:2307.01952,arxiv:2211.01324,arxiv:2108.01073,arxiv:2112.10752,license:openrail++,region:us",2023-09-17 19:29:27+00:00,2026-09-09,8576,True,True,False,".19.0: ``` pip install diffusers --upgrade ```  In addition make sure to install `transformers`, `safetensors`, `accelerate` as well as the invisible watermark: ``` pip install invisible_watermark transformers accelerate safetensors ```  To just use the base model, you can run:  ```py from diffusers import D",False,False,,False,False,,True,True,"al to generate harmful content. - Probing and understanding the limitations and biases of generative models.  Excluded uses are described below.  ### Out-of-Scope Use  The model was not trained to be factual or true representations of people or events, and therefore using the model to generate such content is out-o",False,False,,False,False,,True,False,True,openrail++,RAIL family,1k-10k,,False
Jonjew/STOIQOAfroditeFLUXXL,Jonjew,3184,1,"diffusers,text-to-image,lora,template:diffusion-lora,not-for-all-audiences,base_model:black-forest-labs/FLUX.1-dev,base_model:adapter:black-forest-labs/FLUX.1-dev,license:unknown,region:us",2025-01-09 00:22:31+00:00,2026-09-09,476,True,False,False,,False,False,,False,False,,False,False,,False,False,,False,False,,False,False,False,unknown,other,1k-10k,black-forest-labs/FLUX.1-dev,True
2ch/penflux,2ch,3178,11,"diffusers,text-to-image,lora,template:diffusion-lora,en,base_model:black-forest-labs/FLUX.1-dev,base_model:adapter:black-forest-labs/FLUX.1-dev,region:us",2024-10-28 04:13:10+00:00,2026-09-09,688,True,False,False,,False,False,,False,False,,False,False,,False,False,,False,False,,False,False,False,,unspecified,1k-10k,black-forest-labs/FLUX.1-dev,True
Keltezaa/flux2_klein_9B_Realism_Engine_V2,Keltezaa,3165,3,"diffusers,text-to-image,lora,template:diffusion-lora,base_model:black-forest-labs/FLUX.2-klein-base-9B,base_model:adapter:black-forest-labs/FLUX.2-klein-base-9B,license:cc-by-nc-nd-4.0,region:us",2026-02-21 16:18:31+00:00,2026-09-09,155,False,False,False,,False,False,,False,False,,False,False,,False,False,,False,False,,False,False,False,cc-by-nc-nd-4.0,non-commercial,1k-10k,black-forest-labs/FLUX.2-klein-base-9B,True
enterprise-explorers/sd-vae-ft-mse-flax,enterprise-explorers,3161,3,"transformers,stable-diffusion,stable-diffusion-diffusers,text-to-image,license:mit,region:us",2023-03-23 18:39:40+00:00,2026-09-09,6395,True,False,False,,False,False,,False,False,,False,False,,False,False,,False,False,,False,False,False,mit,permissive,1k-10k,,False
camenduru/FLUX.1-dev-ungated,camenduru,3149,3,"diffusers,safetensors,text-to-image,image-generation,flux,en,license:other,endpoints_compatible,diffusers:FluxPipeline,region:us",2025-08-07 13:18:03+00:00,2026-09-09,3937,True,False,False,,False,False,,False,False,,True,True,"e information that can be used to harm an individual. - To harass, abuse, threaten, stalk, or bully individuals or groups of individuals. - To create non-consensual nudity or illegal pornographic content. - For fully automated decision making that adversely impacts an individual's legal rights or otherwise create",False,False,,False,False,,False,False,False,other,other,1k-10k,,False
black-forest-labs/FLUX.2-klein-4b-nvfp4,black-forest-labs,3141,46,"diffusion-single-file,text-to-image,image-editing,flux,image-to-image,en,license:apache-2.0,region:us",2026-01-14 22:32:45+00:00,2026-09-09,7643,True,True,True,"atforms better identify, label, and interpret AI-generated content online. The inference code for FLUX.2 [klein] implements an example of pixel-layer watermarking. Additionally, this repository includes links to the https://c2pa.org/ standard for metadata. The API for FLUX.2 [klein] applies cryptographically-si",True,True,"The inference code for FLUX.2 [klein] implements an example of pixel-layer watermarking. Additionally, this repository includes links to the https://c2pa.org/ standard for metadata. The API for FLUX.2 [klein] applies cryptographically-signed C2PA metadata to downloaded output content to indicate that i",True,True,"and https://www.microsoft.com/. 6. Content provenance. Content provenance features can help users and platforms better identify, label, and interpret AI-generated content online. The inference code for FLUX.2 [klein] implements an example of pixel-layer watermarking. Additionally, this repository includes links",True,True,"e information that can be used to harm an individual. - To harass, abuse, threaten, stalk, or bully individuals or groups of individuals. - To create non-consensual intimate imagery or illegal pornographic content. - For fully automated decision making or high risk applications that adversely impact an individual",False,False,,False,False,,False,True,True,apache-2.0,permissive,1k-10k,,False
PixArt-alpha/PixArt-XL-2-1024-MS,PixArt-alpha,3133,212,"diffusers,safetensors,text-to-image,Pixart-α,arxiv:2310.00426,arxiv:2112.10752,arxiv:2309.05019,license:openrail++,endpoints_compatible,diffusers:PixArtAlphaPipeline,region:us",2023-11-04 15:48:30+00:00,2026-09-09,6750,True,False,False,,False,False,,False,False,,True,True,"l to generate harmful content.  - Probing and understanding the limitations and biases of generative models.  Excluded uses are described below.  ### Out-of-Scope Use  The model was not trained to be factual or true representations of people or events, and therefore using the model to generate such content is out-o",False,False,,False,False,,False,False,False,openrail++,RAIL family,1k-10k,,False
DawnW0lf/Qwen-Image-Bench-GGUF,DawnW0lf,3122,3,"transformers,gguf,judge-model,text-to-image,evaluation,benchmark,qwen,image-text-to-text,en,zh,base_model:Qwen/Qwen-Image-Bench,base_model:quantized:Qwen/Qwen-Image-Bench,license:apache-2.0,endpoints_compatible,region:us,conversational",2026-06-10 22:35:04+00:00,2026-09-09,1642,True,False,False,,False,False,,False,False,,False,False,,False,False,,False,False,,False,False,False,apache-2.0,permissive,1k-10k,Qwen/Qwen-Image-Bench,True
inclusionAI/LLaDA2.0-Uni-FP8,inclusionAI,3116,5,"transformers,diffusers,safetensors,llada2_moe,feature-extraction,multimodal,image-generation,image-understanding,image-editing,diffusion,moe,text-to-image,fp8,quantized,any-to-any,custom_code,en,arxiv:2604.20796,base_model:inclusionAI/LLaDA2.0-Uni,base_model:finetune:inclusionAI/LLaDA2.0-Uni,license:apache-2.0,region:us",2026-05-06 08:03:43+00:00,2026-09-09,3010,True,False,False,,False,False,,False,False,,False,False,,False,False,,False,False,,False,False,False,apache-2.0,permissive,1k-10k,inclusionAI/LLaDA2.0-Uni,True
digiplay/majicMIX_realistic_v6,digiplay,3107,52,"diffusers,safetensors,stable-diffusion,stable-diffusion-diffusers,text-to-image,license:other,endpoints_compatible,diffusers:StableDiffusionPipeline,region:us",2023-06-12 21:16:15+00:00,2026-09-09,72,False,False,False,,False,False,,False,False,,False,False,,False,False,,False,False,,False,False,False,other,other,1k-10k,,False
Eugeoter/noob-sdxl-controlnet-scribble_pidinet,Eugeoter,3105,3,"diffusers,safetensors,stable-diffusion,stable-diffusion-xl,controlnet,text-to-image,en,base_model:Laxhar/noobai-xl-EarlyAccess,base_model:adapter:Laxhar/noobai-xl-EarlyAccess,license:other,region:us",2024-11-25 05:38:08+00:00,2026-09-09,0,False,False,False,,False,False,,False,False,,False,False,,False,False,,False,False,,False,False,False,other,other,1k-10k,Laxhar/noobai-xl-EarlyAccess,True
KBlueLeaf/Kohaku-XL-Zeta,KBlueLeaf,3102,92,"diffusers,safetensors,text-to-image,en,dataset:KBlueLeaf/danbooru2023-webp-4Mpixel,dataset:KBlueLeaf/danbooru2023-sqlite,dataset:KBlueLeaf/danbooru2023-florence2-caption,dataset:Amber-River/Pixiv-2.6M,base_model:KBlueLeaf/Kohaku-XL-Epsilon-rev2,base_model:finetune:KBlueLeaf/Kohaku-XL-Epsilon-rev2,license:other,endpoints_compatible,diffusers:StableDiffusionXLPipeline,region:us",2024-08-25 13:56:36+00:00,2026-09-09,8801,True,False,False,,False,False,,False,False,,False,False,,False,False,,False,False,,False,False,False,other,other,1k-10k,KBlueLeaf/Kohaku-XL-Epsilon-rev2,True
rityak/RealCore_Pony,rityak,3100,6,"diffusers,text-to-image,stable-diffusion,safetensors,stable-diffusion-xl,merge,en,base_model:John6666/big-love-pony3-sdxl,base_model:merge:John6666/big-love-pony3-sdxl,base_model:John6666/damn-ponyxl-realistic-model-v3-sdxl,base_model:merge:John6666/damn-ponyxl-realistic-model-v3-sdxl,base_model:John6666/fuyu-hanfu-pony-nsfw-pony-v3-sdxl,base_model:merge:John6666/fuyu-hanfu-pony-nsfw-pony-v3-sdxl,base_model:John6666/pony-finalcut-hybrid-joy-sdxl,base_model:merge:John6666/pony-finalcut-hybrid-joy-sdxl,base_model:cyberdelia/CyberRealisticPony,base_model:merge:cyberdelia/CyberRealisticPony,base_model:stabilityai/stable-diffusion-xl-base-1.0,base_model:merge:stabilityai/stable-diffusion-xl-base-1.0,license:openrail++,region:us",2025-11-02 18:42:30+00:00,2026-09-09,6667,True,False,False,,False,False,,False,False,,False,False,,False,False,,False,False,,False,False,False,openrail++,RAIL family,1k-10k,John6666/big-love-pony3-sdxl,True
calcuis/sd3.5-medium-gguf,calcuis,3077,20,"diffusers,safetensors,gguf,stable-diffusion,gguf-comfy,text-to-image,en,base_model:stabilityai/stable-diffusion-3.5-medium,base_model:quantized:stabilityai/stable-diffusion-3.5-medium,doi:10.57967/hf/3410,license:other,region:us",2024-10-30 15:18:02+00:00,2026-09-09,2938,True,False,False,,False,False,,False,False,,False,False,,False,False,,False,False,,False,False,False,other,other,1k-10k,stabilityai/stable-diffusion-3.5-medium,True
kandinsky-community/kandinsky-2-2-prior,kandinsky-community,3044,51,"diffusers,safetensors,text-to-image,kandinsky,license:apache-2.0,diffusers:KandinskyV22PriorPipeline,region:us",2023-06-09 13:37:11+00:00,2026-09-09,14361,True,True,False,"igured, gross proportions, malformed limbs, missing arms, missing legs, extra arms, extra legs, fused fingers, too many fingers, long neck, username, watermark, signature""  generator = torch.Generator(device=""cuda"").manual_seed(43) image_emb, zero_image_emb = pipe_prior(     prompt=prompt, negative_prompt=ne",False,False,,False,False,,False,False,,False,False,,False,False,,False,False,True,apache-2.0,permissive,1k-10k,,False
Quiho/Krea2_TextFusion_Refusal-Reduction_LoRA_v1.0_lora,Quiho,3040,2,"diffusers,lora,krea-2,text-to-image,template:diffusion-lora,krea 2 turbo,tool,civitai,imported,region:us",2026-07-28 15:18:00+00:00,2026-09-09,2357,True,False,False,,False,False,,False,False,,False,False,,False,False,,False,False,,False,False,False,,unspecified,1k-10k,,False
shuttleai/shuttle-jaguar,shuttleai,3018,108,"diffusers,safetensors,gguf,text-to-image,image-generation,shuttle,en,base_model:shuttleai/shuttle-3-diffusion,base_model:quantized:shuttleai/shuttle-3-diffusion,license:apache-2.0,endpoints_compatible,diffusers:FluxPipeline,region:us",2025-01-21 21:46:34+00:00,2026-09-09,2738,True,False,False,,False,False,,False,False,,False,False,,False,False,,False,False,,False,False,False,apache-2.0,permissive,1k-10k,shuttleai/shuttle-3-diffusion,True
pt-sk/stable-diffusion-1.5,pt-sk,2972,16,"diffusers,safetensors,stable-diffusion,stable-diffusion-diffusers,text-to-image,arxiv:2207.12598,arxiv:2112.10752,arxiv:2103.00020,arxiv:2205.11487,arxiv:1910.09700,license:creativeml-openrail-m,endpoints_compatible,diffusers:StableDiffusionPipeline,region:us",2024-03-01 16:13:25+00:00,2026-09-09,13362,True,True,False,"oved-aesthetics"" (a subset of laion2B-en, filtered to images with an original size `>= 512x512`, estimated aesthetics score `> 5.0`, and an estimated watermark probability `< 0.5`. The watermark estimate is from the LAION-5B metadata, the aesthetics score is estimated using an [improved aesthetics estimator]",False,False,,False,False,,True,True,"of people or their environments, cultures, religions, etc. - Intentionally promoting or propagating discriminatory content or harmful stereotypes. - Impersonating individuals without their consent. - Sexual content without consent of the people who might see it. - Mis- and disinformation - Representations of",False,False,,False,False,,False,False,True,creativeml-openrail-m,RAIL family,1k-10k,,False
Jonjew/GetphatFLUXRealityNSFW,Jonjew,2965,1,"diffusers,text-to-image,lora,template:diffusion-lora,not-for-all-audiences,base_model:black-forest-labs/FLUX.1-dev,base_model:adapter:black-forest-labs/FLUX.1-dev,license:unknown,region:us",2025-05-10 23:17:19+00:00,2026-09-09,6206,True,False,False,,False,False,,False,False,,False,False,,False,False,,False,False,,False,False,False,unknown,other,1k-10k,black-forest-labs/FLUX.1-dev,True
litert-community/Bonsai-Image-ternary-4B,litert-community,2949,7,"litert,tflite,on-device,ternary,flux2,text-to-image,license:apache-2.0,region:us",2026-07-29 03:29:36+00:00,2026-09-09,10314,True,False,False,,False,False,,False,False,,False,False,,False,False,,False,False,,False,False,False,apache-2.0,permissive,1k-10k,,False
drbaph/HiDream-O1-Image-Dev-2604-FP8,drbaph,2939,7,"diffusers,safetensors,qwen3_vl,comfyui,text-to-image,image-editing,fp8,quantized,distilled,image-text-to-image,license:mit,region:us",2026-05-14 21:52:38+00:00,2026-09-09,7057,True,False,False,,False,False,,False,False,,False,False,,False,False,,False,False,,False,False,False,mit,permissive,1k-10k,,False
Onodofthenorth/SD_PixelArt_SpriteSheet_Generator,Onodofthenorth,2921,460,"diffusers,spritesheet,text-to-image,en,license:apache-2.0,endpoints_compatible,diffusers:StableDiffusionPipeline,region:us",2022-11-01 04:31:21+00:00,2026-09-09,2817,True,False,False,,False,False,,False,False,,False,False,,False,False,,False,False,,False,False,False,apache-2.0,permissive,1k-10k,,False
perpetual3x/Eastern-European-Female-Anatomy-NSFW-LoRA-v1,perpetual3x,2915,3,"diffusers,qwen-image,qwen-image-2512,lora,text-to-image,photorealistic,realistic-photography,eastern-european-woman,anatomy-detail,experimental,nsfw,en,base_model:Qwen/Qwen-Image-2512,base_model:adapter:Qwen/Qwen-Image-2512,license:other,region:us,not-for-all-audiences",2026-08-23 14:16:29+00:00,2026-09-09,10476,True,True,False,"on"" ) negative_prompt = (     ""child, minor, underage, youthful-looking, low quality, blurry, ""     ""distorted anatomy, malformed hands, extra limbs, watermark, text"" )  image = pipe(     prompt=prompt,     negative_prompt=negative_prompt,     width=928,     height=1328,     num_inference_steps=8,     true_c",False,False,,False,False,,True,True,"ntended exclusively for lawful, consensual, adult creative work. Do not use it to:  - create or sexualize minors or youthful-looking persons - create non-consensual or exploitative sexual content - depict an identifiable real person without permission - harass, threaten, exploit, or defame another person - create",False,False,,False,False,,False,False,True,other,other,1k-10k,Qwen/Qwen-Image-2512,True
ideogram-ai/ideogram-4-nf4-diffusers,ideogram-ai,2910,39,"diffusers,safetensors,text-to-image,image-generation,diffusion,flow-matching,dit,ideogram,license:other,diffusers:Ideogram4Pipeline,8-bit,region:us",2026-06-04 18:31:58+00:00,2026-09-09,19909,True,True,False,"rom a single   prompt. - **State-of-the-art text rendering.** Ideogram 4 delivers best-in-class   in-image text generation (signage, logos, captions, watermarks, multi-line   text) with high fidelity directly from the prompt. - **Spatial layout control.** Bounding-box coordinates in the prompt allow   explici",False,False,,False,False,,False,False,,True,False,"rc/ideogram4/` take effect without reinstalling:  ```bash pip install -e . ```  ### Model access  The model weights are **gated** on Hugging Face, so you must accept the gate and authenticate before the code can download them — otherwise the download fails with a `404` / `GatedRepoError`.  1. Open the model",False,False,,False,False,True,other,other,1k-10k,,False
kandinsky-community/kandinsky-2-2-decoder,kandinsky-community,2906,75,"diffusers,safetensors,text-to-image,kandinsky,license:apache-2.0,diffusers:KandinskyV22Pipeline,region:us",2023-06-09 11:17:35+00:00,2026-09-09,7210,True,False,False,,False,False,,False,False,,False,False,,False,False,,False,False,,False,False,False,apache-2.0,permissive,1k-10k,,False
Lykon/dreamshaper-3,Lykon,2906,1,"diffusers,safetensors,stable-diffusion,stable-diffusion-diffusers,text-to-image,art,artistic,anime,dreamshaper,en,license:creativeml-openrail-m,endpoints_compatible,diffusers:StableDiffusionPipeline,region:us",2023-08-26 16:49:29+00:00,2026-09-09,2192,True,False,False,,False,False,,False,False,,False,False,,False,False,,False,False,,False,False,False,creativeml-openrail-m,RAIL family,1k-10k,,False
drbaph/Qwen-Image-Edit-Middle-Finger-LoRA,drbaph,2892,11,"diffusers,text-to-image,lora,template:diffusion-lora,gesture,pose,image-to-image,en,base_model:Qwen/Qwen-Image-Edit,base_model:adapter:Qwen/Qwen-Image-Edit,license:apache-2.0,region:us",2025-09-07 05:36:54+00:00,2026-09-09,1350,True,False,False,,False,False,,True,False,"finger instead of a middle finger**, **change the seed** and try again.  ---  ## 🛠️ Training Information - **Training Pairs:** 210   - **Data Type:** AI-generated gesture-focused dataset   - **Input:** Images with person &#x2F; character &#x2F; animal   - **Output:** Edited images showing a **realistic middle f",False,False,,False,False,,False,False,,False,False,True,apache-2.0,permissive,1k-10k,Qwen/Qwen-Image-Edit,True
aifeifei798/flux-lora-uncensored,aifeifei798,2876,36,"diffusers,text-to-image,flux,lora,template:sd-lora,fluxgym,base_model:black-forest-labs/FLUX.1-dev,base_model:adapter:black-forest-labs/FLUX.1-dev,license:other,region:us",2024-10-29 17:46:00+00:00,2026-09-09,443,True,False,False,,False,False,,False,False,,False,False,,False,False,,False,False,,False,False,False,other,other,1k-10k,black-forest-labs/FLUX.1-dev,True
John6666/wai-nsfw-illustrious-sdxl-v150-sdxl,John6666,2862,23,"diffusers,safetensors,text-to-image,stable-diffusion,stable-diffusion-xl,not-for-all-audiences,anime,hentai,girls,Illustrious XL v1.0,illustrious,en,base_model:OnomaAIResearch/Illustrious-XL-v1.0,base_model:finetune:OnomaAIResearch/Illustrious-XL-v1.0,license:other,endpoints_compatible,diffusers:StableDiffusionXLPipeline,region:us",2025-09-01 01:22:45+00:00,2026-09-09,181,False,False,False,,False,False,,False,False,,False,False,,False,False,,False,False,,False,False,False,other,other,1k-10k,OnomaAIResearch/Illustrious-XL-v1.0,True
deepseek-community/Janus-Pro-7B,deepseek-community,2861,3,"transformers,safetensors,janus,image-text-to-text,muiltimodal,text-to-image,unified-model,any-to-any,arxiv:2501.17811,license:mit,endpoints_compatible,region:us",2025-03-02 16:42:53+00:00,2026-09-09,4932,True,False,False,,False,False,,False,False,,False,False,,False,False,,False,False,,False,False,False,mit,permissive,1k-10k,,False
tsolful/Krea2_Turbo_Raw_INT8,tsolful,2847,6,"diffusers,INT8,ConvRot,Krea2,Krea,Turbo,text-to-image,base_model:krea/Krea-2-Turbo,base_model:quantized:krea/Krea-2-Turbo,license:other,region:us",2026-06-23 14:36:01+00:00,2026-09-09,566,True,False,False,,False,False,,False,False,,False,False,,False,False,,False,False,,False,False,False,other,other,1k-10k,krea/Krea-2-Turbo,True
rectangleworm/ideogram-4-gguf,rectangleworm,2836,28,"gguf,text-to-image,image-generation,comfyui,stable-diffusion.cpp,en,ru,zh,base_model:ideogram-ai/ideogram-4-fp8,base_model:quantized:ideogram-ai/ideogram-4-fp8,license:other,endpoints_compatible,region:us,imatrix,conversational",2026-06-12 13:39:43+00:00,2026-09-09,2937,True,False,False,,False,False,,False,False,,False,False,,False,False,,False,False,,False,False,False,other,other,1k-10k,ideogram-ai/ideogram-4-fp8,True
tera0711/lora,tera0711,2832,3,"diffusers,text-to-image,lora,template:diffusion-lora,base_model:stabilityai/stable-diffusion-3.5-large,base_model:adapter:stabilityai/stable-diffusion-3.5-large,license:creativeml-openrail-m,region:us",2025-07-12 12:26:49+00:00,2026-09-09,114,False,False,False,,False,False,,False,False,,False,False,,False,False,,False,False,,False,False,False,creativeml-openrail-m,RAIL family,1k-10k,stabilityai/stable-diffusion-3.5-large,True
Eugeoter/noob-sdxl-controlnet-tile,Eugeoter,2829,9,"diffusers,safetensors,stable-diffusion,stable-diffusion-xl,controlnet,text-to-image,en,base_model:Laxhar/noobai-xl-EarlyAccess,base_model:adapter:Laxhar/noobai-xl-EarlyAccess,license:other,region:us",2025-01-02 05:22:20+00:00,2026-09-09,122,False,False,False,,False,False,,False,False,,False,False,,False,False,,False,False,,False,False,False,other,other,1k-10k,Laxhar/noobai-xl-EarlyAccess,True
Keltezaa/getphatFLUXReality_v4,Keltezaa,2819,1,"diffusers,text-to-image,lora,template:diffusion-lora,base_model:black-forest-labs/FLUX.1-dev,base_model:adapter:black-forest-labs/FLUX.1-dev,license:cc-by-nc-nd-4.0,region:us",2025-04-29 17:37:28+00:00,2026-09-09,251,True,False,False,,False,False,,False,False,,False,False,,False,False,,False,False,,False,False,False,cc-by-nc-nd-4.0,non-commercial,1k-10k,black-forest-labs/FLUX.1-dev,True
InvokeAI/FLUX.1-Krea-dev-GGUF,InvokeAI,2811,6,"diffusers,gguf,text-to-image,image-generation,flux,en,base_model:black-forest-labs/FLUX.1-dev,base_model:quantized:black-forest-labs/FLUX.1-dev,license:other,region:us",2025-07-31 15:56:30+00:00,2026-09-09,5985,True,False,False,,False,False,,False,False,,True,True,"e information that can be used to harm an individual. - To harass, abuse, threaten, stalk, or bully individuals or groups of individuals. - To create non-consensual nudity or illegal pornographic content. - For fully automated decision making that adversely impacts an individual's legal rights or otherwise create",True,True,"al License prohibits the generation of unlawful content or the use of generated content for unlawful, defamatory, or abusive purposes. Developers and users must consent to these conditions to access the FLUX.1 Krea [dev] model. 6. **Monitoring.** BFL is monitoring for patterns of violative use after release,",False,False,,False,False,False,other,other,1k-10k,black-forest-labs/FLUX.1-dev,True
Bedovyy/ERNIE-Image-Quantized,Bedovyy,2808,17,"diffusion-single-file,comfyui,text-to-image,base_model:Comfy-Org/ERNIE-Image,base_model:quantized:Comfy-Org/ERNIE-Image,license:apache-2.0,region:us",2026-04-15 00:22:52+00:00,2026-09-09,3994,True,False,False,,False,False,,False,False,,False,False,,False,False,,False,False,,False,False,False,apache-2.0,permissive,1k-10k,Comfy-Org/ERNIE-Image,True
InstantX/SD3.5-Large-IP-Adapter,InstantX,2786,118,"diffusers,Text-to-Image,IP-Adapter,StableDiffusion3Pipeline,image-generation,Stable Diffusion,text-to-image,en,base_model:stabilityai/stable-diffusion-3.5-large,base_model:finetune:stabilityai/stable-diffusion-3.5-large,license:other,region:us",2024-11-07 03:56:20+00:00,2026-09-09,2844,True,False,False,,False,False,,False,False,,False,False,,False,False,,False,False,,False,False,False,other,other,1k-10k,stabilityai/stable-diffusion-3.5-large,True
SeeSee21/Z-Anime,SeeSee21,2777,485,"diffusers,safetensors,gguf,z-anime,text-to-image,image-generation,diffusion,anime,z-image,comfyui,fp8,bf16,aio,en,base_model:Tongyi-MAI/Z-Image,base_model:finetune:Tongyi-MAI/Z-Image,license:apache-2.0,region:us",2026-04-25 11:37:04+00:00,2026-09-09,15686,True,False,False,,False,False,,False,False,,False,False,,False,False,,False,False,,False,False,False,apache-2.0,permissive,1k-10k,Tongyi-MAI/Z-Image,True
PixArt-alpha/PixArt-XL-2-512x512,PixArt-alpha,2776,21,"diffusers,safetensors,text-to-image,Pixart-α,arxiv:2310.00426,arxiv:2112.10752,arxiv:2309.05019,license:openrail++,endpoints_compatible,diffusers:PixArtAlphaPipeline,region:us",2023-11-04 15:46:54+00:00,2026-09-09,6738,True,False,False,,False,False,,False,False,,True,True,"al to generate harmful content. - Probing and understanding the limitations and biases of generative models.  Excluded uses are described below.  ### Out-of-Scope Use  The model was not trained to be factual or true representations of people or events, and therefore using the model to generate such content is out-o",False,False,,False,False,,False,False,False,openrail++,RAIL family,1k-10k,,False
pmczip/FLUX.2-klein-9B_Models,pmczip,2764,16,"diffusers,safetensors,lora,t2i,text-to-image,photorealistic,woman,celebrity,likeness,FLUX.2-klein-base-9B,klein,en,base_model:black-forest-labs/FLUX.2-klein-base-9B,base_model:adapter:black-forest-labs/FLUX.2-klein-base-9B,license:other,region:us",2026-02-12 15:07:37+00:00,2026-09-09,0,False,False,False,,False,False,,False,False,,False,False,,False,False,,False,False,,False,False,False,other,other,1k-10k,black-forest-labs/FLUX.2-klein-base-9B,True
tensorart/stable-diffusion-3.5-medium-turbo,tensorart,2724,73,"diffusers,safetensors,gguf,text-to-image,en,base_model:stabilityai/stable-diffusion-3.5-medium,base_model:quantized:stabilityai/stable-diffusion-3.5-medium,license:other,diffusers:StableDiffusion3Pipeline,region:us",2024-12-13 06:55:49+00:00,2026-09-09,4746,True,False,False,,False,False,,False,False,,False,False,,False,False,,False,False,,False,False,False,other,other,1k-10k,stabilityai/stable-diffusion-3.5-medium,True
realrebelai/LLaDa-Image_ComfyUI,realrebelai,2721,7,"diffusers,gguf,llada-image,image-generation,image-editing,comfyui,int8,quantized,rebelai,text-to-image,base_model:inclusionAI/LLaDA-Image,base_model:quantized:inclusionAI/LLaDA-Image,region:us",2026-09-04 15:30:27+00:00,2026-09-09,4150,True,False,False,,False,False,,False,False,,False,False,,False,False,,False,False,,False,False,False,,unspecified,1k-10k,inclusionAI/LLaDA-Image,True
tsqn/Z-Image-Turbo_fp8_comfyui,tsqn,2693,5,"diffusion-single-file,text-to-image,comfyui,safetensors,quantization,quant,fp8,en,arxiv:2511.22699,arxiv:2511.22677,arxiv:2511.13649,base_model:Tongyi-MAI/Z-Image-Turbo,base_model:quantized:Tongyi-MAI/Z-Image-Turbo,license:apache-2.0,region:us",2025-12-12 04:22:15+00:00,2026-09-09,1015,True,False,False,,False,False,,False,False,,False,False,,False,False,,False,False,,False,False,False,apache-2.0,permissive,1k-10k,Tongyi-MAI/Z-Image-Turbo,True
davidpoint/qwen-image-edit-plus-nsfw-lora,davidpoint,2691,2,"diffusers,lora,text-to-image,nsfw,image-editing,qwen-image-edit,not-for-all-audiences,image-to-image,base_model:Qwen/Qwen-Image-Edit-2511,base_model:adapter:Qwen/Qwen-Image-Edit-2511,license:openrail++,region:us",2026-08-03 18:05:08+00:00,2026-09-09,2016,True,False,False,,False,False,,False,False,,False,False,,False,False,,False,False,,False,False,False,openrail++,RAIL family,1k-10k,Qwen/Qwen-Image-Edit-2511,True
Frederic75/Qwen-Image-2512-GGUF,Frederic75,2674,1,"diffusers,gguf,text-to-image,en,zh,arxiv:2508.02324,license:apache-2.0,region:us",2026-03-02 15:08:02+00:00,2026-09-09,13590,True,False,False,,False,False,,True,False,"released in August, Qwen-Image-2512 features the following key improvements:  * **Enhanced Huamn Realism** Qwen-Image-2512 significantly reduces the “AI-generated” look and substantially enhances overall image realism, especially for human subjects. * **Finer Natural Detail** Qwen-Image-2512 delivers notably mo",False,False,,False,False,,False,False,,False,False,True,apache-2.0,permissive,1k-10k,,False
John6666/lustify-sdxl-nsfw-checkpoint-ggwp-v7-sdxl,John6666,2669,2,"diffusers,safetensors,text-to-image,stable-diffusion,stable-diffusion-xl,not-for-all-audiences,realistic,photorealistic,photo,general use,nsfw,en,license:creativeml-openrail-m,endpoints_compatible,diffusers:StableDiffusionXLPipeline,region:us",2025-09-18 22:30:28+00:00,2026-09-09,184,False,False,False,,False,False,,False,False,,False,False,,False,False,,False,False,,False,False,False,creativeml-openrail-m,RAIL family,1k-10k,,False
TIGER-Lab/RationalRewards-8B-Edit,TIGER-Lab,2658,5,"transformers,safetensors,qwen3_vl,image-text-to-text,text-to-image,image-to-image,edit,reasoning,reward,image-to-text,en,dataset:TIGER-Lab/RationalRewards_DiffusionNFT_TrainData,arxiv:2604.11626,base_model:Qwen/Qwen3-8B,base_model:finetune:Qwen/Qwen3-8B,license:apache-2.0,endpoints_compatible,region:us",2026-04-10 14:03:11+00:00,2026-09-09,8929,True,False,False,,False,False,,False,False,,False,False,,False,False,,False,False,,False,False,False,apache-2.0,permissive,1k-10k,Qwen/Qwen3-8B,True
calcuis/lumina-gguf,calcuis,2649,37,"gguf,gguf-node,gguf-connector,text-to-image,base_model:Alpha-VLLM/Lumina-Image-2.0,base_model:quantized:Alpha-VLLM/Lumina-Image-2.0,doi:10.57967/hf/4589,license:apache-2.0,endpoints_compatible,region:us",2025-02-06 07:21:12+00:00,2026-09-09,1861,True,False,False,,False,False,,False,False,,False,False,,False,False,,False,False,,False,False,False,apache-2.0,permissive,1k-10k,Alpha-VLLM/Lumina-Image-2.0,True
byteshape/Krea-2-Turbo-GGUF,byteshape,2643,5,"gguf,krea,krea-2,text-to-image,image-generation,comfyui,byteshape,base_model:krea/Krea-2-Turbo,base_model:quantized:krea/Krea-2-Turbo,license:other,region:us",2026-08-12 03:16:08+00:00,2026-09-09,11109,True,False,False,,False,False,,False,False,,False,False,,False,False,,False,False,,False,False,False,other,other,1k-10k,krea/Krea-2-Turbo,True
admruul/anything-v3.0,admruul,2638,69,"diffusers,safetensors,stable-diffusion,stable-diffusion-diffusers,text-to-image,en,license:creativeml-openrail-m,endpoints_compatible,diffusers:StableDiffusionPipeline,region:us",2022-12-25 09:53:44+00:00,2026-09-09,3136,True,False,False,,False,False,,False,False,,False,False,,False,False,,False,False,,False,False,False,creativeml-openrail-m,RAIL family,1k-10k,,False
cagliostrolab/animagine-xl-4.0-zero,cagliostrolab,2637,32,"diffusers,safetensors,text-to-image,stable-diffusion,stable-diffusion-xl,en,base_model:stabilityai/stable-diffusion-xl-base-1.0,base_model:finetune:stabilityai/stable-diffusion-xl-base-1.0,license:openrail++,endpoints_compatible,diffusers:StableDiffusionXLPipeline,region:us",2025-02-13 03:15:53+00:00,2026-09-09,13808,True,True,False,"hands, text, error, missing finger, extra digits, fewer digits, cropped, worst quality, low quality, low score, bad score, average score, signature, watermark, username, blurry""  image = pipe(     prompt,     negative_prompt=negative_prompt,     width=832,     height=1216,     guidance_scale=6,     num_infe",False,False,,False,False,,False,False,,False,False,,False,False,,False,False,True,openrail++,RAIL family,1k-10k,stabilityai/stable-diffusion-xl-base-1.0,True
DeepFloyd/IF-I-XL-v1.0,DeepFloyd,2631,677,"diffusers,pytorch,safetensors,if,text-to-image,arxiv:2205.11487,arxiv:2110.02861,license:deepfloyd-if-license,diffusers:IFPipeline,region:us",2023-04-06 21:22:41+00:00,2026-09-09,11530,True,False,False,,False,False,,False,False,,True,True,"of people or their environments, cultures, religions, etc. - Intentionally promoting or propagating discriminatory content or harmful stereotypes. - Impersonating individuals without their consent. - Sexual content without consent of the people who might see it. - Mis- and disinformation - Representations of",False,False,,False,False,,False,False,False,deepfloyd-if-license,other,1k-10k,,False
EK12317/Ekmix-Diffusion,EK12317,2625,60,"diffusers,stable-diffusion,stable-diffusion-diffusers,text-to-image,en,license:creativeml-openrail-m,endpoints_compatible,diffusers:StableDiffusionPipeline,region:us",2022-12-18 06:45:54+00:00,2026-09-09,3871,True,False,False,,False,False,,False,False,,False,False,,False,False,,False,False,,False,False,False,creativeml-openrail-m,RAIL family,1k-10k,,False
InsecureErasure/CyberRealisticXL-GGUF,InsecureErasure,2624,13,"diffusers,gguf,stable-diffusion,sdxl,text-to-image,image-generation,cyberrealistic,base_model:cyberdelia/CyberRealisticXL,base_model:quantized:cyberdelia/CyberRealisticXL,license:creativeml-openrail-m,region:us",2026-02-25 18:04:58+00:00,2026-09-09,3374,True,True,False,"pt:** *lowres, blurry, oversharpened, jpeg artifacts, bad anatomy, extra fingers, deformed hands, cross-eye, plastic skin, overexposed, underexposed, watermark, text, logo* * **Sampler:** dpmpp_2m * **Scheduler:** karras * **Steps:** 30 * **Denoise:** 1.0 ## Repository Structure  ``` / ├── cyberrealisticXL_v",False,False,,False,False,,False,False,,False,False,,False,False,,False,False,True,creativeml-openrail-m,RAIL family,1k-10k,cyberdelia/CyberRealisticXL,True
tonera/FLUX.2-klein-4B-int8-diffusers,tonera,2597,1,"diffusers,safetensors,text-to-image,image-editing,flux,diffusion-single-file,image-to-image,en,license:apache-2.0,diffusers:Flux2KleinPipeline,region:us",2026-01-17 03:57:59+00:00,2026-09-09,9696,True,True,True,"atforms better identify, label, and interpret AI-generated content online. The inference code for FLUX.2 [klein] implements an example of pixel-layer watermarking. Additionally, this repository includes links to the https://c2pa.org/ standard for metadata. The API for FLUX.2 [klein] applies cryptographically-si",True,True,"The inference code for FLUX.2 [klein] implements an example of pixel-layer watermarking. Additionally, this repository includes links to the https://c2pa.org/ standard for metadata. The API for FLUX.2 [klein] applies cryptographically-signed C2PA metadata to downloaded output content to indicate that i",True,True,"and https://www.microsoft.com/. 6. Content provenance. Content provenance features can help users and platforms better identify, label, and interpret AI-generated content online. The inference code for FLUX.2 [klein] implements an example of pixel-layer watermarking. Additionally, this repository includes links",True,True,"e information that can be used to harm an individual. - To harass, abuse, threaten, stalk, or bully individuals or groups of individuals. - To create non-consensual intimate imagery or illegal pornographic content. - For fully automated decision making or high risk applications that adversely impact an individual",False,False,,False,False,,False,True,True,apache-2.0,permissive,1k-10k,,False
R1000/Flux.1-dev-Controlnet-Upscaler,R1000,2576,7,"diffusers,safetensors,ControlNet,super-resolution,upscaler,text-to-image,stable-diffusion,lora,fluxpipeline,image-to-image,base_model:black-forest-labs/FLUX.1-dev,base_model:adapter:black-forest-labs/FLUX.1-dev,license:other,region:us",2024-12-21 16:02:22+00:00,2026-09-09,2004,True,False,False,,False,False,,False,False,,False,False,,False,False,,False,False,,False,False,False,other,other,1k-10k,black-forest-labs/FLUX.1-dev,True
Manojb/stable-diffusion-2-base,Manojb,2569,12,"diffusers,safetensors,stable-diffusion,text-to-image,arxiv:2112.10752,arxiv:2202.00512,arxiv:1910.09700,license:openrail++,endpoints_compatible,diffusers:StableDiffusionPipeline,region:us",2025-06-13 20:39:13+00:00,2026-09-09,12497,True,False,False,,False,False,,False,False,,True,True,"of people or their environments, cultures, religions, etc. - Intentionally promoting or propagating discriminatory content or harmful stereotypes. - Impersonating individuals without their consent. - Sexual content without consent of the people who might see it. - Mis- and disinformation - Representations of",False,False,,False,False,,False,False,False,openrail++,RAIL family,1k-10k,,False
Keltezaa/Flux2_Klein_9B_snofs_v1,Keltezaa,2549,2,"diffusers,text-to-image,lora,template:diffusion-lora,base_model:black-forest-labs/FLUX.2-klein-base-9B,base_model:adapter:black-forest-labs/FLUX.2-klein-base-9B,license:cc-by-nc-nd-4.0,region:us",2026-02-21 23:56:59+00:00,2026-09-09,152,False,False,False,,False,False,,False,False,,False,False,,False,False,,False,False,,False,False,False,cc-by-nc-nd-4.0,non-commercial,1k-10k,black-forest-labs/FLUX.2-klein-base-9B,True
TheImposterImposters/PonyRealism-v2.2MainVAE,TheImposterImposters,2547,0,"diffusers,safetensors,text-to-image,endpoints_compatible,diffusers:StableDiffusionXLPipeline,region:us",2024-10-06 06:20:03+00:00,2026-09-09,4328,True,False,False,,False,False,,False,False,,False,False,,False,False,,False,False,,False,False,False,,unspecified,1k-10k,,False
tsqn/Z-Image-Turbo_fp32-fp16-bf16_comfyui,tsqn,2543,9,"diffusion-single-file,text-to-image,comfyui,safetensors,en,arxiv:2511.22699,arxiv:2511.22677,arxiv:2511.13649,base_model:Tongyi-MAI/Z-Image-Turbo,base_model:finetune:Tongyi-MAI/Z-Image-Turbo,license:apache-2.0,region:us",2025-12-11 15:52:11+00:00,2026-09-09,1015,True,False,False,,False,False,,False,False,,False,False,,False,False,,False,False,,False,False,False,apache-2.0,permissive,1k-10k,Tongyi-MAI/Z-Image-Turbo,True
OlegSkutte/LCM-SSD-1B-GGUF,OlegSkutte,2532,2,"gguf,stable-diffusion.cpp,text-to-image,base_model:latent-consistency/lcm-ssd-1b,base_model:quantized:latent-consistency/lcm-ssd-1b,license:openrail++,region:us",2025-12-25 19:27:51+00:00,2026-09-09,400,True,False,False,,False,False,,False,False,,False,False,,False,False,,False,False,,False,False,False,openrail++,RAIL family,1k-10k,latent-consistency/lcm-ssd-1b,True
mflux-community/krea-2-turbo-mflux-q4,mflux-community,2530,0,"mflux,safetensors,text-to-image,mlx,flux,krea,apple-silicon,quantized,base_model:krea/Krea-2-Turbo,base_model:finetune:krea/Krea-2-Turbo,license:other,region:us",2026-07-13 00:16:00+00:00,2026-09-09,4245,True,False,False,,False,False,,False,False,,False,False,,False,False,,False,False,,False,False,False,other,other,1k-10k,krea/Krea-2-Turbo,True
wbruna/Z-Image-Turbo-sdcpp-GGUF,wbruna,2502,9,"gguf,text-to-image,image-generation,stable-diffusion.cpp,base_model:Tongyi-MAI/Z-Image-Turbo,base_model:quantized:Tongyi-MAI/Z-Image-Turbo,license:apache-2.0,region:us",2025-11-29 19:09:33+00:00,2026-09-09,1914,True,False,False,,False,False,,False,False,,False,False,,False,False,,False,False,,False,False,False,apache-2.0,permissive,1k-10k,Tongyi-MAI/Z-Image-Turbo,True
seanjang990/shark_adult_parts_v21_25,seanjang990,2488,0,"diffusers,text-to-image,lora,template:diffusion-lora,base_model:Tongyi-MAI/Z-Image-Turbo,base_model:adapter:Tongyi-MAI/Z-Image-Turbo,region:us",2026-06-15 01:16:17+00:00,2026-09-09,157,False,False,False,,False,False,,False,False,,False,False,,False,False,,False,False,,False,False,False,,unspecified,1k-10k,Tongyi-MAI/Z-Image-Turbo,True
krea/Krea-2-LoRA-darkbrush,krea,2482,24,"diffusers,lora,text-to-image,en,base_model:krea/Krea-2-Turbo,base_model:adapter:krea/Krea-2-Turbo,license:other,region:us",2026-06-19 18:30:54+00:00,2026-09-09,1034,True,False,False,,False,False,,False,False,,False,False,,False,False,,False,False,,False,False,False,other,other,1k-10k,krea/Krea-2-Turbo,True
vladmandic/Anima-1.0-Base,vladmandic,2481,0,"diffusers,safetensors,text-to-image,base_model:circlestone-labs/Anima,base_model:finetune:circlestone-labs/Anima,license:mit,diffusers:AnimaTextToImagePipeline,region:us",2026-05-15 10:16:34+00:00,2026-09-09,128,False,False,False,,False,False,,False,False,,False,False,,False,False,,False,False,,False,False,False,mit,permissive,1k-10k,circlestone-labs/Anima,True
DFloat11/Chroma-DF11,DFloat11,2462,5,"diffusers,safetensors,llama,dfloat11,df11,lossless compression,70% size, 100% accuracy,text-to-image,arxiv:2504.11651,base_model:lodestones/Chroma,base_model:quantized:lodestones/Chroma,region:us",2025-06-26 05:24:03+00:00,2026-09-09,3667,True,False,False,,False,False,,False,False,,False,False,,False,False,,False,False,,False,False,False,,unspecified,1k-10k,lodestones/Chroma,True
pachiiahri/anima-fp8-comfyui,pachiiahri,2460,5,"diffusion-single-file,comfyui,text-to-image,base_model:circlestone-labs/Anima,base_model:quantized:circlestone-labs/Anima,region:us",2026-02-01 15:52:07+00:00,2026-09-09,411,True,False,False,,False,False,,False,False,,False,False,,False,False,,False,False,,False,False,False,,unspecified,1k-10k,circlestone-labs/Anima,True
optimum-intel-internal-testing/tiny-stable-diffusion-with-textual-inversion,optimum-intel-internal-testing,2455,0,"diffusers,tensorboard,safetensors,stable-diffusion,stable-diffusion-diffusers,text-to-image,textual_inversion,diffusers-training,base_model:hf-internal-testing/tiny-stable-diffusion-torch,base_model:adapter:hf-internal-testing/tiny-stable-diffusion-torch,license:creativeml-openrail-m,endpoints_compatible,diffusers:StableDiffusionPipeline,region:us",2025-11-20 11:04:59+00:00,2026-09-09,732,True,False,False,,False,False,,False,False,,False,False,,False,False,,False,False,,False,False,False,creativeml-openrail-m,RAIL family,1k-10k,hf-internal-testing/tiny-stable-diffusion-torch,True
litert-community/Z-Image-Turbo-LiteRT,litert-community,2417,8,"litert,tflite,text-to-image,on-device,diffusion-transformer,int8,base_model:Tongyi-MAI/Z-Image-Turbo,base_model:quantized:Tongyi-MAI/Z-Image-Turbo,license:apache-2.0,region:us",2026-07-09 05:50:43+00:00,2026-09-09,11737,True,False,False,,False,False,,False,False,,False,False,,False,False,,False,False,,False,False,False,apache-2.0,permissive,1k-10k,Tongyi-MAI/Z-Image-Turbo,True
vistralis/FLUX.2-klein-9b-INT8-transformer,vistralis,2411,5,"diffusers,flux,flux2,quantized,int8,transformer,text-to-image,base_model:black-forest-labs/FLUX.2-klein-9B,base_model:quantized:black-forest-labs/FLUX.2-klein-9B,license:other,region:us",2026-02-14 00:44:44+00:00,2026-09-09,8581,True,False,False,,False,False,,False,False,,False,False,,False,False,,False,False,,False,False,False,other,other,1k-10k,black-forest-labs/FLUX.2-klein-9B,True
John6666/cyberrealistic-pony-semi-realistic-semi-real-v30-sdxl,John6666,2403,1,"diffusers,safetensors,text-to-image,stable-diffusion,stable-diffusion-xl,anime,realistic,semi-realistic,fetish,pony,en,base_model:cyberdelia/cyberrealistic_semi_realistic,base_model:finetune:cyberdelia/cyberrealistic_semi_realistic,license:other,endpoints_compatible,diffusers:StableDiffusionXLPipeline,region:us",2025-04-22 14:23:09+00:00,2026-09-09,254,True,False,False,,False,False,,False,False,,False,False,,False,False,,False,False,,False,False,False,other,other,1k-10k,cyberdelia/cyberrealistic_semi_realistic,True
