model_id,org,downloads,likes,tags,created_at,card_chars
stabilityai/stable-diffusion-xl-base-1.0,stabilityai,1947914,8125,"diffusers,onnx,safetensors,text-to-image,stable-diffusion,arxiv:2307.01952,arxiv:2211.01324,arxiv:2108.01073,arxiv:2112.10752,license:openrail++,endpoints_compatible,diffusers:StableDiffusionXLPipeline,region:us,deploy:sagemaker,deploy:azure",2023-07-25 13:25:51+00:00,8592
stable-diffusion-v1-5/stable-diffusion-v1-5,stable-diffusion-v1-5,1563425,1266,"diffusers,safetensors,stable-diffusion,stable-diffusion-diffusers,text-to-image,arxiv:2207.12598,arxiv:2112.10752,arxiv:2103.00020,arxiv:2205.11487,arxiv:1910.09700,license:creativeml-openrail-m,endpoints_compatible,diffusers:StableDiffusionPipeline,region:us",2024-08-30 09:48:48+00:00,14318
Lykon/dreamshaper-7,Lykon,892057,64,"diffusers,safetensors,stable-diffusion,stable-diffusion-diffusers,text-to-image,art,artistic,anime,dreamshaper,en,license:creativeml-openrail-m,endpoints_compatible,diffusers:StableDiffusionPipeline,region:us",2023-08-26 16:49:11+00:00,2179
black-forest-labs/FLUX.1-dev,black-forest-labs,790579,14536,"diffusers,safetensors,text-to-image,image-generation,flux,en,license:other,endpoints_compatible,diffusers:FluxPipeline,region:us",2024-07-31 21:13:44+00:00,3937
RunDiffusion/Juggernaut-XL-v9,RunDiffusion,766250,430,"diffusers,stable-diffusion,stable-diffusion-xl,sdxl,text-to-image,photorealistic,photography,cinematic,portrait,juggernaut,rundiffusion,kandooai,en,base_model:stabilityai/stable-diffusion-xl-base-1.0,base_model:finetune:stabilityai/stable-diffusion-xl-base-1.0,license:creativeml-openrail-m,endpoints_compatible,diffusers:StableDiffusionXLPipeline,region:us",2024-02-18 21:05:03+00:00,10119
black-forest-labs/FLUX.1-schnell,black-forest-labs,729023,5746,"diffusers,safetensors,text-to-image,image-generation,flux,en,license:apache-2.0,endpoints_compatible,diffusers:FluxPipeline,deploy:sagemaker,deploy:azure,region:us",2024-07-31 19:58:05+00:00,3587
Tongyi-MAI/Z-Image-Turbo,Tongyi-MAI,693909,5216,"diffusers,safetensors,text-to-image,en,arxiv:2511.22699,arxiv:2511.22677,arxiv:2511.13649,license:apache-2.0,diffusers:ZImagePipeline,deploy:azure,region:us",2025-11-25 15:09:48+00:00,13425
stabilityai/sdxl-turbo,stabilityai,619241,2626,"diffusers,onnx,safetensors,text-to-image,license:other,diffusers:StableDiffusionXLPipeline,region:us",2023-11-27 15:19:11+00:00,5701
CompVis/stable-diffusion-v1-4,CompVis,566098,7059,"diffusers,safetensors,stable-diffusion,stable-diffusion-diffusers,text-to-image,arxiv:2207.12598,arxiv:2112.10752,arxiv:2103.00020,arxiv:2205.11487,arxiv:1910.09700,license:creativeml-openrail-m,endpoints_compatible,diffusers:StableDiffusionPipeline,region:us",2022-08-20 13:26:13+00:00,15484
black-forest-labs/FLUX.2-klein-4B,black-forest-labs,551415,915,"diffusers,safetensors,text-to-image,image-editing,flux,diffusion-single-file,image-to-image,en,license:apache-2.0,diffusers:Flux2KleinPipeline,region:us",2026-01-14 13:42:59+00:00,9844
wikeeyang/Flux2-Klein-9B-True-V2,wikeeyang,443861,197,"diffusers,gguf,text-to-image,en,zh,base_model:black-forest-labs/FLUX.2-klein-9B,base_model:finetune:black-forest-labs/FLUX.2-klein-9B,license:other,region:us",2026-03-26 08:44:12+00:00,3153
lightx2v/Qwen-Image-Lightning,lightx2v,436033,826,"diffusers,Qwen-Image,distillation,LoRA,lora,text-to-image,en,zh,base_model:Qwen/Qwen-Image,base_model:adapter:Qwen/Qwen-Image,license:apache-2.0,region:us",2025-08-09 14:57:18+00:00,1743
stabilityai/sd-turbo,stabilityai,351681,460,"diffusers,safetensors,text-to-image,diffusers:StableDiffusionPipeline,region:us",2023-11-27 16:41:20+00:00,5847
cagliostrolab/animagine-xl-4.0,cagliostrolab,325358,507,"diffusers,safetensors,text-to-image,stable-diffusion,stable-diffusion-xl,en,base_model:stabilityai/stable-diffusion-xl-base-1.0,base_model:finetune:stabilityai/stable-diffusion-xl-base-1.0,license:openrail++,endpoints_compatible,diffusers:StableDiffusionXLPipeline,region:us",2025-01-10 17:51:13+00:00,14388
black-forest-labs/FLUX.2-klein-base-4B,black-forest-labs,315882,163,"diffusers,safetensors,text-to-image,image-editing,flux,diffusion-single-file,image-to-image,en,license:apache-2.0,diffusers:Flux2KleinPipeline,deploy:sagemaker,region:us",2026-01-14 13:42:28+00:00,9937
Qwen/Qwen-Image,Qwen,313794,2622,"diffusers,safetensors,text-to-image,en,zh,arxiv:2508.02324,license:apache-2.0,diffusers:QwenImagePipeline,region:us,deploy:azure",2025-08-02 04:58:07+00:00,6600
LyliaEngine/Pony_Diffusion_V6_XL,LyliaEngine,276809,166,"diffusers,text-to-image,stable-diffusion,lora,template:sd-lora,base_model:Bakanayatsu/Pony-Diffusion-V6-XL-for-Anime,base_model:adapter:Bakanayatsu/Pony-Diffusion-V6-XL-for-Anime,license:cdla-permissive-2.0,region:us",2024-05-25 09:04:55+00:00,4974
nphSi/Z-Image-Lora,nphSi,261557,147,"diffusers,text-to-image,lora,safetensors,z-image,base_model:Tongyi-MAI/Z-Image,base_model:adapter:Tongyi-MAI/Z-Image,license:apache-2.0,region:us",2025-12-01 06:21:24+00:00,23723
playgroundai/playground-v2.5-1024px-aesthetic,playgroundai,259793,771,"diffusers,safetensors,text-to-image,playground,arxiv:2206.00364,arxiv:2402.17245,license:other,endpoints_compatible,diffusers:StableDiffusionXLPipeline,region:us",2024-02-16 18:46:17+00:00,6216
unsloth/FLUX.2-klein-4B-GGUF,unsloth,250806,211,"ggml,gguf,text-to-image,unsloth,image-editing,flux,diffusion-single-file,image-to-image,en,base_model:black-forest-labs/FLUX.2-klein-4B,base_model:quantized:black-forest-labs/FLUX.2-klein-4B,license:apache-2.0,region:us",2026-01-15 17:14:51+00:00,10848
city96/FLUX.1-dev-gguf,city96,241232,1426,"gguf,text-to-image,image-generation,flux,base_model:black-forest-labs/FLUX.1-dev,base_model:quantized:black-forest-labs/FLUX.1-dev,license:other,region:us",2024-08-15 02:27:07+00:00,625
black-forest-labs/FLUX.2-small-decoder,black-forest-labs,216631,173,"diffusers,safetensors,text-to-image,image-editing,flux,diffusion-single-file,image-to-image,en,license:apache-2.0,region:us,deploy:sagemaker",2026-04-06 16:08:58+00:00,3719
city96/FLUX.1-schnell-gguf,city96,208851,350,"gguf,text-to-image,image-generation,flux,base_model:black-forest-labs/FLUX.1-schnell,base_model:quantized:black-forest-labs/FLUX.1-schnell,license:apache-2.0,region:us",2024-08-15 02:30:12+00:00,514
stablediffusionapi/revanimated,stablediffusionapi,205690,2,"diffusers,stablediffusionapi.com,stable-diffusion-api,text-to-image,ultra-realistic,license:creativeml-openrail-m,endpoints_compatible,diffusers:StableDiffusionPipeline,region:us",2023-05-10 14:34:08+00:00,2228
cagliostrolab/animagine-xl-3.1,cagliostrolab,195193,735,"diffusers,safetensors,text-to-image,stable-diffusion,stable-diffusion-xl,en,base_model:cagliostrolab/animagine-xl-3.0,base_model:finetune:cagliostrolab/animagine-xl-3.0,license:openrail++,endpoints_compatible,diffusers:StableDiffusionXLPipeline,region:us",2024-03-13 09:40:48+00:00,18732
John6666/nova-furry-xl-il-v120-sdxl,John6666,187651,7,"diffusers,safetensors,text-to-image,stable-diffusion,stable-diffusion-xl,not-for-all-audiences,anime,hentai,furry,furry style,2D,2.5D,3D,feral,yiff,anthro,animals,detail,posing,e621/rule34 tags,merge,noobai,Illustrious XL v2.0,illustrious,en,base_model:Laxhar/noobai-XL-1.1,base_model:merge:Laxhar/noobai-XL-1.1,base_model:OnomaAIResearch/Illustrious-XL-v2.0,base_model:merge:OnomaAIResearch/Illustrious-XL-v2.0,license:other,endpoints_compatible,diffusers:StableDiffusionXLPipeline,region:us",2025-10-01 02:44:51+00:00,165
h94/IP-Adapter-FaceID,h94,179747,1882,"diffusers,text-to-image,stable-diffusion,en,arxiv:2308.06721,region:us",2023-12-20 03:15:30+00:00,11150
Lykon/DreamShaper,Lykon,166508,1018,"diffusers,stable-diffusion,stable-diffusion-diffusers,text-to-image,art,artistic,anime,en,doi:10.57967/hf/0453,license:other,diffusers:StableDiffusionPipeline,region:us",2023-01-12 09:14:06+00:00,440
stabilityai/stable-diffusion-3.5-medium,stabilityai,153232,1092,"diffusers,safetensors,text-to-image,stable-diffusion,en,arxiv:2403.03206,license:other,diffusers:StableDiffusion3Pipeline,region:us",2024-10-29 10:27:32+00:00,10968
stable-diffusion-v1-5/stable-diffusion-inpainting,stable-diffusion-v1-5,144338,119,"diffusers,stable-diffusion,stable-diffusion-diffusers,text-to-image,arxiv:2207.12598,arxiv:2112.10752,arxiv:2103.00020,arxiv:2205.11487,arxiv:1910.09700,license:creativeml-openrail-m,diffusers:StableDiffusionInpaintPipeline,region:us",2024-08-30 10:08:03+00:00,14938
duongve/NetaYume-Lumina-Image-2.0,duongve,139260,71,"diffusion-single-file,stable-diffusion,text-to-image,comfyui,base_model:Alpha-VLLM/Lumina-Image-2.0,base_model:finetune:Alpha-VLLM/Lumina-Image-2.0,license:apache-2.0,region:us",2025-08-06 09:08:01+00:00,2542
unsloth/Z-Image-Turbo-GGUF,unsloth,134585,257,"ggml,gguf,quantized,unsloth,text-to-image,en,arxiv:2511.22699,arxiv:2511.22677,arxiv:2511.13649,base_model:Tongyi-MAI/Z-Image-Turbo,base_model:quantized:Tongyi-MAI/Z-Image-Turbo,license:apache-2.0,region:us",2025-12-21 22:47:59+00:00,15310
black-forest-labs/FLUX.2-klein-4b-fp8,black-forest-labs,134194,73,"diffusion-single-file,text-to-image,image-editing,flux,image-to-image,en,license:apache-2.0,region:us",2026-01-14 22:32:43+00:00,7637
SimianLuo/LCM_Dreamshaper_v7,SimianLuo,128476,416,"diffusers,onnx,safetensors,text-to-image,en,arxiv:2310.04378,license:mit,diffusers:LatentConsistencyModelPipeline,region:us",2023-10-14 08:26:52+00:00,3412
Lykon/dreamshaper-8,Lykon,126789,134,"diffusers,safetensors,stable-diffusion,stable-diffusion-diffusers,text-to-image,art,artistic,anime,dreamshaper,en,license:creativeml-openrail-m,endpoints_compatible,diffusers:StableDiffusionPipeline,region:us",2023-08-26 16:49:06+00:00,2178
John6666/one-obsession-17-red-sdxl,John6666,125532,3,"diffusers,safetensors,text-to-image,stable-diffusion,stable-diffusion-xl,not-for-all-audiences,anime,girls,cute,balanced,hands,feet,texture,limbs,excellent lighting and shadow,details,finetune,my style,extreme light and shadow,composition,2D,2.5D,3D,merge,noobai,Illustrious XL v2.0,illustrious,en,base_model:Laxhar/noobai-XL-1.0,base_model:merge:Laxhar/noobai-XL-1.0,base_model:OnomaAIResearch/Illustrious-XL-v2.0,base_model:merge:OnomaAIResearch/Illustrious-XL-v2.0,license:other,endpoints_compatible,diffusers:StableDiffusionXLPipeline,region:us",2025-09-18 13:18:30+00:00,162
ScottzillaSystems/qwen-image-edit-plus-nsfw-lora,ScottzillaSystems,122532,348,"diffusers,lora,text-to-image,nsfw,image-editing,qwen-image-edit,not-for-all-audiences,image-to-image,base_model:Qwen/Qwen-Image-Edit-2511,base_model:adapter:Qwen/Qwen-Image-Edit-2511,license:openrail++,region:us",2026-03-16 07:29:35+00:00,2016
unsloth/Qwen-Image-2512-GGUF,unsloth,119731,409,"gguf,quantized,unsloth,qwen,text-to-image,en,zh,arxiv:2508.02324,base_model:Qwen/Qwen-Image-2512,base_model:quantized:Qwen/Qwen-Image-2512,license:apache-2.0,region:us",2025-12-30 08:09:37+00:00,16873
xinsir/controlnet-union-sdxl-1.0,xinsir,117809,1820,"diffusers,safetensors,Text-to-Image,ControlNet,Diffusers,Stable Diffusion,text-to-image,license:apache-2.0,region:us",2024-07-07 07:41:40+00:00,9733
xinsir/controlnet-openpose-sdxl-1.0,xinsir,109554,311,"diffusers,safetensors,openpose,controlnet,controlnet-openpose-sdxl-1.0,text_to_image,text-to-image,arxiv:2302.05543,license:apache-2.0,region:us",2024-05-13 14:47:50+00:00,7375
John6666/amanatsu-illustrious-v11-sdxl,John6666,108521,3,"diffusers,safetensors,text-to-image,stable-diffusion,stable-diffusion-xl,anime,girls,characters,detailed anime look,backgrounds,better eyes,illustrious,en,base_model:OnomaAIResearch/Illustrious-xl-early-release-v0,base_model:finetune:OnomaAIResearch/Illustrious-xl-early-release-v0,license:other,endpoints_compatible,diffusers:StableDiffusionXLPipeline,region:us",2025-03-13 07:52:11+00:00,152
John6666/diving-illustrious-real-asian-v50-sdxl,John6666,102700,0,"diffusers,safetensors,text-to-image,stable-diffusion,stable-diffusion-xl,realistic,photorealistic,photoreal,asian,illustrious,en,base_model:OnomaAIResearch/Illustrious-xl-early-release-v0,base_model:finetune:OnomaAIResearch/Illustrious-xl-early-release-v0,license:other,endpoints_compatible,diffusers:StableDiffusionXLPipeline,region:us",2025-09-19 23:33:09+00:00,189
black-forest-labs/FLUX.2-klein-base-4b-fp8,black-forest-labs,100131,51,"diffusion-single-file,text-to-image,image-editing,flux,image-to-image,en,license:apache-2.0,region:us",2026-01-14 22:32:41+00:00,7783
Laxhar/noobai-XL-1.1,Laxhar,96799,165,"diffusers,safetensors,Diffusers,Safetensors,not-for-all-audiences,text-to-image,en,base_model:Laxhar/noobai-XL-1.0,base_model:finetune:Laxhar/noobai-XL-1.0,license:other,endpoints_compatible,diffusers:StableDiffusionXLPipeline,region:us",2024-11-21 13:43:47+00:00,6404
John6666/janku-v5-nsfw-trained-noobai-rou-wei-illustrious-xl-v50-sdxl,John6666,91777,16,"diffusers,safetensors,text-to-image,stable-diffusion,stable-diffusion-xl,not-for-all-audiences,anime,hentai,nai,girls,better eyes,brightness,contrast,better shade lightning,brighter colors,shiny hair with particles,shiny eyes,sharper lines,characters,artists,trained,merge,rouwei,noobai,illustrious,en,base_model:Laxhar/noobai-XL-1.1,base_model:merge:Laxhar/noobai-XL-1.1,base_model:Minthy/RouWei-0.8,base_model:merge:Minthy/RouWei-0.8,base_model:OnomaAIResearch/Illustrious-xl-early-release-v0,base_model:merge:OnomaAIResearch/Illustrious-xl-early-release-v0,license:other,endpoints_compatible,diffusers:StableDiffusionXLPipeline,region:us",2025-08-31 00:44:06+00:00,203
T5B/Z-Image-Turbo-FP8,T5B,91536,173,"diffusers,text-to-image,en,base_model:Tongyi-MAI/Z-Image-Turbo,base_model:quantized:Tongyi-MAI/Z-Image-Turbo,license:apache-2.0,region:us",2025-11-26 20:43:17+00:00,381
lightx2v/Qwen-Image-2512-Lightning,lightx2v,89730,228,"diffusers,diffusion-single-file,comfyui,distillation,LoRA,lora,Qwen-Image,text-to-image,base_model:Qwen/Qwen-Image-2512,base_model:adapter:Qwen/Qwen-Image-2512,license:apache-2.0,region:us",2025-12-31 12:13:41+00:00,774
cyberdelia/CyberRealistic,cyberdelia,89212,95,"diffusers,stable-diffusion,sd-1.5,text-to-image,photorealistic,cyberrealistic,image-generation,license:creativeml-openrail-m,region:us",2023-05-28 11:25:45+00:00,3002
latent-consistency/lcm-lora-sdv1-5,latent-consistency,87720,533,"diffusers,lora,text-to-image,arxiv:2311.05556,base_model:runwayml/stable-diffusion-v1-5,base_model:adapter:runwayml/stable-diffusion-v1-5,license:openrail++,region:us",2023-11-07 11:20:24+00:00,7070
HiDream-ai/HiDream-I1-Fast,HiDream-ai,85611,107,"diffusers,safetensors,image-generation,HiDream.ai,text-to-image,en,arxiv:2505.22705,license:mit,diffusers:HiDreamImagePipeline,region:us",2025-04-06 14:18:51+00:00,7165
ByteDance/SDXL-Lightning,ByteDance,84371,2185,"diffusers,text-to-image,stable-diffusion,arxiv:2402.13929,license:openrail++,region:us",2024-02-20 20:03:33+00:00,6417
Omnico/Krea2_turbo_diff_loras,Omnico,80765,41,"diffusers,text-to-image,lora,template:diffusion-lora,base_model:krea/Krea-2-Turbo,base_model:adapter:krea/Krea-2-Turbo,region:us",2026-08-01 13:23:43+00:00,982
diffusers/stable-diffusion-xl-1.0-inpainting-0.1,diffusers,79974,383,"diffusers,safetensors,stable-diffusion-xl,stable-diffusion-xl-diffusers,text-to-image,inpainting,arxiv:2112.10752,base_model:stabilityai/stable-diffusion-xl-base-1.0,base_model:finetune:stabilityai/stable-diffusion-xl-base-1.0,license:openrail++,diffusers:StableDiffusionXLInpaintPipeline,region:us",2023-09-01 14:07:10+00:00,4657
lopi999/Wan2.2-I2V_General-NSFW-LoRA,lopi999,78967,110,"diffusers,text-to-image,lora,template:diffusion-lora,base_model:Wan-AI/Wan2.2-I2V-A14B,base_model:adapter:Wan-AI/Wan2.2-I2V-A14B,region:us,not-for-all-audiences",2025-09-17 03:01:26+00:00,335
stabilityai/stable-diffusion-3.5-large,stabilityai,74398,3777,"diffusers,safetensors,text-to-image,stable-diffusion,en,arxiv:2403.03206,license:other,diffusers:StableDiffusion3Pipeline,region:us",2024-10-22 07:29:57+00:00,9362
lodestones/Chroma1-HD,lodestones,72626,403,"diffusers,safetensors,text-to-image,license:apache-2.0,diffusers:ChromaPipeline,region:us,deploy:azure",2025-08-08 10:23:39+00:00,8049
Qwen/Qwen-Image-2512,Qwen,71751,947,"diffusers,safetensors,text-to-image,en,zh,arxiv:2508.02324,license:apache-2.0,diffusers:QwenImagePipeline,region:us,deploy:azure",2025-12-30 02:29:01+00:00,15246
krea/Krea-2-Raw,krea,71268,651,"diffusers,safetensors,text-to-image,en,license:other,diffusers:Krea2Pipeline,region:us",2026-06-18 05:24:15+00:00,7562
thibaud/controlnet-openpose-sdxl-1.0,thibaud,71189,431,"diffusers,stable-diffusion-xl,stable-diffusion-xl-diffusers,text-to-image,controlnet,base_model:stabilityai/stable-diffusion-xl-base-1.0,base_model:adapter:stabilityai/stable-diffusion-xl-base-1.0,license:other,region:us",2023-08-13 18:14:13+00:00,2463
krea/Krea-2-Turbo,krea,70518,1105,"diffusers,safetensors,text-to-image,en,base_model:krea/Krea-2-Raw,base_model:finetune:krea/Krea-2-Raw,license:other,diffusers:Krea2Pipeline,region:us",2026-06-18 04:50:10+00:00,7140
black-forest-labs/FLUX.1-Krea-dev,black-forest-labs,70507,904,"diffusers,safetensors,text-to-image,image-generation,flux,en,base_model:black-forest-labs/FLUX.1-dev,base_model:finetune:black-forest-labs/FLUX.1-dev,license:other,endpoints_compatible,diffusers:FluxPipeline,region:us",2025-07-07 10:39:11+00:00,7587
John6666/obsession-illustriousxl-v10-sdxl,John6666,69492,1,"diffusers,safetensors,text-to-image,stable-diffusion,stable-diffusion-xl,anime,girls,illustrious,en,base_model:OnomaAIResearch/Illustrious-xl-early-release-v0,base_model:finetune:OnomaAIResearch/Illustrious-xl-early-release-v0,license:other,endpoints_compatible,diffusers:StableDiffusionXLPipeline,region:us",2024-10-03 08:59:56+00:00,183
OnomaAIResearch/Illustrious-xl-early-release-v0,OnomaAIResearch,69139,429,"diffusers,safetensors,text-to-image,en,arxiv:2409.19946,base_model:KBlueLeaf/kohaku-xl-beta5,base_model:finetune:KBlueLeaf/kohaku-xl-beta5,license:other,endpoints_compatible,diffusers:StableDiffusionXLPipeline,region:us",2024-09-20 14:56:38+00:00,16653
cagliostrolab/animagine-xl-3.0,cagliostrolab,68661,775,"diffusers,safetensors,text-to-image,stable-diffusion,stable-diffusion-xl,en,base_model:Linaqruf/animagine-xl-2.0,base_model:finetune:Linaqruf/animagine-xl-2.0,license:openrail++,endpoints_compatible,diffusers:StableDiffusionXLPipeline,region:us",2023-11-23 03:57:11+00:00,12175
Laxhar/noobai-XL-Vpred-1.0,Laxhar,68436,71,"diffusers,safetensors,stable-diffusion,stable-diffusion-xl,art,not-for-all-audiences,text-to-image,en,base_model:Laxhar/noobai-XL-Vpred-0.75,base_model:finetune:Laxhar/noobai-XL-Vpred-0.75,license:other,endpoints_compatible,diffusers:StableDiffusionXLPipeline,region:us",2024-12-22 06:16:42+00:00,11209
qujincheng/Z-Image-Lora,qujincheng,67920,1,"diffusers,text-to-image,lora,safetensors,z-image,base_model:Tongyi-MAI/Z-Image,base_model:adapter:Tongyi-MAI/Z-Image,license:apache-2.0,region:us",2026-08-16 16:10:28+00:00,23522
nvidia/Cosmos3-Super-Text2Image-4Step,nvidia,67525,14,"cosmos,diffusers,safetensors,cosmos3_omni,nvidia,cosmos3,vllm-omni,text-to-image,image-generation,arxiv:2405.14867,license:other,region:us",2026-07-07 01:00:22+00:00,33187
LyliaEngine/waiIllustriousSDXL_v170,LyliaEngine,67290,16,"diffusers,text-to-image,lora,template:diffusion-lora,base_model:OnomaAIResearch/Illustrious-xl-early-release-v0,base_model:adapter:OnomaAIResearch/Illustrious-xl-early-release-v0,license:cdla-permissive-2.0,region:us",2026-05-15 01:38:15+00:00,3150
ideogram-ai/ideogram-4-fp8,ideogram-ai,65556,786,"diffusers,safetensors,text-to-image,image-generation,diffusion,flow-matching,dit,ideogram,license:other,diffusers:Ideogram4Pipeline,region:us",2026-05-30 23:40:55+00:00,17068
AlperKTS/Krea2_FP8,AlperKTS,65508,110,"diffusers,krea2,text-to-image,image-generation,dit,fp8,comfyui,krea,license:other,region:us",2026-06-22 23:50:01+00:00,4730
nunchaku-ai/nunchaku-qwen-image-edit,nunchaku-ai,65174,121,"diffusers,image-editing,SVDQuant,Qwen-Image-Edit,Diffusion,Quantization,ICLR2025,text-to-image,en,dataset:mit-han-lab/svdquant-datasets,arxiv:2411.05007,base_model:Qwen/Qwen-Image-Edit,base_model:quantized:Qwen/Qwen-Image-Edit,license:apache-2.0,region:us",2025-09-10 01:16:49+00:00,7222
Runpod/FLUX.2-klein-4B-mflux-4bit,Runpod,64719,11,"mflux,safetensors,flux2-klein-4b,text-to-image,mlx,flux2,flux2-klein,quantized,4bit,apple-silicon,base_model:black-forest-labs/FLUX.2-klein-4B,base_model:finetune:black-forest-labs/FLUX.2-klein-4B,license:apache-2.0,region:us",2026-02-16 12:35:08+00:00,2585
InstantX/InstantID,InstantX,57931,876,"diffusers,safetensors,text-to-image,en,arxiv:2401.07519,license:apache-2.0,region:us",2024-01-19 11:52:05+00:00,4762
latent-consistency/lcm-lora-sdxl,latent-consistency,57566,774,"diffusers,lora,text-to-image,arxiv:2311.05556,base_model:stabilityai/stable-diffusion-xl-base-1.0,base_model:adapter:stabilityai/stable-diffusion-xl-base-1.0,license:openrail++,region:us",2023-11-09 00:34:02+00:00,9134
stablediffusionapi/juggernaut-reborn,stablediffusionapi,57467,3,"diffusers,modelslab.com,stable-diffusion-api,text-to-image,ultra-realistic,license:creativeml-openrail-m,endpoints_compatible,diffusers:StableDiffusionPipeline,region:us",2024-01-21 12:49:17+00:00,2209
Gazingstars123/Anima-2.9B,Gazingstars123,56965,367,"diffusion-single-file,anima,comfyui,text-to-image,en,arxiv:2401.02415,base_model:circlestone-labs/Anima,base_model:finetune:circlestone-labs/Anima,license:other,region:us",2026-08-12 07:23:49+00:00,4309
Tongyi-MAI/Z-Image,Tongyi-MAI,56112,1233,"diffusers,safetensors,text-to-image,en,arxiv:2511.22699,license:apache-2.0,diffusers:ZImagePipeline,region:us,deploy:azure",2026-01-23 10:02:00+00:00,5367
XLabs-AI/flux-ip-adapter,XLabs-AI,53515,430,"diffusers,Stable Diffusion,image-generation,Flux,controlnet,text-to-image,en,license:other,region:us",2024-08-20 20:47:30+00:00,2682
xinsir/controlnet-scribble-sdxl-1.0,xinsir,53110,268,"diffusers,safetensors,text-to-image,arxiv:2302.05543,license:apache-2.0,region:us",2024-05-12 15:15:08+00:00,10380
ByteDance/Hyper-SD,ByteDance,52248,1349,"diffusers,lora,text-to-image,stable-diffusion,flux,arxiv:2404.13686,base_model:black-forest-labs/FLUX.1-dev,base_model:adapter:black-forest-labs/FLUX.1-dev,region:us",2024-04-20 06:34:54+00:00,19979
ifmylove2011/girlslike-krea2,ifmylove2011,52229,86,"diffusers,lora,girlslike,krea2,text-to-image,base_model:krea/Krea-2-Raw,base_model:adapter:krea/Krea-2-Raw,license:apache-2.0,region:us",2026-07-20 02:02:01+00:00,11877
RunDiffusion/Juggernaut-XI-v11,RunDiffusion,50596,153,"diffusers,stable-diffusion,stable-diffusion-xl,sdxl,text-to-image,photorealistic,photography,cinematic,portrait,juggernaut,rundiffusion,kandooai,en,base_model:stabilityai/stable-diffusion-xl-base-1.0,base_model:finetune:stabilityai/stable-diffusion-xl-base-1.0,license:cc-by-nc-nd-4.0,endpoints_compatible,diffusers:StableDiffusionXLPipeline,region:us",2024-07-11 15:47:22+00:00,8609
city96/Qwen-Image-gguf,city96,50279,294,"gguf,text-to-image,en,zh,base_model:Qwen/Qwen-Image,base_model:quantized:Qwen/Qwen-Image,license:apache-2.0,region:us",2025-08-05 12:18:44+00:00,1714
John6666/hassaku-xl-illustrious-v31-sdxl,John6666,49141,2,"diffusers,safetensors,text-to-image,stable-diffusion,stable-diffusion-xl,anime,hentai,characters,woman,girls,bright and distinct anime style,artists,LoRA friendly,merge,Illustrious XL v1.0,Illustrious XL v2.0,illustrious,en,base_model:OnomaAIResearch/Illustrious-XL-v1.0,base_model:merge:OnomaAIResearch/Illustrious-XL-v1.0,base_model:OnomaAIResearch/Illustrious-XL-v2.0,base_model:merge:OnomaAIResearch/Illustrious-XL-v2.0,license:other,endpoints_compatible,diffusers:StableDiffusionXLPipeline,region:us",2025-10-06 10:48:10+00:00,151
John6666/prefect-illustrious-xl-v3-sdxl,John6666,47910,2,"diffusers,safetensors,text-to-image,stable-diffusion,stable-diffusion-xl,anime,girls,styles,lighting,texture,clean,color balance,prompt understanding,merge,noobai,Illustrious XL v1.0,illustrious,en,base_model:Laxhar/noobai-XL-1.1,base_model:merge:Laxhar/noobai-XL-1.1,base_model:OnomaAIResearch/Illustrious-XL-v1.0,base_model:merge:OnomaAIResearch/Illustrious-XL-v1.0,license:other,endpoints_compatible,diffusers:StableDiffusionXLPipeline,region:us",2025-08-13 23:57:10+00:00,181
stabilityai/stable-diffusion-3-medium-diffusers,stabilityai,47251,472,"diffusers,safetensors,text-to-image,stable-diffusion,en,arxiv:2403.03206,license:other,diffusers:StableDiffusion3Pipeline,region:us",2024-06-12 16:21:22+00:00,6642
vantagewithai/Krea-2-Turbo-GGUF,vantagewithai,46627,140,"diffusers,gguf,text-to-image,en,base_model:krea/Krea-2-Turbo,base_model:quantized:krea/Krea-2-Turbo,license:other,region:us",2026-06-23 06:37:36+00:00,6236
leejet/Z-Image-Turbo-GGUF,leejet,46574,58,"gguf,text-to-image,image-generation,stable-diffusion.cpp,z-image-turbo,z-image,en,zh,base_model:Tongyi-MAI/Z-Image-Turbo,base_model:quantized:Tongyi-MAI/Z-Image-Turbo,license:apache-2.0,region:us",2025-11-30 15:34:37+00:00,1776
cyberdelia/CyberRealisticPony,cyberdelia,45366,123,"diffusers,stable-diffusion,sdxl,text-to-image,photorealistic,cyberrealistic,pony,image-generation,license:creativeml-openrail-m,region:us",2024-05-09 10:12:22+00:00,2055
lodestones/Chroma1-Base,lodestones,44168,115,"diffusers,safetensors,text-to-image,license:apache-2.0,diffusers:ChromaPipeline,region:us,deploy:azure",2025-07-29 02:37:28+00:00,5547
offgrid-ai/pony-diffusion-v6-xl-GGUF,offgrid-ai,44158,3,"gguf,stable-diffusion,sdxl,image-generation,quantized,off-grid,text-to-image,base_model:LyliaEngine/Pony_Diffusion_V6_XL,base_model:quantized:LyliaEngine/Pony_Diffusion_V6_XL,license:creativeml-openrail-m,region:us",2026-06-24 12:48:12+00:00,1244
drbaph/HiDream-O1-Image-FP8,drbaph,43296,9,"diffusers,safetensors,qwen3_vl,comfyui,text-to-image,image-editing,fp8,quantized,image-text-to-image,en,zh,license:mit,region:us",2026-05-09 22:25:32+00:00,4979
silveroxides/Chroma-GGUF,silveroxides,42142,245,"gguf,text-to-image,base_model:lodestones/Chroma,base_model:quantized:lodestones/Chroma,license:apache-2.0,region:us",2025-02-24 13:07:36+00:00,3822
diroverflo/FLux_Klein_9B_NSFW,diroverflo,41395,60,"diffusers,text-to-image,lora,template:diffusion-lora,base_model:black-forest-labs/FLUX.2-klein-base-9B,base_model:adapter:black-forest-labs/FLUX.2-klein-base-9B,license:apache-2.0,region:us,not-for-all-audiences",2026-02-24 09:30:36+00:00,604
blueflame749/Z-Image-Lora,blueflame749,41224,0,"diffusers,text-to-image,lora,safetensors,z-image,base_model:Tongyi-MAI/Z-Image,base_model:adapter:Tongyi-MAI/Z-Image,license:apache-2.0,region:us",2026-06-24 10:07:05+00:00,22032
Kokosha01/Wan2.2_StrangeNames,Kokosha01,41024,1,"diffusers,onnx,text-to-image,lora,template:diffusion-lora,base_model:Tongyi-MAI/Z-Image-Turbo,base_model:adapter:Tongyi-MAI/Z-Image-Turbo,license:creativeml-openrail-m,region:us",2026-03-12 20:22:06+00:00,153
Manojb/stable-diffusion-2-1-base,Manojb,39578,61,"diffusers,safetensors,stable-diffusion,text-to-image,arxiv:2112.10752,arxiv:2202.00512,arxiv:1910.09700,license:openrail++,endpoints_compatible,diffusers:StableDiffusionPipeline,region:us",2025-06-13 20:34:50+00:00,12394
Qwen/Qwen-Image-Bench,Qwen,39120,95,"transformers,safetensors,qwen3_5,image-text-to-text,judge-model,text-to-image,evaluation,benchmark,qwen,conversational,en,zh,arxiv:2605.28091,base_model:Qwen/Qwen3.6-27B,base_model:finetune:Qwen/Qwen3.6-27B,license:apache-2.0,endpoints_compatible,region:us,deploy:azure",2026-05-21 04:15:56+00:00,10616
wikeeyang/Flux2-Klein-9B-True-V3,wikeeyang,38146,147,"diffusers,gguf,text-to-image,en,zh,base_model:black-forest-labs/FLUX.2-klein-9B,base_model:finetune:black-forest-labs/FLUX.2-klein-9B,license:apache-2.0,region:us",2026-06-25 01:41:31+00:00,5517
kukidevalml/Z-Image-Lora,kukidevalml,37868,1,"diffusers,text-to-image,lora,safetensors,z-image,base_model:Tongyi-MAI/Z-Image,base_model:adapter:Tongyi-MAI/Z-Image,license:apache-2.0,region:us",2026-06-10 08:35:13+00:00,21208
SDim1973/Z-Image-Loras,SDim1973,37202,0,"diffusers,text-to-image,lora,safetensors,z-image,base_model:Tongyi-MAI/Z-Image,base_model:adapter:Tongyi-MAI/Z-Image,license:apache-2.0,region:us",2026-05-31 13:01:28+00:00,20230
LoliRimuru/moeFussion,LoliRimuru,36850,295,"diffusers,art,anime,text-to-image,license:creativeml-openrail-m,region:us",2023-02-28 21:14:14+00:00,4906
ponpoke/flux2-klein-9b-uncensored-text-encoder,ponpoke,35950,547,"safetensors,gguf,qwen3,text-to-image,flux2,klein,GGUF,text-generation-inference,uncensored,abliterated,abliteration,en,ja,base_model:black-forest-labs/FLUX.2-klein-9B,base_model:quantized:black-forest-labs/FLUX.2-klein-9B,license:other,endpoints_compatible,region:us,conversational",2026-04-30 16:44:38+00:00,11228
jayn7/Z-Image-Turbo-GGUF,jayn7,35520,391,"gguf,text-to-image,image-generation,base_model:Tongyi-MAI/Z-Image-Turbo,base_model:quantized:Tongyi-MAI/Z-Image-Turbo,license:apache-2.0,region:us",2025-11-27 06:37:27+00:00,3709
unsloth/Z-Image-GGUF,unsloth,35424,193,"ggml,gguf,unsloth,quantized,text-to-image,en,arxiv:2511.22699,base_model:Tongyi-MAI/Z-Image,base_model:quantized:Tongyi-MAI/Z-Image,license:apache-2.0,region:us",2026-01-27 23:10:23+00:00,6238
ifmylove2011/girlslike-zimage,ifmylove2011,35334,54,"diffusers,lora,girlslike,z-image,text-to-image,base_model:Tongyi-MAI/Z-Image,base_model:adapter:Tongyi-MAI/Z-Image,license:apache-2.0,region:us",2025-12-18 01:53:13+00:00,23466
ostris/zimage_turbo_training_adapter,ostris,35140,146,"diffusers,text-to-image,lora,template:diffusion-lora,base_model:Tongyi-MAI/Z-Image-Turbo,base_model:adapter:Tongyi-MAI/Z-Image-Turbo,license:apache-2.0,region:us",2025-11-28 14:57:04+00:00,2372
Sudanl/stable-diffusion-2-1-base-custom,Sudanl,34928,1,"diffusers,tensorboard,safetensors,text-to-image,stable-diffusion,stable-diffusion-diffusers,custom-diffusion,diffusers-training,base_model:stabilityai/stable-diffusion-2-1-base,base_model:adapter:stabilityai/stable-diffusion-2-1-base,license:creativeml-openrail-m,region:us",2024-09-06 19:44:11+00:00,948
RudySen/Krea2-realism-V2,RudySen,34685,180,"diffusers,text-to-image,lora,template:diffusion-lora,base_model:krea/Krea-2-Turbo,base_model:adapter:krea/Krea-2-Turbo,license:mit,region:us",2026-07-02 19:00:04+00:00,1625
John6666/autismmix-sdxl-autismmix-pony-sdxl,John6666,32895,6,"diffusers,safetensors,text-to-image,stable-diffusion,stable-diffusion-xl,anime,pony,en,license:other,endpoints_compatible,diffusers:StableDiffusionXLPipeline,region:us",2024-09-20 21:46:34+00:00,166
cyberdelia/CyberRealisticXL,cyberdelia,32639,39,"diffusers,stable-diffusion-xl,sd-xl,text-to-image,photorealistic,cyberrealistic,image-generation,license:creativeml-openrail-m,region:us",2024-02-21 11:44:28+00:00,2021
monadical-labs/minecraft-skin-generator-sdxl,monadical-labs,31906,31,"diffusers,safetensors,minecraft,skins,gaming,stable diffusion,stable diffusion xl,text-to-image,en,license:openrail,endpoints_compatible,diffusers:StableDiffusionXLPipeline,region:us",2024-02-19 15:38:21+00:00,2043
CBLKG/Z-Image-Lora,CBLKG,31672,2,"diffusers,text-to-image,lora,safetensors,template:diffusion-lora,z-image,dataset:nphSi/LoRa_Datasets,base_model:Tongyi-MAI/Z-Image,base_model:adapter:Tongyi-MAI/Z-Image,license:apache-2.0,region:us",2026-04-26 03:37:52+00:00,16500
lustlyai/Flux_Lustly.ai_Uncensored_nsfw_v1,lustlyai,31122,274,"diffusers,nsfw,uncensored,not-for-all-audiences,nudity,lora,safetensors,stable-diffusion,fluxpipeline,flux,text-to-image,base_model:black-forest-labs/FLUX.1-dev,base_model:adapter:black-forest-labs/FLUX.1-dev,license:creativeml-openrail-m,region:us",2024-10-21 16:10:35+00:00,2142
digiplay/Photon_v1,digiplay,30511,41,"diffusers,safetensors,stable-diffusion,stable-diffusion-diffusers,text-to-image,license:other,endpoints_compatible,diffusers:StableDiffusionPipeline,region:us",2023-06-08 19:02:37+00:00,192
Phil2Sat/Qwen-Image-Edit-Rapid-AIO-GGUF,Phil2Sat,30261,257,"comfyUI,gguf,qwen,qwen-edit,t2i,i2i,text-to-image,base_model:Phr00t/Qwen-Image-Edit-Rapid-AIO,base_model:quantized:Phr00t/Qwen-Image-Edit-Rapid-AIO,license:apache-2.0,endpoints_compatible,region:us,conversational",2025-10-16 11:32:49+00:00,1431
second-state/stable-diffusion-v1-5-GGUF,second-state,28237,36,"gguf,stable-diffusion,stable-diffusion-diffusers,text-to-image,base_model:runwayml/stable-diffusion-v1-5,base_model:quantized:runwayml/stable-diffusion-v1-5,license:creativeml-openrail-m,region:us",2024-07-09 14:30:10+00:00,3069
argmaxinc/mlx-FLUX.1-schnell-4bit-quantized,argmaxinc,27388,37,"diffusionkit,text-to-image,image-generation,flux,mlx,en,license:apache-2.0,region:us",2024-08-20 17:07:20+00:00,1008
leejet/FLUX.2-klein-9B-GGUF,leejet,26654,7,"gguf,text-to-image,image-generation,stable-diffusion.cpp,en,zh,base_model:black-forest-labs/FLUX.2-klein-9B,base_model:quantized:black-forest-labs/FLUX.2-klein-9B,region:us",2026-01-17 06:46:20+00:00,370
hf1593/Z-Image-Lora,hf1593,26301,1,"diffusers,text-to-image,lora,safetensors,template:diffusion-lora,z-image,dataset:nphSi/LoRa_Datasets,base_model:Tongyi-MAI/Z-Image,base_model:adapter:Tongyi-MAI/Z-Image,license:apache-2.0,region:us",2026-04-12 09:32:48+00:00,14884
deepseek-community/Janus-Pro-1B,deepseek-community,25830,16,"transformers,safetensors,janus,image-text-to-text,muiltimodal,text-to-image,unified-model,any-to-any,arxiv:2501.17811,license:mit,endpoints_compatible,region:us",2025-03-01 14:42:15+00:00,4797
John6666/true-pencil-xl-v100-sdxl,John6666,25725,0,"diffusers,safetensors,text-to-image,stable-diffusion,stable-diffusion-xl,anime,girls,illustration,unstable,interesting,Illustrious XL v2.0,illustrious,en,base_model:bluepen5805/true_pencil-XL,base_model:finetune:bluepen5805/true_pencil-XL,license:other,endpoints_compatible,diffusers:StableDiffusionXLPipeline,region:us",2025-07-02 11:53:39+00:00,307
ostris/z_image_turbo_childrens_drawings,ostris,25239,40,"diffusers,text-to-image,lora,template:diffusion-lora,base_model:Tongyi-MAI/Z-Image-Turbo,base_model:adapter:Tongyi-MAI/Z-Image-Turbo,license:apache-2.0,region:us",2025-11-29 19:16:49+00:00,402
nunchaku-ai/nunchaku-flux.1-schnell,nunchaku-ai,24425,13,"diffusers,text-to-image,SVDQuant,FLUX.1-schnell,FLUX.1,Diffusion,Quantization,ICLR2025,en,dataset:mit-han-lab/svdquant-datasets,arxiv:2411.05007,base_model:black-forest-labs/FLUX.1-schnell,base_model:quantized:black-forest-labs/FLUX.1-schnell,license:apache-2.0,region:us",2025-07-17 00:38:48+00:00,3105
wikeeyang/Krea2-Turbo-HD-V1,wikeeyang,24376,95,"diffusers,gguf,text-to-image,en,zh,base_model:krea/Krea-2-Turbo,base_model:finetune:krea/Krea-2-Turbo,license:other,region:us",2026-07-05 02:12:41+00:00,4191
lovis93/testllm,lovis93,24332,13,"diffusers,safetensors,text-to-image,image-generation,flux,en,license:other,endpoints_compatible,diffusers:FluxPipeline,region:us",2024-10-17 12:24:36+00:00,3937
xinsir/controlnet-canny-sdxl-1.0,xinsir,23815,205,"diffusers,safetensors,text_to_image,controlnet,controlnet-canny-sdxl-1.0,text-to-image,arxiv:2302.05543,license:apache-2.0,region:us",2024-05-10 14:15:32+00:00,9425
stanfordmimi/Merlin,stanfordmimi,23801,36,"merlin,text-to-image,en,license:mit,region:us",2024-07-18 23:35:41+00:00,2809
Lykon/dreamshaper-xl-v2-turbo,Lykon,23313,86,"diffusers,safetensors,stable-diffusion,stable-diffusion-diffusers,stable-diffusion-xl,stable-diffusion-xl-turbo,text-to-image,art,artistic,anime,dreamshaper,turbo,lcm,en,license:openrail++,endpoints_compatible,diffusers:StableDiffusionXLPipeline,region:us",2024-02-07 20:27:57+00:00,1257
Shar514/Flux-Uncensored-V2,Shar514,22954,25,"diffusers,text-to-image,stable-diffusion,lora,fluxpipeline,flux,not-for-all-audiences,image-to-image,base_model:black-forest-labs/FLUX.1-dev,base_model:adapter:black-forest-labs/FLUX.1-dev,license:creativeml-openrail-m,region:us",2026-05-11 17:33:37+00:00,4084
diffusers/controlnet-depth-sdxl-1.0,diffusers,22852,208,"diffusers,safetensors,stable-diffusion-xl,stable-diffusion-xl-diffusers,text-to-image,controlnet,base_model:stabilityai/stable-diffusion-xl-base-1.0,base_model:adapter:stabilityai/stable-diffusion-xl-base-1.0,license:openrail++,region:us",2023-08-12 17:23:20+00:00,3345
WANG-CC/flux2-klein-9b-uncensored-text-encoder-Q8_0-GGUF,WANG-CC,22521,5,"gguf,text-to-image,flux2,klein,GGUF,safetensors,text-generation-inference,uncensored,abliterated,abliteration,llama-cpp,gguf-my-repo,en,ja,base_model:ponpoke/flux2-klein-9b-uncensored-text-encoder,base_model:quantized:ponpoke/flux2-klein-9b-uncensored-text-encoder,license:other,endpoints_compatible,region:us",2026-07-13 11:48:06+00:00,1886
Granddyser/flux-klein-9b-Biglove-Collection,Granddyser,22493,49,"diffusers,gguf,flux,flux2,flux-klein,fp8,quantized,text-to-image,image-generation,base_model:black-forest-labs/FLUX.2-klein-base-9B,base_model:quantized:black-forest-labs/FLUX.2-klein-base-9B,license:cc-by-nc-4.0,region:us",2026-03-05 23:12:40+00:00,2710
Wuli-art/Qwen-Image-2512-Turbo-LoRA-2-Steps,Wuli-art,22089,127,"diffusers,Qwen,distillation,lora,text-to-image,en,zh,base_model:Qwen/Qwen-Image-2512,base_model:adapter:Qwen/Qwen-Image-2512,license:apache-2.0,region:us",2026-01-28 09:26:53+00:00,7465
UnfilteredAI/NSFW-GEN-ANIME-v2,UnfilteredAI,22058,57,"diffusers,safetensors,NSFW,UnfilteredAI,Anime,Text-to-Image,text-to-image,en,base_model:HelpingAI/PixelGen,base_model:finetune:HelpingAI/PixelGen,doi:10.57967/hf/2177,license:other,endpoints_compatible,diffusers:StableDiffusionXLPipeline,region:us,not-for-all-audiences",2024-05-03 08:33:53+00:00,1671
deepseek-community/deepseek-vl-1.3b-chat,deepseek-community,21705,3,"transformers,safetensors,deepseek_vl,image-text-to-text,muiltimodal,text-to-image,unified-model,conversational,arxiv:2403.05525,license:other,endpoints_compatible,region:us",2025-06-12 08:15:21+00:00,10344
nunchaku-ai/nunchaku-flux.1-dev,nunchaku-ai,21309,52,"diffusers,text-to-image,SVDQuant,FLUX.1-dev,FLUX.1,Diffusion,Quantization,ICLR2025,en,dataset:mit-han-lab/svdquant-datasets,arxiv:2411.05007,base_model:black-forest-labs/FLUX.1-dev,base_model:quantized:black-forest-labs/FLUX.1-dev,license:other,region:us",2025-07-17 00:41:11+00:00,3518
diffusers/controlnet-canny-sdxl-1.0,diffusers,20982,535,"diffusers,safetensors,stable-diffusion-xl,stable-diffusion-xl-diffusers,text-to-image,base_model:runwayml/stable-diffusion-v1-5,base_model:finetune:runwayml/stable-diffusion-v1-5,license:openrail++,region:us",2023-08-01 04:34:46+00:00,3404
sensenova/SenseNova-U1-8B-MoT,sensenova,20939,291,"transformers,safetensors,neo_chat,feature-extraction,multimodal,text-to-image,image-to-text,image-editing,interleaved-generation,custom_code,any-to-any,arxiv:2605.12500,license:apache-2.0,region:us",2026-04-22 04:43:54+00:00,45135
nunchaku-ai/nunchaku-flux.1-krea-dev,nunchaku-ai,20481,122,"diffusers,text-to-image,SVDQuant,FLUX.1-Krea-dev,FLUX.1,Diffusion,Quantization,ICLR2025,en,dataset:mit-han-lab/svdquant-datasets,arxiv:2411.05007,base_model:black-forest-labs/FLUX.1-Krea-dev,base_model:quantized:black-forest-labs/FLUX.1-Krea-dev,license:other,region:us",2025-08-01 05:11:14+00:00,3752
deepseek-community/deepseek-vl-7b-chat,deepseek-community,20434,1,"transformers,safetensors,deepseek_vl_hybrid,image-text-to-text,muiltimodal,text-to-image,unified-model,conversational,arxiv:2403.05525,license:other,endpoints_compatible,region:us",2025-06-12 08:54:23+00:00,10720
QuantStack/FLUX.1-Krea-dev-GGUF,QuantStack,20339,142,"gguf,text-to-image,en,base_model:black-forest-labs/FLUX.1-Krea-dev,base_model:quantized:black-forest-labs/FLUX.1-Krea-dev,license:other,region:us",2025-07-31 14:16:47+00:00,505
lvladikov/Krea2-Turbo-Distill-4step-LoRA,lvladikov,20324,108,"diffusers,lora,text-to-image,distillation,step-distillation,krea-2,base_model:krea/Krea-2-Turbo,base_model:adapter:krea/Krea-2-Turbo,license:other,region:us",2026-08-20 07:04:06+00:00,72988
leejet/FLUX.2-klein-4B-GGUF,leejet,19624,11,"gguf,text-to-image,image-generation,stable-diffusion.cpp,en,zh,base_model:black-forest-labs/FLUX.2-klein-4B,base_model:quantized:black-forest-labs/FLUX.2-klein-4B,license:apache-2.0,region:us",2026-01-17 05:59:17+00:00,303
tianweiy/DMD2,tianweiy,19566,246,"diffusers,text-to-image,stable-diffusion,diffusion distillation,arxiv:2405.14867,license:cc-by-nc-4.0,region:us",2024-05-23 00:19:26+00:00,6645
briaai/FIBO,briaai,19232,326,"diffusers,safetensors,art,text-to-image,en,arxiv:2511.06876,base_model:briaai/FIBO,base_model:finetune:briaai/FIBO,license:other,diffusers:BriaFiboPipeline,region:us",2025-10-09 11:55:45+00:00,17492
lynaNSFW/DaSiWa_MiniMax_H3,lynaNSFW,18845,2,"diffusers,text-to-image,lora,template:diffusion-lora,base_model:lynaNSFW/minimaxH3_Collection,base_model:adapter:lynaNSFW/minimaxH3_Collection,region:us",2026-08-31 09:39:03+00:00,269
Heartsync/NSFW-Uncensored,Heartsync,18605,312,"diffusers,safetensors,stablediffusion,uncensored,nsfw,image,generation,text-to-image,en,license:mit,endpoints_compatible,diffusers:StableDiffusionXLPipeline,region:us,not-for-all-audiences",2025-05-05 08:29:52+00:00,1736
lesliemore/z-image-turbo-nsfw-v2-GGUF,lesliemore,18568,8,"gguf,quantized,q8_0,z-image,comfyui,not-for-all-audiences,text-to-image,base_model:tewea/z_image_turbo_bf16_nsfw,base_model:quantized:tewea/z_image_turbo_bf16_nsfw,license:apache-2.0,region:us",2026-08-16 06:17:17+00:00,1691
AX1Y2JP/Krea-2-Turbo-INT8-ConvRot,AX1Y2JP,18566,20,"diffusers,comfyui,text-to-image,base_model:krea/Krea-2-Turbo,base_model:quantized:krea/Krea-2-Turbo,license:other,region:us",2026-06-23 15:30:51+00:00,473
AiWise/Juggernaut-XL-V9-GE-RDPhoto2-Lightning_4S,AiWise,18417,18,"diffusers,text-to-image,lora,template:diffusion-lora,base_model:stabilityai/stable-diffusion-xl-base-1.0,base_model:adapter:stabilityai/stable-diffusion-xl-base-1.0,license:creativeml-openrail-m,region:us",2024-12-26 02:02:33+00:00,5377
xinsir/controlnet-depth-sdxl-1.0,xinsir,18393,101,"diffusers,safetensors,text-to-image,license:apache-2.0,region:us",2024-06-26 15:14:36+00:00,2864
second-state/stable-diffusion-3.5-large-GGUF,second-state,18120,17,"diffusers,gguf,text-to-image,stable-diffusion,en,base_model:stabilityai/stable-diffusion-3.5-large,base_model:quantized:stabilityai/stable-diffusion-3.5-large,license:other,region:us",2024-11-19 09:36:36+00:00,2939
unsloth/FLUX.1-dev-GGUF,unsloth,18056,25,"gguf,text-to-image,image-generation,flux,en,base_model:black-forest-labs/FLUX.1-dev,base_model:quantized:black-forest-labs/FLUX.1-dev,license:other,region:us",2025-06-30 10:43:08+00:00,3888
duyntnet/Chroma-GGUF-All-Versions,duyntnet,17811,8,"gguf,text-to-image,image-generation,chroma,not-for-all-audiences,en,license:apache-2.0,region:us",2025-07-05 04:59:47+00:00,896
RunDiffusion/Juggernaut-Z-Image,RunDiffusion,17732,130,"diffusers,safetensors,gguf,text-to-image,rundiffusion,z-image,en,base_model:Tongyi-MAI/Z-Image,base_model:quantized:Tongyi-MAI/Z-Image,license:cc-by-nc-4.0,diffusers:ZImagePipeline,region:us",2026-04-29 17:33:22+00:00,8917
RunDiffusion/Juggernaut-X-v10,RunDiffusion,17497,173,"diffusers,stable-diffusion,stable-diffusion-xl,sdxl,text-to-image,photorealistic,photography,cinematic,portrait,juggernaut,rundiffusion,kandooai,en,base_model:stabilityai/stable-diffusion-xl-base-1.0,base_model:finetune:stabilityai/stable-diffusion-xl-base-1.0,license:creativeml-openrail-m,endpoints_compatible,diffusers:StableDiffusionXLPipeline,region:us",2024-04-19 21:30:46+00:00,8728
segmind/tiny-sd,segmind,16967,95,"diffusers,stable-diffusion,stable-diffusion-diffusers,text-to-image,dataset:recastai/LAION-art-EN-improved-captions,arxiv:2305.15798,base_model:SG161222/Realistic_Vision_V4.0_noVAE,base_model:finetune:SG161222/Realistic_Vision_V4.0_noVAE,license:creativeml-openrail-m,endpoints_compatible,diffusers:StableDiffusionPipeline,region:us",2023-07-27 18:21:36+00:00,1279
TheImposterImposters/LUSTIFY-v2.0,TheImposterImposters,16775,12,"diffusers,safetensors,text-to-image,endpoints_compatible,diffusers:StableDiffusionXLPipeline,region:us",2024-08-09 17:55:13+00:00,5109
XLabs-AI/flux-RealismLora,XLabs-AI,16307,1248,"diffusers,lora,Stable Diffusion,image-generation,Flux,text-to-image,en,base_model:black-forest-labs/FLUX.1-dev,base_model:adapter:black-forest-labs/FLUX.1-dev,license:other,region:us",2024-08-06 21:12:23+00:00,1777
dataautogpt3/ProteusV0.2,dataautogpt3,16305,147,"diffusers,text-to-image,license:gpl-3.0,endpoints_compatible,diffusers:StableDiffusionXLPipeline,region:us",2024-01-19 12:30:52+00:00,3458
molbal/krea2-gguf,molbal,16272,19,"gguf,image-generation,diffusion,flow-matching,dit,krea2,quantization,comfyui,text-to-image,base_model:krea/Krea-2-Raw,base_model:quantized:krea/Krea-2-Raw,license:other,region:us",2026-06-24 21:12:56+00:00,4812
dataautogpt3/ProteusV0.3,dataautogpt3,16229,96,"diffusers,text-to-image,license:gpl-3.0,endpoints_compatible,diffusers:StableDiffusionXLPipeline,region:us",2024-02-12 18:05:03+00:00,3450
QuantStack/Qwen-Image-GGUF,QuantStack,15821,50,"gguf,text-to-image,en,zh,base_model:Qwen/Qwen-Image,base_model:quantized:Qwen/Qwen-Image,license:apache-2.0,region:us",2025-08-05 15:25:08+00:00,1156
stablediffusionapi/chilloutmix,stablediffusionapi,15701,9,"diffusers,stablediffusionapi.com,stable-diffusion-api,text-to-image,ultra-realistic,license:creativeml-openrail-m,endpoints_compatible,diffusers:StableDiffusionPipeline,region:us",2023-02-09 02:46:38+00:00,2092
lynaNSFW/Krea2turboNSFWAIO,lynaNSFW,15639,1,"diffusers,text-to-image,lora,template:diffusion-lora,base_model:krea/Krea-2-Raw,base_model:adapter:krea/Krea-2-Raw,region:us",2026-08-08 07:55:39+00:00,549
second-state/stable-diffusion-3.5-medium-GGUF,second-state,15424,13,"diffusers,gguf,text-to-image,stable-diffusion,en,base_model:stabilityai/stable-diffusion-3.5-medium,base_model:quantized:stabilityai/stable-diffusion-3.5-medium,license:other,region:us",2024-11-23 11:32:25+00:00,4582
Baraje/SexGod_NSFW_Female_Nudes_QWEN_Image_Edit_2511,Baraje,15335,32,"diffusers,text-to-image,lora,template:diffusion-lora,base_model:Qwen/Qwen-Image,base_model:adapter:Qwen/Qwen-Image,license:artistic-2.0,region:us,not-for-all-audiences",2026-04-22 06:19:31+00:00,374
calcuis/hunyuanimage-gguf,calcuis,15034,85,"gguf,gguf-node,text-to-image,base_model:tencent/HunyuanImage-2.1,base_model:quantized:tencent/HunyuanImage-2.1,license:other,region:us",2025-09-09 12:00:59+00:00,2269
meituan-longcat/LongCat-Image,meituan-longcat,14500,248,"transformers,diffusers,safetensors,text-to-image,en,zh,arxiv:2512.07584,arxiv:2412.11963,license:apache-2.0,endpoints_compatible,region:us",2025-12-04 12:38:12+00:00,4785
RunDiffusion/Juggernaut-XL-Lightning,RunDiffusion,14284,61,"diffusers,stable-diffusion,stable-diffusion-xl,sdxl,sdxl-lightning,text-to-image,photorealistic,fast,low-step,juggernaut,rundiffusion,kandooai,en,base_model:stabilityai/stable-diffusion-xl-base-1.0,base_model:finetune:stabilityai/stable-diffusion-xl-base-1.0,license:creativeml-openrail-m,endpoints_compatible,diffusers:StableDiffusionXLPipeline,region:us",2024-02-23 20:45:29+00:00,8079
Laxhar/noobai-XL-1.0,Laxhar,14085,33,"diffusers,safetensors,Diffusers,Safetensors,text-to-image,en,base_model:Laxhar/noobai-XL-0.77,base_model:finetune:Laxhar/noobai-XL-0.77,license:other,endpoints_compatible,diffusers:StableDiffusionXLPipeline,region:us",2024-11-03 07:48:34+00:00,6308
votepurchase/pornmasterPro_noobV3VAE,votepurchase,14044,18,"diffusers,safetensors,text-to-image,stable-diffusion,stable-diffusion-xl,realistic,photorealistic,license:creativeml-openrail-m,endpoints_compatible,diffusers:StableDiffusionXLPipeline,region:us",2025-05-24 16:19:03+00:00,123
ostris/krea2_turbo_training_adapter,ostris,14002,21,"diffusers,text-to-image,lora,template:diffusion-lora,base_model:krea/Krea-2-Turbo,base_model:adapter:krea/Krea-2-Turbo,license:other,region:us",2026-06-24 02:11:17+00:00,2129
Lykon/dreamshaper-xl-lightning,Lykon,13815,82,"diffusers,safetensors,stable-diffusion,stable-diffusion-diffusers,stable-diffusion-xl,stable-diffusion-xl-lightning,text-to-image,art,artistic,anime,dreamshaper,turbo,lcm,en,license:openrail++,endpoints_compatible,diffusers:StableDiffusionXLPipeline,region:us",2024-02-21 20:51:01+00:00,1260
xinsir/controlnet-tile-sdxl-1.0,xinsir,13797,282,"diffusers,safetensors,text-to-image,license:apache-2.0,region:us",2024-06-26 15:27:48+00:00,10293
nerijs/pixel-art-xl,nerijs,13774,648,"diffusers,text-to-image,stable-diffusion,lora,base_model:stabilityai/stable-diffusion-xl-base-1.0,base_model:adapter:stabilityai/stable-diffusion-xl-base-1.0,license:creativeml-openrail-m,region:us",2023-08-03 19:13:23+00:00,1780
ifmylove2011/girlslike,ifmylove2011,13586,35,"diffusers,lora,girlslike,flux,text-to-image,base_model:black-forest-labs/FLUX.1-dev,base_model:adapter:black-forest-labs/FLUX.1-dev,license:apache-2.0,region:us",2025-04-24 11:44:48+00:00,19001
huanzi05/stable-diffusion-2-1-base,huanzi05,13297,1,"diffusers,safetensors,stable-diffusion,text-to-image,arxiv:2112.10752,arxiv:2202.00512,arxiv:1910.09700,license:openrail++,endpoints_compatible,diffusers:StableDiffusionPipeline,region:us",2025-11-19 09:59:01+00:00,12394
ponpoke/flux2-klein-4b-uncensored-text-encoder,ponpoke,13245,188,"safetensors,gguf,text-to-image,flux2,klein,GGUF,text-generation-inference,uncensored,abliterated,abliteration,en,ja,base_model:black-forest-labs/FLUX.2-klein-4B,base_model:quantized:black-forest-labs/FLUX.2-klein-4B,license:other,endpoints_compatible,region:us,conversational",2026-05-01 15:38:46+00:00,11761
zooeyy/Style-Transfer,zooeyy,12875,24,"diffusers,text-to-image,lora,template:diffusion-lora,base_model:Qwen/Qwen-Image-Edit-2511,base_model:adapter:Qwen/Qwen-Image-Edit-2511,license:apache-2.0,region:us",2025-12-31 03:17:17+00:00,2767
LyliaEngine/anima_baseV10,LyliaEngine,12781,2,"diffusers,text-to-image,lora,template:diffusion-lora,base_model:oron1208/OOO_Anima,base_model:adapter:oron1208/OOO_Anima,license:cdla-permissive-2.0,region:us",2026-06-03 13:12:19+00:00,8669
realrebelai/SenseNova-U1.5-8B_GGUFs,realrebelai,12613,19,"comfyui,gguf,sensenova,flow-matching,text-to-image,image-to-image,low-vram,base_model:sensenova/SenseNova-U1.5-8B-MoT,base_model:quantized:sensenova/SenseNova-U1.5-8B-MoT,license:apache-2.0,region:us",2026-08-21 21:11:09+00:00,1464
jiaowobaba02/stable-diffusion-v2-1-GGUF,jiaowobaba02,12472,19,"gguf,art,stable-diffusion,text-to-image,region:us",2024-01-16 12:53:54+00:00,524
botp/stable-diffusion-v1-5,botp,12448,28,"diffusers,safetensors,stable-diffusion,stable-diffusion-diffusers,text-to-image,arxiv:2207.12598,arxiv:2112.10752,arxiv:2103.00020,arxiv:2205.11487,arxiv:1910.09700,license:creativeml-openrail-m,endpoints_compatible,diffusers:StableDiffusionPipeline,region:us",2023-05-05 06:22:02+00:00,13362
tarn59/pixel_art_style_lora_z_image_turbo,tarn59,12402,52,"diffusers,text-to-image,lora,template:diffusion-lora,base_model:Tongyi-MAI/Z-Image-Turbo,base_model:adapter:Tongyi-MAI/Z-Image-Turbo,license:apache-2.0,region:us",2025-11-30 15:15:25+00:00,239
segmind/SSD-1B,segmind,12360,841,"diffusers,safetensors,text-to-image,ultra-realistic,stable-diffusion,distilled-model,knowledge-distillation,dataset:zzliang/GRIT,dataset:wanng/midjourney-v5-202304-clean,arxiv:2401.02677,license:apache-2.0,endpoints_compatible,diffusers:StableDiffusionXLPipeline,region:us",2023-10-19 05:18:22+00:00,10512
JujoHotaru/lora,JujoHotaru,12337,351,"diffusers,anime,art,stable-diffusion,stable-diffusion-diffusers,lora,text-to-image,ja,en,license:mit,license:openrail,region:us",2023-07-10 11:56:44+00:00,21928
mradermacher/PromptEnhancer-Img2img-Edit-i1-GGUF,mradermacher,12336,2,"transformers,gguf,text-to-image,prompt-enhancement,prompt-rewriting,chain-of-thought,zh,en,base_model:PromptEnhancer/PromptEnhancer-Img2img-Edit,base_model:quantized:PromptEnhancer/PromptEnhancer-Img2img-Edit,license:other,endpoints_compatible,region:us,imatrix,conversational",2025-09-30 21:28:23+00:00,6376
stablediffusionapi/beautiful-realistic-asian,stablediffusionapi,12239,6,"diffusers,stablediffusionapi.com,stable-diffusion-api,text-to-image,ultra-realistic,license:creativeml-openrail-m,endpoints_compatible,diffusers:StableDiffusionPipeline,region:us",2023-10-21 12:48:46+00:00,2375
alimama-creative/FLUX.1-Turbo-Alpha,alimama-creative,12212,642,"diffusers,safetensors,Text-to-Image,FLUX,Stable Diffusion,text-to-image,en,base_model:black-forest-labs/FLUX.1-dev,base_model:finetune:black-forest-labs/FLUX.1-dev,license:other,region:us",2024-10-12 09:27:45+00:00,2693
unsloth/ERNIE-Image-Turbo-GGUF,unsloth,12039,231,"ggml,gguf,text-to-image,unsloth,base_model:baidu/ERNIE-Image-Turbo,base_model:quantized:baidu/ERNIE-Image-Turbo,license:apache-2.0,region:us",2026-04-14 19:30:06+00:00,11590
deepseek-ai/Janus-Pro-1B,deepseek-ai,11908,485,"transformers,pytorch,multi_modality,muiltimodal,text-to-image,unified-model,any-to-any,arxiv:2501.17811,license:mit,endpoints_compatible,region:us",2025-01-26 12:07:49+00:00,2375
sd2-community/stable-diffusion-2,sd2-community,11898,7,"diffusers,safetensors,stable-diffusion,text-to-image,arxiv:2202.00512,arxiv:2112.10752,arxiv:1910.09700,license:openrail++,endpoints_compatible,diffusers:StableDiffusionPipeline,region:us",2025-11-15 10:17:55+00:00,12409
alibaba-pai/Z-Image-Fun-Lora-Distill,alibaba-pai,11672,175,"videox_fun,lora,text-to-image,license:apache-2.0,region:us",2026-02-02 09:37:39+00:00,10806
unsloth/Z-Image-Turbo,unsloth,11613,5,"diffusers,safetensors,text-to-image,en,arxiv:2511.22699,arxiv:2511.22677,arxiv:2511.13649,license:apache-2.0,diffusers:ZImagePipeline,region:us",2026-08-06 14:04:40+00:00,13680
sd2-community/stable-diffusion-2-1,sd2-community,11572,35,"diffusers,safetensors,stable-diffusion,text-to-image,arxiv:2112.10752,arxiv:2202.00512,arxiv:1910.09700,license:openrail++,endpoints_compatible,diffusers:StableDiffusionPipeline,region:us",2025-11-15 09:57:03+00:00,12304
PixArt-alpha/PixArt-Sigma-XL-2-1024-MS,PixArt-alpha,11531,105,"diffusers,safetensors,text-to-image,PixArt-Σ,arxiv:2403.04692,arxiv:2310.00426,arxiv:2112.10752,arxiv:2309.05019,license:openrail++,diffusers:PixArtSigmaPipeline,region:us",2024-04-11 09:51:38+00:00,5430
realrebelai/LLaDa-Image-Turbo_ComfyUI,realrebelai,11500,15,"diffusers,gguf,llada-image,llada-image-turbo,image-generation,image-editing,comfyui,int8,quantized,rebelai,text-to-image,base_model:inclusionAI/LLaDA-Image-Turbo,base_model:quantized:inclusionAI/LLaDA-Image-Turbo,region:us",2026-09-04 10:15:50+00:00,4244
Manjushri/pornworks-real-porn-photo-realistic-nsfw-sdxl-and-pony-chekpoint,Manjushri,11346,13,"diffusers,nsfw,sdxl,art,image,safetensors,stable-diffusion-xl,text-to-image,en,base_model:stabilityai/stable-diffusion-xl-base-1.0,base_model:finetune:stabilityai/stable-diffusion-xl-base-1.0,license:openrail++,endpoints_compatible,diffusers:StableDiffusionXLPipeline,region:us,not-for-all-audiences",2026-06-06 23:44:02+00:00,895
wcde/Z-Image-Turbo-DeJPEG-Lora,wcde,11288,52,"diffusers,text-to-image,lora,template:diffusion-lora,base_model:Tongyi-MAI/Z-Image-Turbo,base_model:adapter:Tongyi-MAI/Z-Image-Turbo,region:us",2025-12-01 07:43:43+00:00,152
deepseek-ai/Janus-Pro-7B,deepseek-ai,11268,3658,"transformers,pytorch,multi_modality,muiltimodal,text-to-image,unified-model,any-to-any,arxiv:2501.17811,license:mit,endpoints_compatible,region:us",2025-01-26 12:05:50+00:00,2375
zai-org/GLM-Image,zai-org,11137,1105,"diffusers,safetensors,text-to-image,zh,en,license:mit,diffusers:GlmImagePipeline,region:us,deploy:azure",2026-01-08 09:39:56+00:00,31130
calcuis/sd3.5-large-gguf,calcuis,10946,73,"diffusers,safetensors,gguf,stable-diffusion,gguf-comfy,text-to-image,en,base_model:stabilityai/stable-diffusion-3.5-large,base_model:quantized:stabilityai/stable-diffusion-3.5-large,doi:10.57967/hf/3389,license:other,region:us",2024-10-24 09:31:18+00:00,1805
strangerzonehf/Flux-Ultimate-LoRA-Collection,strangerzonehf,10922,123,"diffusers,Flux.1-Dev,lora,Collections,SOTA,Realism,Diffusion,art,FLUX,image-to-image,text-to-image,base_model:black-forest-labs/FLUX.1-dev,base_model:adapter:black-forest-labs/FLUX.1-dev,doi:10.57967/hf/5698,license:other,region:us",2024-11-18 06:47:02+00:00,10445
LyliaEngine/illustrijGEN_2,LyliaEngine,10811,0,"diffusers,text-to-image,lora,template:diffusion-lora,base_model:OnomaAIResearch/Illustrious-xl-early-release-v0,base_model:adapter:OnomaAIResearch/Illustrious-xl-early-release-v0,license:cdla-permissive-2.0,region:us",2026-01-29 16:57:44+00:00,1071
LeFeujitif/sandbox,LeFeujitif,10610,3,"diffusers,text-to-image,lora,template:diffusion-lora,base_model:Liberata/illustrious-xl-v1.0,base_model:adapter:Liberata/illustrious-xl-v1.0,region:us",2025-05-19 10:12:23+00:00,220
stabilityai/stable-cascade,stabilityai,10526,1331,"diffusers,safetensors,text-to-image,license:other,diffusers:StableCascadeDecoderPipeline,region:us",2024-02-06 17:58:47+00:00,9802
nunchaku-ai/nunchaku-qwen-image-edit-2509,nunchaku-ai,10514,294,"diffusers,image-editing,SVDQuant,Qwen-Image-Edit-2509,Diffusion,Quantization,ICLR2025,text-to-image,en,dataset:mit-han-lab/svdquant-datasets,arxiv:2411.05007,base_model:Qwen/Qwen-Image-Edit-2509,base_model:quantized:Qwen/Qwen-Image-Edit-2509,license:apache-2.0,region:us",2025-09-24 02:51:15+00:00,11055
lynaNSFW/LTX2.3_NSFW_motion,lynaNSFW,10509,17,"diffusers,text-to-image,lora,template:diffusion-lora,base_model:lynaNSFW/LTX2BFN,base_model:adapter:lynaNSFW/LTX2BFN,region:us,not-for-all-audiences",2026-03-25 12:45:03+00:00,569
city96/HiDream-I1-Fast-gguf,city96,10476,36,"gguf,image-generation,HiDream.ai,text-to-image,en,base_model:HiDream-ai/HiDream-I1-Fast,base_model:quantized:HiDream-ai/HiDream-I1-Fast,license:mit,region:us",2025-04-17 04:53:00+00:00,673
RunDiffusion/Juggernaut-XL-v8,RunDiffusion,10399,23,"diffusers,stable-diffusion,stable-diffusion-xl,sdxl,text-to-image,photorealistic,photography,cinematic,portrait,juggernaut,rundiffusion,kandooai,en,base_model:stabilityai/stable-diffusion-xl-base-1.0,base_model:finetune:stabilityai/stable-diffusion-xl-base-1.0,license:creativeml-openrail-m,endpoints_compatible,diffusers:StableDiffusionXLPipeline,region:us",2024-02-21 23:29:52+00:00,7657
huanngzh/mv-adapter,huanngzh,10343,64,"diffusion-single-file,Image-to-Image,text-to-image,arxiv:2412.03632,license:apache-2.0,region:us",2024-11-29 14:38:58+00:00,4353
nunchaku-ai/nunchaku-qwen-image,nunchaku-ai,10324,262,"diffusers,text-to-image,SVDQuant,Qwen-Image,Diffusion,Quantization,ICLR2025,en,dataset:mit-han-lab/svdquant-datasets,arxiv:2411.05007,base_model:Qwen/Qwen-Image,base_model:quantized:Qwen/Qwen-Image,license:apache-2.0,region:us",2025-08-14 08:19:05+00:00,7086
lynaNSFW/gemma-3-12b-it-heretic-v2_fp8_e4m3fn,lynaNSFW,10197,10,"diffusers,text-to-image,lora,template:diffusion-lora,region:us",2026-04-30 22:24:56+00:00,190
InstantX/FLUX.1-dev-IP-Adapter,InstantX,10184,326,"diffusers,Text-to-Image,IP-Adapter,Flux.1-dev,image-generation,Stable Diffusion,text-to-image,en,base_model:black-forest-labs/FLUX.1-dev,base_model:finetune:black-forest-labs/FLUX.1-dev,license:other,region:us",2024-08-14 10:16:54+00:00,4439
John6666/natvis-natural-vision-v27-sdxl,John6666,10140,1,"diffusers,safetensors,text-to-image,stable-diffusion,stable-diffusion-xl,realistic,photorealistic,photo,scifi,3D,nsfw,sfw,general purpose,general use,en,license:creativeml-openrail-m,endpoints_compatible,diffusers:StableDiffusionXLPipeline,region:us",2024-11-18 14:50:59+00:00,265
nhathoangfoto/FLUX.2-klein-ghost-mannequin,nhathoangfoto,9841,38,"diffusers,flux,lora,adapter,text-to-image,ghost-mannequin,3d-effect,e-commerce,fashion,template:diffusion-lora,base_model:black-forest-labs/FLUX.2-klein-base-9B,base_model:adapter:black-forest-labs/FLUX.2-klein-base-9B,doi:10.57967/hf/7717,license:apache-2.0,region:us",2026-02-03 21:10:22+00:00,3977
Lykon/dreamshaper-xl-1-0,Lykon,9811,42,"diffusers,safetensors,stable-diffusion,stable-diffusion-diffusers,stable-diffusion-xl,text-to-image,art,artistic,anime,dreamshaper,en,license:openrail++,endpoints_compatible,diffusers:StableDiffusionXLPipeline,region:us",2023-08-26 16:44:49+00:00,1250
artificialguybr/ColoringBookRedmond-V2,artificialguybr,9810,45,"diffusers,text-to-image,stable-diffusion,lora,base_model:stabilityai/stable-diffusion-xl-base-1.0,base_model:adapter:stabilityai/stable-diffusion-xl-base-1.0,license:creativeml-openrail-m,region:us",2023-10-07 20:54:11+00:00,1693
andro-flock/LUSTIFY-SDXL-NSFW-checkpoint-v2-0-INPAINTING,andro-flock,9782,36,"diffusers,safetensors,Safetensors,stable-diffusion,stable-diffusion-diffusers,text-to-image,license:creativeml-openrail-m,diffusers:StableDiffusionXLInpaintPipeline,region:us,not-for-all-audiences",2025-02-25 14:17:50+00:00,786
calcuis/flux1-gguf,calcuis,9765,10,"gguf,gguf-comfy,text-to-image,en,base_model:black-forest-labs/FLUX.1-dev,base_model:quantized:black-forest-labs/FLUX.1-dev,doi:10.57967/hf/3397,license:apache-2.0,region:us",2024-10-19 08:55:13+00:00,1463
unsloth/FLUX.1-schnell-GGUF,unsloth,9626,28,"gguf,text-to-image,image-generation,flux,en,base_model:black-forest-labs/FLUX.1-schnell,base_model:quantized:black-forest-labs/FLUX.1-schnell,license:apache-2.0,region:us",2025-06-30 10:50:31+00:00,3530
digiplay/majicMIX_realistic_v7,digiplay,9616,26,"diffusers,safetensors,stable-diffusion,stable-diffusion-diffusers,text-to-image,license:other,endpoints_compatible,diffusers:StableDiffusionPipeline,region:us",2023-10-09 16:05:52+00:00,70
pmczip/Krea2Raw_Loras,pmczip,9595,59,"diffusers,safetensors,lora,t2i,text-to-image,photorealistic,woman,celebrity,likeness,Krea2,Krea-2,Krea-2-Raw,Krea2-turbo,Krea2_turbo,Krea2-raw,Krea2_raw,en,base_model:krea/Krea-2-Raw,base_model:adapter:krea/Krea-2-Raw,license:other,region:us",2026-07-01 19:54:52+00:00,2791
Shakker-Labs/FLUX.1-dev-ControlNet-Union-Pro-2.0,Shakker-Labs,9415,463,"diffusers,safetensors,Text-to-Image,ControlNet,Diffusers,Flux.1-dev,image-generation,Stable Diffusion,text-to-image,en,base_model:black-forest-labs/FLUX.1-dev,base_model:finetune:black-forest-labs/FLUX.1-dev,license:other,region:us",2025-04-14 08:19:42+00:00,7112
AI-Porn/anime-desire-illustrious,AI-Porn,9409,19,"diffusers,text-to-image,lora,template:diffusion-lora,base_model:calcuis/illustrious,base_model:adapter:calcuis/illustrious,license:openrail,region:us,not-for-all-audiences",2025-10-28 22:07:46+00:00,750
Bigfawg6669/create-nsfw,Bigfawg6669,9369,8,"diffusers,text-to-image,stable-diffusion,lora,fluxpipeline,flux,not-for-all-audiences,image-to-image,base_model:black-forest-labs/FLUX.1-dev,base_model:adapter:black-forest-labs/FLUX.1-dev,license:creativeml-openrail-m,region:us",2026-04-25 12:43:08+00:00,4191
unsloth/Z-Image-Turbo-unsloth-bnb-4bit,unsloth,9340,6,"diffusers,safetensors,unsloth,4bit,quantized,bitsandbytes,text-to-image,en,arxiv:2511.22699,arxiv:2511.22677,arxiv:2511.13649,base_model:Tongyi-MAI/Z-Image-Turbo,base_model:finetune:Tongyi-MAI/Z-Image-Turbo,license:apache-2.0,diffusers:ZImagePipeline,8-bit,region:us",2026-01-08 22:48:25+00:00,15554
gsdf/Counterfeit-V2.5,gsdf,9310,1586,"diffusers,safetensors,stable-diffusion,stable-diffusion-diffusers,text-to-image,license:creativeml-openrail-m,endpoints_compatible,diffusers:StableDiffusionPipeline,region:us",2023-02-02 14:02:11+00:00,3919
gokaygokay/Krea-2-Realism-LoRA,gokaygokay,9248,87,"diffusers,text-to-image,lora,template:sd-lora,krea,krea-2,realism,photorealism,en,base_model:krea/Krea-2-Raw,base_model:adapter:krea/Krea-2-Raw,license:other,region:us",2026-06-25 09:49:52+00:00,6084
unsloth/Qwen-Image-GGUF,unsloth,9241,31,"ggml,gguf,quantized,text-to-image,en,zh,arxiv:2508.02324,base_model:Qwen/Qwen-Image,base_model:quantized:Qwen/Qwen-Image,license:apache-2.0,region:us",2025-12-19 03:51:27+00:00,7809
drbaph/Z-Image-Turbo-FP8,drbaph,9079,52,"diffusers,comfyui,quantization,quant,fp8,text-to-image,en,zh,license:apache-2.0,region:us",2025-11-27 00:07:54+00:00,7537
xFutureTechx/BackMixes,xFutureTechx,8991,1,"diffusers,stable diffusion,anime,comic books,illustration,text-to-image,en,dataset:EarthnDusk/Creative-Embeddings-OLD,license:creativeml-openrail-m,region:us",2023-11-25 03:11:13+00:00,335
stabilityai/stable-diffusion-3.5-large-turbo,stabilityai,8934,704,"diffusers,safetensors,text-to-image,stable-diffusion,en,arxiv:2403.03206,license:other,diffusers:StableDiffusion3Pipeline,region:us",2024-10-22 07:32:47+00:00,9703
imagepipeline/flux_uncensored_nsfw_v2,imagepipeline,8906,34,"diffusers,imagepipeline,imagepipeline.io,text-to-image,ultra-realistic,lora,not-for-all-audiences,base_model:black-forest-labs/FLUX.1-dev,base_model:adapter:black-forest-labs/FLUX.1-dev,region:us",2024-12-04 06:42:55+00:00,392
sd2-community/stable-diffusion-2-1-base,sd2-community,8868,6,"diffusers,safetensors,stable-diffusion,text-to-image,arxiv:2112.10752,arxiv:2202.00512,arxiv:1910.09700,license:openrail++,endpoints_compatible,diffusers:StableDiffusionPipeline,region:us",2025-11-15 10:31:22+00:00,12394
thutes-gbr25/NSFW-MASTER-Z-IMAGE-TURBO,thutes-gbr25,8845,18,"diffusers,text-to-image,lora,template:diffusion-lora,base_model:Tongyi-MAI/Z-Image-Turbo,base_model:adapter:Tongyi-MAI/Z-Image-Turbo,license:unknown,region:us,not-for-all-audiences",2026-02-17 01:31:35+00:00,500
fal/FLUX.2-dev-Turbo,fal,8773,390,"diffusers,image-generation,flux,lora,distillation,turbo,text-to-image,en,base_model:black-forest-labs/FLUX.2-dev,base_model:adapter:black-forest-labs/FLUX.2-dev,license:other,region:us",2025-12-29 17:02:51+00:00,2176
xiaolxl/GuoFeng3,xiaolxl,8663,483,"diffusers,safetensors,stable-diffusion,stable-diffusion-diffusers,text-to-image,en,license:cc-by-nc-sa-4.0,endpoints_compatible,diffusers:StableDiffusionPipeline,region:us",2023-01-28 11:29:27+00:00,7909
sensenova/SenseNova-U1-8B-MoT-Infographic-V3,sensenova,8634,60,"transformers,safetensors,neo_chat,feature-extraction,multimodal,text-to-image,image-to-text,image-editing,interleaved-generation,custom_code,any-to-any,arxiv:2605.12500,license:apache-2.0,region:us",2026-07-15 17:49:15+00:00,36681
mlx-community/Qwen-Image-2512-4bit,mlx-community,8597,8,"mflux,safetensors,mlx,qwen,image-generation,text-to-image,apple-silicon,diffusion,base_model:Qwen/Qwen-Image-2512,base_model:finetune:Qwen/Qwen-Image-2512,license:apache-2.0,region:us",2026-01-01 07:43:21+00:00,972
RomixERR/Pornmaster_v1-Z-Images-Turbo,RomixERR,8565,115,"base_model:Tongyi-MAI/Z-Image-Turbo,base_model:adapter:Tongyi-MAI/Z-Image-Turbo,diffusers,license:apache-2.0,lora,not-for-all-audiences,region:us,template:diffusion-lora,text-to-image",2025-12-25 12:15:55+00:00,642
Shakker-Labs/FLUX.1-dev-ControlNet-Union-Pro,Shakker-Labs,8472,629,"diffusers,safetensors,Text-to-Image,ControlNet,Diffusers,Flux.1-dev,image-generation,Stable Diffusion,text-to-image,en,base_model:black-forest-labs/FLUX.1-dev,base_model:finetune:black-forest-labs/FLUX.1-dev,license:other,region:us",2024-08-23 10:36:42+00:00,3964
Abiray/Krea-2-Turbo-GGUF,Abiray,8388,16,"gguf,text-to-image,en,base_model:krea/Krea-2-Turbo,base_model:quantized:krea/Krea-2-Turbo,license:other,region:us",2026-06-24 11:46:10+00:00,1673
TencentARC/PhotoMaker,TencentARC,8288,438,"diffusers,text-to-image,en,arxiv:2312.04461,license:apache-2.0,region:us",2024-01-13 14:11:54+00:00,2911
emilianJR/epiCRealism,emilianJR,8239,82,"diffusers,safetensors,stable-diffusion,stable-diffusion-diffusers,text-to-image,en,license:creativeml-openrail-m,endpoints_compatible,diffusers:StableDiffusionPipeline,region:us",2023-06-25 12:13:26+00:00,2230
lightx2v/Z-Image-Turbo-Quantized,lightx2v,8120,14,"diffusers,diffusion-single-file,comfyui,distillation,Z-Image-Turbo,text-to-image,base_model:Tongyi-MAI/Z-Image-Turbo,base_model:finetune:Tongyi-MAI/Z-Image-Turbo,license:apache-2.0,region:us",2026-01-28 05:27:47+00:00,3258
tencent/HunyuanImage-3.0,tencent,8021,1121,"transformers,safetensors,hunyuan_image_3_moe,text-generation,text-to-image,custom_code,arxiv:2509.23951,license:other,region:us",2025-09-25 06:28:28+00:00,25244
city96/stable-diffusion-3.5-large-gguf,city96,7852,135,"gguf,text-to-image,image-generation,stable-diffusion,en,base_model:stabilityai/stable-diffusion-3.5-large,base_model:quantized:stabilityai/stable-diffusion-3.5-large,license:other,region:us",2024-10-22 23:50:18+00:00,645
stablediffusionapi/anything-v5,stablediffusionapi,7825,207,"diffusers,safetensors,stablediffusionapi.com,stable-diffusion-api,text-to-image,ultra-realistic,license:creativeml-openrail-m,endpoints_compatible,diffusers:StableDiffusionPipeline,region:us",2023-04-23 07:21:56+00:00,2230
xFutureTechx/2025_Loras,xFutureTechx,7719,8,"diffusers,stable-diffusion,ponyxl,loras,illustriousxl,naixl,sdxl,anime,lora,low,low-rank-adaptation,text-to-image,en,base_model:AstraliteHeart/pony-diffusion-v6,base_model:adapter:AstraliteHeart/pony-diffusion-v6,license:creativeml-openrail-m,region:us",2025-01-07 01:15:50+00:00,453
litert-community/FLUX.2-klein-4B-LiteRT,litert-community,7678,8,"litert,tflite,text-to-image,on-device,diffusion-transformer,int8,base_model:black-forest-labs/FLUX.2-klein-4B,base_model:quantized:black-forest-labs/FLUX.2-klein-4B,license:apache-2.0,region:us",2026-07-09 15:02:20+00:00,18394
Eugeoter/noob-sdxl-controlnet-canny,Eugeoter,7667,6,"diffusers,safetensors,stable-diffusion,stable-diffusion-xl,controlnet,text-to-image,en,base_model:Laxhar/noobai-xl-EarlyAccess,base_model:adapter:Laxhar/noobai-xl-EarlyAccess,license:other,region:us",2024-11-08 11:49:13+00:00,0
openai/shap-e,openai,7562,281,"diffusers,text-to-image,shap-e,text-to-3d,arxiv:2305.02463,license:mit,diffusers:ShapEPipeline,region:us",2023-07-04 13:25:35+00:00,3807
GeorgyGUF/adidas-tracksuit-with-three-stripes-lora-experiments,GeorgyGUF,7461,1,"diffusers,safetensors,text-to-image,lora,template:diffusion-lora,base_model:black-forest-labs/FLUX.1-dev,base_model:adapter:black-forest-labs/FLUX.1-dev,region:us",2025-05-05 06:16:36+00:00,917
LyliaEngine/4x_foolhardy_Remacri,LyliaEngine,7381,2,"diffusers,text-to-image,lora,template:diffusion-lora,base_model:OnomaAIResearch/Illustrious-xl-early-release-v0,base_model:adapter:OnomaAIResearch/Illustrious-xl-early-release-v0,license:cdla-permissive-2.0,region:us",2026-05-22 17:42:20+00:00,931
ModdiAdam/Wild_Krea-2-turbo_NSFW,ModdiAdam,7358,3,"diffusers,gguf,text-to-image,nsfw,krea-2,comfyui,mature,en,base_model:Comfy-Org/Krea-2,base_model:quantized:Comfy-Org/Krea-2,license:other,region:us,not-for-all-audiences",2026-08-15 18:30:50+00:00,2934
Lykon/AnyLoRA,Lykon,7355,51,"diffusers,safetensors,stable-diffusion,stable-diffusion-diffusers,text-to-image,art,artistic,anime,dreamshaper,lcm,en,license:creativeml-openrail-m,endpoints_compatible,diffusers:StableDiffusionPipeline,region:us",2023-03-23 01:08:25+00:00,1184
diffusers/sdxl-instructpix2pix-768,diffusers,7343,56,"diffusers,safetensors,stable-diffusion-xl,stable-diffusion-xl-diffusers,text-to-image,instruct-pix2pix,dataset:timbrooks/instructpix2pix-clip-filtered,arxiv:2307.01952,arxiv:2211.09800,base_model:stabilityai/stable-diffusion-xl-base-1.0,base_model:finetune:stabilityai/stable-diffusion-xl-base-1.0,license:openrail++,diffusers:StableDiffusionXLInstructPix2PixPipeline,region:us",2023-08-23 05:24:35+00:00,2957
realrebelai/Krea-R-Turbo,realrebelai,7267,9,"gguf,comfyui,krea-2,text-to-image,quantized,lora-merge,en,base_model:krea/Krea-2-Turbo,base_model:quantized:krea/Krea-2-Turbo,license:other,region:us",2026-07-13 20:55:58+00:00,10391
Raxephion/Krea2-Serendipity-V2,Raxephion,7231,14,"diffusers,text-to-image,checkpoint,finetuned,krea2,realism,fp8,int8-convrot,bf16,cinematic,base_model:krea/Krea-2-Turbo,base_model:finetune:krea/Krea-2-Turbo,license:other,region:us",2026-08-18 13:29:30+00:00,9121
linoyts/Flux2-Klein-Delight-LoRA,linoyts,7208,32,"diffusers,tensorboard,text-to-image,diffusers-training,lora,flux2,flux2-diffusers,template:sd-lora,base_model:black-forest-labs/FLUX.2-klein-base-9B,base_model:adapter:black-forest-labs/FLUX.2-klein-base-9B,license:other,region:us",2026-01-29 09:31:17+00:00,2583
coolthor/comfyui-zimage-sulphur-nvfp4,coolthor,7195,1,"diffusion-single-file,comfyui,nvfp4,quantization,text-to-image,z-image,blackwell,base_model:Tongyi-MAI/Z-Image-Turbo,base_model:finetune:Tongyi-MAI/Z-Image-Turbo,license:apache-2.0,region:us",2026-06-09 08:07:10+00:00,2295
drbaph/Z-Image-fp8,drbaph,7180,26,"diffusers,comfyui,comfy,z-img,fp8,quantized,text-to-image,en,arxiv:2511.22699,license:apache-2.0,region:us",2026-01-27 19:44:59+00:00,7586
lllyasviel/FLUX.1-schnell-gguf,lllyasviel,7165,33,"gguf,text-to-image,image-generation,flux,base_model:black-forest-labs/FLUX.1-schnell,base_model:quantized:black-forest-labs/FLUX.1-schnell,license:apache-2.0,region:us",2024-08-27 13:33:04+00:00,175
MaxedOut/ComfyUI-Starter-Packs,MaxedOut,7078,304,"gguf,wan 2.2,text to image,upscale,inpainting,controlnet,depth,canny,redux,comfyui,flux,krea,sdxl,kontext,nunchuka,text-to-image,en,license:other,endpoints_compatible,region:us",2025-04-12 18:18:35+00:00,8251
ProGamerGov/qwen-360-diffusion,ProGamerGov,7046,58,"diffusers,360,360°,360-degree,360-image,equirectangular,equirectangular-projection,image-generation,text-to-image,en,dataset:CaptionEmporium/pexels-568k-internvl2,base_model:Qwen/Qwen-Image,base_model:finetune:Qwen/Qwen-Image,license:mit,region:us",2025-12-10 19:18:55+00:00,9097
Quiho/Krea2_NSFW_Uncensored_Complete,Quiho,6948,3,"diffusers,krea2,uncensored,nsfw,vae,text-encoder,checkpoint,abliterated,mix,merge,text-to-image,en,zh,base_model:krea/Krea-2-Turbo,base_model:finetune:krea/Krea-2-Turbo,license:apache-2.0,region:us,not-for-all-audiences",2026-09-03 08:00:47+00:00,0
stablediffusionapi/majicmixrealistic,stablediffusionapi,6852,12,"diffusers,stablediffusionapi.com,stable-diffusion-api,text-to-image,ultra-realistic,license:creativeml-openrail-m,endpoints_compatible,diffusers:StableDiffusionPipeline,region:us",2023-05-23 06:06:03+00:00,2260
ostris/qwen_image_edit_inpainting,ostris,6848,88,"diffusers,text-to-image,lora,template:diffusion-lora,base_model:Qwen/Qwen-Image-Edit,base_model:adapter:Qwen/Qwen-Image-Edit,license:apache-2.0,region:us",2025-09-03 14:41:33+00:00,718
Eugeoter/noob-sdxl-controlnet-depth,Eugeoter,6842,9,"diffusers,safetensors,stable-diffusion,stable-diffusion-xl,controlnet,text-to-image,en,base_model:Laxhar/noobai-xl-EarlyAccess,base_model:adapter:Laxhar/noobai-xl-EarlyAccess,license:other,region:us",2024-11-09 03:24:13+00:00,0
GuangyuanSD/Z-Image-Distilled,GuangyuanSD,6787,161,"safetensors,Z,text-to-image,en,zh,base_model:Tongyi-MAI/Z-Image,base_model:finetune:Tongyi-MAI/Z-Image,license:apache-2.0,region:us",2026-01-31 08:19:01+00:00,12450
uzumix/krea2filterbypass3.safetensors,uzumix,6774,7,"diffusers,text-to-image,lora,template:diffusion-lora,base_model:krea/Krea-2-Turbo,base_model:adapter:krea/Krea-2-Turbo,region:us",2026-07-08 10:11:27+00:00,164
shootstuff/LUSTIFY-v2.0,shootstuff,6773,1,"diffusers,safetensors,text-to-image,endpoints_compatible,diffusers:StableDiffusionXLPipeline,region:us",2026-04-25 09:20:45+00:00,5109
TheMistoAI/MistoLine,TheMistoAI,6771,464,"diffusers,art,stable diffusion,ControlNet,SDXL,Diffusion-XL,text-to-image,arxiv:2302.05543,license:openrail++,region:us",2024-05-07 10:15:16+00:00,7725
Bedovyy/Anima-INT8,Bedovyy,6759,47,"diffusion-single-file,comfyui,text-to-image,base_model:circlestone-labs/Anima,base_model:quantized:circlestone-labs/Anima,license:other,region:us",2026-02-12 18:50:56+00:00,6822
Lykon/AbsoluteReality,Lykon,6739,45,"diffusers,stable-diffusion,stable-diffusion-diffusers,text-to-image,art,artistic,photography,en,license:other,diffusers:StableDiffusionPipeline,region:us",2023-05-31 21:30:57+00:00,430
Alissonerdx/flux.1-dev-SRPO-LoRas,Alissonerdx,6723,85,"diffusers,srpo,flux-dev,flux,text-to-image,base_model:rockerBOO/flux.1-dev-SRPO,base_model:finetune:rockerBOO/flux.1-dev-SRPO,region:us",2025-09-15 22:09:28+00:00,2629
shahtab/FLUXNSFWunlock,shahtab,6583,2,"diffusers,text-to-image,lora,template:diffusion-lora,base_model:black-forest-labs/FLUX.1-dev,base_model:adapter:black-forest-labs/FLUX.1-dev,license:apache-2.0,region:us",2025-05-24 21:05:48+00:00,280
mflux-community/krea-2-turbo-mflux-q8,mflux-community,6498,2,"mflux,safetensors,text-to-image,mlx,flux,krea,apple-silicon,quantized,base_model:krea/Krea-2-Turbo,base_model:finetune:krea/Krea-2-Turbo,license:other,region:us",2026-07-13 00:16:46+00:00,4247
nunchaku-ai/nunchaku-z-image-turbo,nunchaku-ai,6361,178,"diffusers,image-editing,SVDQuant,Z-Image-Turbo,Diffusion,Quantization,ICLR2025,text-to-image,en,dataset:mit-han-lab/svdquant-datasets,arxiv:2411.05007,base_model:Tongyi-MAI/Z-Image-Turbo,base_model:quantized:Tongyi-MAI/Z-Image-Turbo,license:apache-2.0,region:us",2025-12-07 17:29:40+00:00,3624
lllyasviel/FLUX.1-dev-gguf,lllyasviel,6276,113,"gguf,text-to-image,image-generation,flux,base_model:black-forest-labs/FLUX.1-dev,base_model:quantized:black-forest-labs/FLUX.1-dev,license:other,region:us",2024-08-27 13:32:51+00:00,172
AliveAi/Krea-2-Edit-Outfit-Transfer,AliveAi,6268,86,"diffusers,text-to-image,lora,template:diffusion-lora,base_model:krea/Krea-2-Raw,base_model:adapter:krea/Krea-2-Raw,region:us",2026-07-20 13:53:48+00:00,1573
ZawShiShawn/gestura-flux2-klein-4b-litert-tflite,ZawShiShawn,6267,0,"litert,tflite,android,on-device,text-to-image,image-editing,multi-reference,image-to-image,base_model:black-forest-labs/FLUX.2-klein-4B,base_model:finetune:black-forest-labs/FLUX.2-klein-4B,license:apache-2.0,region:us",2026-08-24 13:20:26+00:00,19856
calcuis/hidream-gguf,calcuis,6191,70,"gguf,gguf-node,text-to-image,en,base_model:HiDream-ai/HiDream-I1-Full,base_model:quantized:HiDream-ai/HiDream-I1-Full,license:mit,region:us",2025-04-14 23:50:10+00:00,1178
unsloth/FLUX.1-schnell,unsloth,6171,6,"diffusers,safetensors,text-to-image,image-generation,flux,en,license:apache-2.0,endpoints_compatible,diffusers:FluxPipeline,region:us",2026-08-05 14:47:40+00:00,3900
city96/HiDream-I1-Dev-gguf,city96,6067,65,"gguf,image-generation,HiDream.ai,text-to-image,en,base_model:HiDream-ai/HiDream-I1-Dev,base_model:quantized:HiDream-ai/HiDream-I1-Dev,license:mit,region:us",2025-04-15 22:23:50+00:00,671
UnfilteredAI/NSFW-gen-v2,UnfilteredAI,6027,606,"diffusers,safetensors,UnfilteredAI,3d,text-to-image,not-for-all-audiences,en,pt,th,base_model:HelpingAI/PixelGen,base_model:finetune:HelpingAI/PixelGen,license:other,endpoints_compatible,diffusers:StableDiffusionXLPipeline,region:us",2024-04-15 08:16:46+00:00,1354
strangerzonehf/Flux-Super-Realism-LoRA,strangerzonehf,5940,272,"diffusers,text-to-image,lora,template:diffusion-lora,Super-Realism,Flux.1-Dev,Dynamic-Realism,Realistic,Photorealism,Hi-Res,UltraRealism,Diffusion,Face,safetensors,Realism-Engine,RAW,4K,base_model:black-forest-labs/FLUX.1-dev,base_model:adapter:black-forest-labs/FLUX.1-dev,license:mit,region:us",2024-11-12 18:40:16+00:00,5086
segmind/small-sd,segmind,5929,36,"diffusers,stable-diffusion,stable-diffusion-diffusers,text-to-image,dataset:recastai/LAION-art-EN-improved-captions,arxiv:2305.15798,base_model:SG161222/Realistic_Vision_V4.0_noVAE,base_model:finetune:SG161222/Realistic_Vision_V4.0_noVAE,license:creativeml-openrail-m,endpoints_compatible,diffusers:StableDiffusionPipeline,region:us",2023-07-27 07:52:25+00:00,979
frankjoshua/FLUX.1-dev,frankjoshua,5925,4,"diffusers,safetensors,text-to-image,image-generation,flux,en,license:other,endpoints_compatible,diffusers:FluxPipeline,region:us",2024-09-17 18:09:07+00:00,3937
prithivMLmods/Flux-Long-Toon-LoRA,prithivMLmods,5925,22,"diffusers,text-to-image,lora,template:diffusion-lora,Long-Toons,3D,Toon,base_model:black-forest-labs/FLUX.1-dev,base_model:adapter:black-forest-labs/FLUX.1-dev,license:creativeml-openrail-m,region:us",2024-11-24 12:08:25+00:00,1587
highscoregames12018/lora-collection,highscoregames12018,5856,0,"diffusers,text-to-image,lora,template:diffusion-lora,base_model:stabilityai/stable-diffusion-xl-base-1.0,base_model:adapter:stabilityai/stable-diffusion-xl-base-1.0,license:apache-2.0,region:us",2026-01-06 18:48:42+00:00,237
TencentARC/PhotoMaker-V2,TencentARC,5806,157,"diffusers,text-to-image,en,arxiv:2312.04461,license:apache-2.0,region:us",2024-07-22 15:09:07+00:00,2825
Nurburgring/BEYOND_REALITY_Z_IMAGE,Nurburgring,5762,163,"diffusers,art,text-to-image,zh,base_model:Tongyi-MAI/Z-Image-Turbo,base_model:finetune:Tongyi-MAI/Z-Image-Turbo,license:apache-2.0,region:us",2025-12-21 08:48:06+00:00,7306
yehiaserag/anime-pencil-diffusion,yehiaserag,5728,170,"diffusers,safetensors,anime,stable-diffusion,aiart,text-to-image,en,license:creativeml-openrail-m,endpoints_compatible,diffusers:StableDiffusionPipeline,region:us",2022-12-03 04:15:22+00:00,2680
strangerzonehf/Flux-Midjourney-Mix2-LoRA,strangerzonehf,5694,554,"diffusers,text-to-image,lora,template:diffusion-lora,base_model:black-forest-labs/FLUX.1-dev,base_model:adapter:black-forest-labs/FLUX.1-dev,license:other,region:us",2024-11-26 15:58:30+00:00,6263
zai-org/CogView4-6B,zai-org,5687,257,"diffusers,safetensors,text-to-image,zh,en,arxiv:2403.05121,base_model:zai-org/glm-4-9b,base_model:finetune:zai-org/glm-4-9b,license:apache-2.0,diffusers:CogView4Pipeline,region:us",2025-03-03 12:19:58+00:00,7163
byteshape/Qwen-Image-2512-GGUF,byteshape,5667,7,"gguf,qwen-image,text-to-image,image-generation,comfyui,byteshape,base_model:Qwen/Qwen-Image-2512,base_model:quantized:Qwen/Qwen-Image-2512,license:apache-2.0,region:us",2026-07-28 19:42:06+00:00,8175
MLbackup/2023_Scraped_SDXL,MLbackup,5651,4,"diffusers,sdxl,stable diffusion,anime,earth and dusk,duskfallcrew,safetensors,sdxl-anikme,sdxl anime,text-to-image,en,base_model:stabilityai/stable-diffusion-xl-base-1.0,base_model:finetune:stabilityai/stable-diffusion-xl-base-1.0,license:creativeml-openrail-m,region:us",2023-07-21 23:18:02+00:00,28
Lykon/dreamshaper-8-lcm,Lykon,5642,16,"diffusers,safetensors,stable-diffusion,stable-diffusion-diffusers,text-to-image,art,artistic,anime,dreamshaper,lcm,en,license:creativeml-openrail-m,endpoints_compatible,diffusers:StableDiffusionPipeline,region:us",2023-12-06 21:58:14+00:00,2169
prompthero/openjourney,prompthero,5522,3239,"diffusers,safetensors,stable-diffusion,text-to-image,en,license:creativeml-openrail-m,endpoints_compatible,diffusers:StableDiffusionPipeline,region:us,deploy:azure",2022-11-08 09:44:58+00:00,2605
btaskel/noobai-XL-Vpred-1.0-GGUF,btaskel,5501,7,"gguf,quantization,text-to-image,base_model:Laxhar/noobai-XL-Vpred-1.0,base_model:quantized:Laxhar/noobai-XL-Vpred-1.0,region:us",2025-02-12 02:14:15+00:00,425
unsloth/FLUX.2-klein-base-4B-GGUF,unsloth,5471,24,"ggml,gguf,text-to-image,unsloth,image-editing,flux,diffusion-single-file,image-to-image,en,base_model:black-forest-labs/FLUX.2-klein-base-4B,base_model:quantized:black-forest-labs/FLUX.2-klein-base-4B,license:apache-2.0,region:us",2026-01-15 17:47:03+00:00,10945
mlx-community/Qwen-Image-2512-8bit,mlx-community,5456,4,"mflux,safetensors,mlx,qwen,image-generation,text-to-image,apple-silicon,diffusion,base_model:Qwen/Qwen-Image,base_model:finetune:Qwen/Qwen-Image,license:apache-2.0,region:us",2026-01-01 07:43:42+00:00,1557
Alissonerdx/CustomLightning,Alissonerdx,5446,10,"diffusers,text-to-image,lora,qwen,qwen image,QIE,lightning,lightx2v,base_model:Qwen/Qwen-Image-Edit-2511,base_model:adapter:Qwen/Qwen-Image-Edit-2511,region:us",2026-01-02 11:46:29+00:00,387
Estebandidoooi/NSFW,Estebandidoooi,5396,1,"diffusers,text-to-image,lora,template:diffusion-lora,base_model:Wan-AI/Wan2.1-I2V-14B-720P,base_model:adapter:Wan-AI/Wan2.1-I2V-14B-720P,license:creativeml-openrail-m,region:us,not-for-all-audiences",2026-02-10 06:51:40+00:00,403
ostris/ideogram_4_turbotime_lora,ostris,5396,135,"diffusers,text-to-image,lora,base_model:ideogram-ai/ideogram-4-fp8,base_model:adapter:ideogram-ai/ideogram-4-fp8,license:other,region:us",2026-06-17 17:07:46+00:00,2511
calcuis/cosmos-predict2-gguf,calcuis,5355,32,"gguf,gguf-node,text-to-image,base_model:nvidia/Cosmos-Predict2-2B-Text2Image,base_model:quantized:nvidia/Cosmos-Predict2-2B-Text2Image,license:other,region:us",2025-06-17 07:24:33+00:00,1152
unsloth/Krea-2-Turbo,unsloth,5333,8,"diffusers,safetensors,text-to-image,en,base_model:krea/Krea-2-Raw,base_model:finetune:krea/Krea-2-Raw,license:other,diffusers:Krea2Pipeline,region:us",2026-08-05 14:31:48+00:00,7423
ostris/krea2_turbo_style_reference,ostris,5325,121,"diffusers,text-to-image,lora,template:diffusion-lora,base_model:krea/Krea-2-Turbo,base_model:adapter:krea/Krea-2-Turbo,license:other,region:us",2026-07-08 20:16:52+00:00,3439
JCTN/JCTN_LORAxl,JCTN,5276,5,"diffusers,text-to-image,stable-diffusion,lora,concept,comedy,cereal box,cereal,base_model:stabilityai/stable-diffusion-xl-base-1.0,base_model:adapter:stabilityai/stable-diffusion-xl-base-1.0,license:other,region:us",2023-09-16 20:11:32+00:00,728
xiaolxl/GuoFeng4_XL,xiaolxl,5245,31,"diffusers,stable-diffusion,stable-diffusion-diffusers,text-to-image,en,license:cc-by-nc-sa-4.0,region:us",2023-10-28 04:37:37+00:00,1898
Lykon/AAM_XL_AnimeMix,Lykon,5236,25,"diffusers,safetensors,stable-diffusion,stable-diffusion-diffusers,stable-diffusion-xl,text-to-image,art,artistic,anime,en,license:other,endpoints_compatible,diffusers:StableDiffusionXLPipeline,region:us",2024-01-19 10:14:05+00:00,1359
Wuli-art/Qwen-Image-2512-Turbo-LoRA,Wuli-art,5234,225,"diffusers,Qwen,distillation,lora,text-to-image,en,zh,base_model:Qwen/Qwen-Image-2512,base_model:adapter:Qwen/Qwen-Image-2512,license:apache-2.0,region:us",2025-12-30 02:54:37+00:00,12333
TheDivergentAI/krea2-turbo-distill-lora,TheDivergentAI,5217,32,"diffusers,text-to-image,lora,krea2,distillation,template:diffusion-lora,base_model:krea/Krea-2-Raw,base_model:adapter:krea/Krea-2-Raw,license:other,region:us",2026-06-26 21:40:29+00:00,7278
bench-labs/PixelModel-v6,bench-labs,5217,18,"safetensors,text-to-image,diffusion,rectified-flow,mmdit,tiny,custom-code,en,license:mit,region:us",2026-08-04 03:05:13+00:00,10221
Lasorco/lametta,Lasorco,5173,109,"diffusers,stable-diffusion,text-to-image,safetensors,ja,license:creativeml-openrail-m,region:us",2023-03-28 14:29:55+00:00,32871
John6666/epicrealism-xl-v8kiss-sdxl,John6666,5160,4,"diffusers,safetensors,text-to-image,stable-diffusion,stable-diffusion-xl,realistic,photorealistic,photo,license:creativeml-openrail-m,endpoints_compatible,diffusers:StableDiffusionXLPipeline,region:us",2024-07-16 13:43:00+00:00,88
calcuis/pony,calcuis,5076,13,"gguf,gguf-node,text-to-image,en,doi:10.57967/hf/4341,license:apache-2.0,region:us",2025-01-03 05:13:55+00:00,2209
vantagewithai/Krea-2,vantagewithai,4920,7,"diffusers,text-to-image,en,base_model:krea/Krea-2-Raw,base_model:finetune:krea/Krea-2-Raw,license:other,region:us",2026-06-23 11:25:36+00:00,6233
XLabs-AI/flux-controlnet-collections,XLabs-AI,4905,548,"diffusers,Stable Diffusion,image-generation,Flux,text-to-image,en,license:other,region:us",2024-08-13 00:09:08+00:00,2924
RudySen/Krea2-realism-V1,RudySen,4889,10,"diffusers,text-to-image,lora,template:diffusion-lora,base_model:krea/Krea-2-Turbo,base_model:adapter:krea/Krea-2-Turbo,region:us",2026-06-25 01:52:08+00:00,507
adamo1139/stable-diffusion-3.5-large-ungated,adamo1139,4886,7,"diffusers,safetensors,text-to-image,stable-diffusion,en,arxiv:2403.03206,license:other,diffusers:StableDiffusion3Pipeline,region:us",2024-10-22 18:27:57+00:00,9467
uzumix/krea2_nsfw,uzumix,4844,23,"diffusers,text-to-image,lora,template:diffusion-lora,base_model:krea/Krea-2-Turbo,base_model:adapter:krea/Krea-2-Turbo,region:us,not-for-all-audiences",2026-07-07 17:41:56+00:00,117
AgentAnon/flux-klein-9b-Biglove-Collection,AgentAnon,4811,0,"diffusers,gguf,flux,flux2,flux-klein,fp8,quantized,text-to-image,image-generation,base_model:black-forest-labs/FLUX.2-klein-base-9B,base_model:quantized:black-forest-labs/FLUX.2-klein-base-9B,license:cc-by-nc-4.0,region:us",2026-07-24 19:20:45+00:00,2574
AntiLeecher/Flux-Klein-NSFW-Lora,AntiLeecher,4791,12,"diffusers,text-to-image,lora,template:diffusion-lora,base_model:leejet/FLUX.2-klein-base-9B-GGUF,base_model:adapter:leejet/FLUX.2-klein-base-9B-GGUF,license:apache-2.0,region:us,not-for-all-audiences",2026-02-11 17:05:20+00:00,377
QiE2035/flux2-klein-9b-uncensored-text-encoder-Q2_K-GGUF,QiE2035,4763,3,"gguf,text-to-image,flux2,klein,GGUF,safetensors,text-generation-inference,uncensored,abliterated,abliteration,llama-cpp,gguf-my-repo,en,ja,base_model:ponpoke/flux2-klein-9b-uncensored-text-encoder,base_model:quantized:ponpoke/flux2-klein-9b-uncensored-text-encoder,license:other,endpoints_compatible,region:us",2026-07-12 05:41:13+00:00,1886
markury/FLUX.1-Krea-dev-gguf,markury,4752,0,"gguf,text-to-image,image-generation,flux,base_model:black-forest-labs/FLUX.1-Krea-dev,base_model:quantized:black-forest-labs/FLUX.1-Krea-dev,license:other,region:us",2025-07-31 15:16:50+00:00,544
cusiman/Krea2_Collection,cusiman,4739,9,"diffusers,krea2,text-to-image,image-generation,dit,fp8,comfyui,krea,license:other,region:us",2026-07-21 02:40:04+00:00,4730
pmczip/Z-Image-Turbo_Models,pmczip,4713,12,"diffusers,safetensors,lora,t2i,text-to-image,photorealistic,woman,celebrity,likeness,z-image,Z-Image-Turbo,z-image_turbo,ZiT,en,base_model:Tongyi-MAI/Z-Image-Turbo,base_model:adapter:Tongyi-MAI/Z-Image-Turbo,license:other,region:us",2026-01-06 04:31:51+00:00,0
KM445/flux2-klein-9b-uncensored-text-encoder-Q8_0-GGUF,KM445,4672,4,"gguf,text-to-image,flux2,klein,GGUF,safetensors,text-generation-inference,uncensored,abliterated,abliteration,llama-cpp,gguf-my-repo,en,ja,base_model:ponpoke/flux2-klein-9b-uncensored-text-encoder,base_model:quantized:ponpoke/flux2-klein-9b-uncensored-text-encoder,license:other,endpoints_compatible,region:us",2026-08-11 20:17:38+00:00,1886
lzyvegetable/FLUX.1-schnell,lzyvegetable,4668,1,"diffusers,safetensors,text-to-image,image-generation,flux,en,license:apache-2.0,endpoints_compatible,diffusers:FluxPipeline,region:us",2024-09-10 00:43:42+00:00,3587
calcuis/illustrious,calcuis,4649,71,"gguf,gguf-node,text-to-image,en,base_model:OnomaAIResearch/Illustrious-xl-early-release-v0,base_model:quantized:OnomaAIResearch/Illustrious-xl-early-release-v0,doi:10.57967/hf/4512,license:apache-2.0,region:us",2025-01-12 09:25:28+00:00,2285
LyliaEngine/ponyRealism_v21MainVAE,LyliaEngine,4646,30,"diffusers,text-to-image,stable-diffusion,lora,template:sd-lora,base_model:LyliaEngine/Pony_Diffusion_V6_XL,base_model:adapter:LyliaEngine/Pony_Diffusion_V6_XL,license:cdla-permissive-2.0,region:us",2024-06-23 13:27:39+00:00,2553
profpeng/nsfwv2,profpeng,4644,1,"diffusers,text-to-image,lora,template:diffusion-lora,base_model:Wan-AI/Wan2.2-I2V-A14B,base_model:adapter:Wan-AI/Wan2.2-I2V-A14B,region:us",2026-01-02 16:39:20+00:00,435
vantagewithai/Krea-2-Raw-GGUF,vantagewithai,4600,16,"diffusers,gguf,text-to-image,en,base_model:krea/Krea-2-Raw,base_model:quantized:krea/Krea-2-Raw,license:other,region:us",2026-06-23 11:23:47+00:00,6230
Meina/MeinaMix,Meina,4598,155,"diffusers,anime,art,stable diffusion,text-to-image,en,license:creativeml-openrail-m,region:us",2023-02-08 08:52:00+00:00,1325
Linaqruf/anime-detailer-xl-lora,Linaqruf,4584,64,"diffusers,text-to-image,stable-diffusion,lora,safetensors,stable-diffusion-xl,en,base_model:Linaqruf/animagine-xl-2.0,base_model:adapter:Linaqruf/animagine-xl-2.0,license:openrail++,region:us",2023-11-23 03:48:18+00:00,6751
inclusionAI/LLaDA2.0-Uni,inclusionAI,4580,251,"transformers,diffusers,safetensors,llada2_moe,feature-extraction,multimodal,image-generation,image-understanding,image-editing,diffusion,moe,text-to-image,any-to-any,custom_code,en,arxiv:2604.20796,base_model:inclusionAI/LLaDA2.0-mini,base_model:finetune:inclusionAI/LLaDA2.0-mini,license:apache-2.0,region:us",2026-04-22 17:10:47+00:00,12179
second-state/FLUX.1-schnell-GGUF,second-state,4548,17,"gguf,text-to-image,image-generation,flux,en,base_model:black-forest-labs/FLUX.1-schnell,base_model:quantized:black-forest-labs/FLUX.1-schnell,license:apache-2.0,region:us",2024-08-25 06:26:56+00:00,3532
stabilityai/stable-diffusion-3-medium,stabilityai,4525,5023,"diffusion-single-file,text-to-image,stable-diffusion,en,arxiv:2403.03206,license:other,region:us",2024-05-30 07:38:13+00:00,8422
Limbicnation/pixel-art-lora,Limbicnation,4513,54,"diffusers,lora,flux,pixel-art,game-asset,sprite,character-design,text-to-image,FLUX.2-klein-4B,en,dataset:Limbicnation/pixel-art-character,base_model:black-forest-labs/FLUX.2-klein-4B,base_model:adapter:black-forest-labs/FLUX.2-klein-4B,license:apache-2.0,region:us",2023-03-15 03:04:03+00:00,6013
wolfer45/nsfwv2-zit,wolfer45,4507,4,"diffusers,text-to-image,lora,template:diffusion-lora,base_model:Tongyi-MAI/Z-Image-Turbo,base_model:adapter:Tongyi-MAI/Z-Image-Turbo,region:us",2026-02-22 09:38:48+00:00,240
HyperX-Sentience/Juggernaut-Reborn,HyperX-Sentience,4498,9,"diffusers,stable-diffusion,text-to-image,image-generation,juggernaut,kandooai,civitai,ai-art,diffusion-models,art-generation,creative-ml,en,base_model:stable-diffusion-v1-5/stable-diffusion-v1-5,base_model:finetune:stable-diffusion-v1-5/stable-diffusion-v1-5,license:mit,region:us",2025-02-26 05:37:57+00:00,2728
EnD-Diffusers/EarthnDusk-Nov-SD15-Merges-Mixes,EnD-Diffusers,4497,1,"diffusers,stable diffusion,anime,comic books,illustration,text-to-image,en,dataset:EarthnDusk/Creative-Embeddings-OLD,license:creativeml-openrail-m,region:us",2023-11-03 03:11:04+00:00,3013
Eugeoter/noob-sdxl-controlnet-lineart_anime,Eugeoter,4490,6,"diffusers,safetensors,stable-diffusion,stable-diffusion-xl,controlnet,text-to-image,en,base_model:Laxhar/noobai-xl-EarlyAccess,base_model:adapter:Laxhar/noobai-xl-EarlyAccess,license:other,region:us",2024-11-11 01:29:17+00:00,0
darkmaniac7/TokForge-DreamShaper-LCM-GGUF-q4,darkmaniac7,4490,1,"gguf,text-to-image,stable-diffusion,dreamshaper,lcm,stable-diffusion-cpp,tokforge,quantized,q4_0,base_model:Lykon/dreamshaper-7,base_model:quantized:Lykon/dreamshaper-7,license:creativeml-openrail-m,region:us",2026-06-22 06:41:26+00:00,4666
Shakker-Labs/FLUX.1-dev-LoRA-Dark-Fantasy,Shakker-Labs,4479,47,"diffusers,text-to-image,stable-diffusion,lora,image-generation,flux,safetensors,base_model:black-forest-labs/FLUX.1-dev,base_model:adapter:black-forest-labs/FLUX.1-dev,license:other,region:us",2024-09-13 10:21:15+00:00,1289
xey/sldr_flux_nsfw_v2-studio,xey,4476,307,"diffusers,text-to-image,template:diffusion-lora,lora,flux,flux dev,base_model:black-forest-labs/FLUX.1-dev,base_model:adapter:black-forest-labs/FLUX.1-dev,region:us,not-for-all-audiences",2024-10-28 20:53:12+00:00,64
hoidhxd/SenseNova-U1.5-8B-GGUF-v2,hoidhxd,4463,3,"gguf,quantized,text-to-image,sensenova,mot,all-in-one,comfyui,base_model:sensenova/SenseNova-U1.5-8B-MoT-Preview,base_model:quantized:sensenova/SenseNova-U1.5-8B-MoT-Preview,region:us",2026-08-16 12:55:48+00:00,12049
digiplay/DreamShaper_8,digiplay,4460,22,"diffusers,safetensors,stable-diffusion,stable-diffusion-diffusers,text-to-image,license:other,endpoints_compatible,diffusers:StableDiffusionPipeline,region:us",2023-07-30 13:39:08+00:00,1188
John6666/wai-nsfw-illustrious-sdxl-v140-sdxl,John6666,4459,9,"diffusers,safetensors,text-to-image,stable-diffusion,stable-diffusion-xl,not-for-all-audiences,anime,hentai,girls,Illustrious XL v1.0,illustrious,en,base_model:OnomaAIResearch/Illustrious-XL-v1.0,base_model:finetune:OnomaAIResearch/Illustrious-XL-v1.0,license:other,endpoints_compatible,diffusers:StableDiffusionXLPipeline,region:us",2025-05-09 07:02:13+00:00,181
ChrisColeTech/krea2-turbo-edit-GGUF,ChrisColeTech,4457,10,"gguf,text-to-image,image-to-image,image-editing,quantized,krea,distilled,license:unknown,region:us",2026-07-30 01:28:38+00:00,7028
Linaqruf/style-enhancer-xl-lora,Linaqruf,4394,25,"diffusers,text-to-image,stable-diffusion,lora,safetensors,stable-diffusion-xl,en,base_model:Linaqruf/animagine-xl-2.0,base_model:adapter:Linaqruf/animagine-xl-2.0,license:openrail++,region:us",2023-11-23 03:50:05+00:00,6374
city96/HiDream-I1-Full-gguf,city96,4370,68,"gguf,image-generation,HiDream.ai,text-to-image,en,base_model:HiDream-ai/HiDream-I1-Full,base_model:quantized:HiDream-ai/HiDream-I1-Full,license:mit,region:us",2025-04-16 02:19:16+00:00,673
vantagewithai/Z-Image-Turbo-GGUF,vantagewithai,4355,52,"diffusers,gguf,text-to-image,en,arxiv:2511.13649,license:apache-2.0,region:us",2025-11-28 04:17:07+00:00,13827
John6666/lustify-sdxl-nsfwsfw-v2-sdxl,John6666,4309,6,"diffusers,safetensors,text-to-image,stable-diffusion,stable-diffusion-xl,realistic,photorealistic,photo,general use,nsfw,en,license:creativeml-openrail-m,endpoints_compatible,diffusers:StableDiffusionXLPipeline,region:us",2024-08-09 21:51:48+00:00,125
mingyi456/Z-Image-Turbo-Misc-Finetunes-DF11-ComfyUI,mingyi456,4294,14,"diffusion-single-file,comfyui,text-to-image,en,zh,base_model:Tongyi-MAI/Z-Image-Turbo,base_model:finetune:Tongyi-MAI/Z-Image-Turbo,license:apache-2.0,region:us",2025-12-24 16:25:19+00:00,4420
hum-ma/SDXL-models-GGUF,hum-ma,4293,30,"diffusers,gguf,text-to-image,region:us",2025-01-22 06:40:29+00:00,2507
nhathoangfoto/Flux.2-Klein-9B-MatchingPose,nhathoangfoto,4288,45,"diffusers,lora,flux,flux.2,flux.2-klein,matchingpose,pose-transfer,character-consistency,image-to-image,text-to-image,image-text-to-image,en,base_model:black-forest-labs/FLUX.2-klein-base-9B,base_model:adapter:black-forest-labs/FLUX.2-klein-base-9B,license:apache-2.0,region:us",2026-04-19 09:03:32+00:00,10231
gpustack/stable-diffusion-xl-base-1.0-GGUF,gpustack,4258,4,"gguf,text-to-image,stable-diffusion,arxiv:2307.01952,arxiv:2211.01324,arxiv:2108.01073,arxiv:2112.10752,license:openrail++,region:us",2024-11-08 08:16:33+00:00,9514
dreamlike-art/dreamlike-diffusion-1.0,dreamlike-art,4257,1024,"diffusers,safetensors,stable-diffusion,stable-diffusion-diffusers,text-to-image,art,artistic,en,license:other,diffusers:StableDiffusionPipeline,region:us",2022-12-11 04:16:04+00:00,4835
Yntec/AnythingV5,Yntec,4250,2,"diffusers,safetensors,anime,ink,lines,Yuno779,stable-diffusion,stable-diffusion-diffusers,text-to-image,en,base_model:Yntec/AnythingV3,base_model:finetune:Yntec/AnythingV3,license:creativeml-openrail-m,endpoints_compatible,diffusers:StableDiffusionPipeline,region:us",2024-05-22 17:38:34+00:00,1203
renderartist/Classic-Painting-Z-Image-Turbo-LoRA,renderartist,4230,19,"diffusers,text-to-image,lora,template:diffusion-lora,base_model:Tongyi-MAI/Z-Image-Turbo,base_model:adapter:Tongyi-MAI/Z-Image-Turbo,license:apache-2.0,region:us",2025-12-02 18:24:17+00:00,1440
kpsss34/FHDR_Uncensored,kpsss34,4224,625,"diffusers,safetensors,gguf,art,text-to-image,en,base_model:black-forest-labs/FLUX.1-dev,base_model:quantized:black-forest-labs/FLUX.1-dev,license:other,endpoints_compatible,diffusers:FluxPipeline,region:us",2025-10-26 12:28:20+00:00,1001
LyliaEngine/hassakuXLIllustrious_v22,LyliaEngine,4198,1,"diffusers,text-to-image,lora,template:diffusion-lora,base_model:OnomaAIResearch/Illustrious-xl-early-release-v0,base_model:adapter:OnomaAIResearch/Illustrious-xl-early-release-v0,license:cdla-permissive-2.0,region:us",2025-05-07 09:36:48+00:00,2293
Winnougan/Ideogram_Instant_NSFW,Winnougan,4196,16,"diffusers,safetensors,text-to-image,image-generation,flow-matching,ideogram4,finetune,base_model:ideogram-ai/ideogram-4-fp8,base_model:finetune:ideogram-ai/ideogram-4-fp8,license:other,region:us,not-for-all-audiences",2026-07-20 16:42:34+00:00,4303
SargeZT/controlnet-sd-xl-1.0-softedge-dexined,SargeZT,4147,50,"diffusers,stable-diffusion-xl,stable-diffusion-xl-diffusers,text-to-image,controlnet,base_model:stabilityai/stable-diffusion-xl-base-1.0,base_model:adapter:stabilityai/stable-diffusion-xl-base-1.0,license:creativeml-openrail-m,region:us",2023-08-14 09:04:22+00:00,1066
ABDALLALSWAITI/FLUX.1-dev-ControlNet-Union-Pro-2.0-fp8,ABDALLALSWAITI,4131,58,"diffusers,safetensors,quantized,fp8,e4m3,Text-to-Image,ControlNet,Diffusers,Flux.1-dev,image-generation,Stable Diffusion,quantization,reduced-precision,text-to-image,en,base_model:Shakker-Labs/FLUX.1-dev-ControlNet-Union-Pro-2.0,base_model:quantized:Shakker-Labs/FLUX.1-dev-ControlNet-Union-Pro-2.0,license:other,region:us",2025-04-19 20:19:03+00:00,8650
John2386/fullgreed,John2386,4126,27,"diffusion-single-file,text-to-image,z-image,comfyui,int8,photorealistic,arxiv:2511.22699,base_model:Tongyi-MAI/Z-Image,base_model:finetune:Tongyi-MAI/Z-Image,license:apache-2.0,region:us",2026-06-28 18:50:40+00:00,3164
unsloth/FLUX.2-klein-4B,unsloth,4108,5,"diffusers,safetensors,text-to-image,image-editing,flux,diffusion-single-file,image-to-image,en,license:apache-2.0,diffusers:Flux2KleinPipeline,region:us",2026-08-06 14:03:29+00:00,10117
xFutureTechx/2024_Backups,xFutureTechx,4106,1,"diffusers,stable diffusion,art,text-to-image,en,dataset:Duskfallcrew/Creative-Embeddings,dataset:EarthnDusk/Embeddings_SD15,base_model:stable-diffusion-v1-5/stable-diffusion-v1-5,base_model:finetune:stable-diffusion-v1-5/stable-diffusion-v1-5,license:creativeml-openrail-m,region:us",2023-07-02 09:49:08+00:00,498
gpustack/stable-diffusion-v1-5-GGUF,gpustack,4056,3,"gguf,stable-diffusion,stable-diffusion-diffusers,text-to-image,arxiv:2207.12598,arxiv:2112.10752,arxiv:2103.00020,arxiv:2205.11487,arxiv:1910.09700,license:creativeml-openrail-m,region:us",2024-11-08 06:29:36+00:00,14906
AX1Y2JP/FLUX.1-schnell-krea-lora-merged,AX1Y2JP,4011,0,"diffusers,gguf,text-to-image,image-generation,comfyui,flux,krea,lora,merged,finetune,base_model:black-forest-labs/FLUX.1-schnell,base_model:finetune:black-forest-labs/FLUX.1-schnell,license:other,region:us",2026-05-02 03:57:25+00:00,230
deepseek-ai/Janus-1.3B,deepseek-ai,4002,600,"transformers,safetensors,multi_modality,muiltimodal,text-to-image,unified-model,any-to-any,arxiv:2410.13848,license:mit,endpoints_compatible,region:us",2024-10-18 04:19:26+00:00,2790
starsfriday/Qwen-Image-NSFW,starsfriday,3968,157,"diffusers,image-generation,lora,Qwen-Image,text-to-image,en,base_model:Qwen/Qwen-Image,base_model:adapter:Qwen/Qwen-Image,license:apache-2.0,region:us,not-for-all-audiences",2025-08-19 02:03:50+00:00,2462
offgrid-ai/juggernaut-xl-v9-GGUF,offgrid-ai,3923,2,"gguf,stable-diffusion,sdxl,image-generation,quantized,off-grid,text-to-image,base_model:RunDiffusion/Juggernaut-XL-v9,base_model:quantized:RunDiffusion/Juggernaut-XL-v9,license:creativeml-openrail-m,region:us",2026-06-24 14:56:55+00:00,1218
stablediffusionapi/pixel-art-diffusion-xl,stablediffusionapi,3876,20,"diffusers,modelslab.com,stable-diffusion-api,text-to-image,ultra-realistic,license:creativeml-openrail-m,endpoints_compatible,diffusers:StableDiffusionXLPipeline,region:us",2024-02-11 00:28:01+00:00,2233
LazyHuman/maria-thumbnail,LazyHuman,3876,0,"diffusers,text-to-image,flux,lora,template:sd-lora,fluxgym,base_model:black-forest-labs/FLUX.1-dev,base_model:adapter:black-forest-labs/FLUX.1-dev,license:other,region:us",2026-08-10 04:53:45+00:00,363
ehristoforu/stable-diffusion-v1-5-tiny,ehristoforu,3867,4,"diffusers,pytorch,safetensors,stable-diffusion,optimized,sd-v1.5-base,sd-v1.5-inpainting,text-to-image,en,base_model:runwayml/stable-diffusion-v1-5,base_model:finetune:runwayml/stable-diffusion-v1-5,license:creativeml-openrail-m,region:us",2024-03-17 16:19:28+00:00,200
jbilcke-hf/sdxl-cinematic-1,jbilcke-hf,3835,1,"diffusers,stable-diffusion-xl,stable-diffusion-xl-diffusers,text-to-image,lora,dataset:jbilcke-hf/cinematic-1,base_model:stabilityai/stable-diffusion-xl-base-1.0,base_model:adapter:stabilityai/stable-diffusion-xl-base-1.0,region:us",2023-10-14 20:51:34+00:00,1582
Shakker-Labs/AWPortrait-FL,Shakker-Labs,3818,488,"diffusers,safetensors,text-to-image,stable-diffusion,image-generation,flux,en,base_model:black-forest-labs/FLUX.1-dev,base_model:finetune:black-forest-labs/FLUX.1-dev,license:other,endpoints_compatible,diffusers:FluxPipeline,region:us",2024-09-01 07:12:37+00:00,3587
rzgar/Wan2.2-Bernini-R-Motion-Enhancer-n4w-i2v,rzgar,3798,17,"diffusers,text-to-image,lora,template:diffusion-lora,base_model:ByteDance/Bernini-R,base_model:adapter:ByteDance/Bernini-R,license:apache-2.0,region:us",2026-06-24 22:15:47+00:00,2767
starsfriday/Qwen-Image-EVA-LoRA,starsfriday,3789,5,"diffusers,image-generation,lora,Qwen-Image,text-to-image,en,base_model:Qwen/Qwen-Image,base_model:adapter:Qwen/Qwen-Image,license:apache-2.0,region:us",2025-08-12 01:31:00+00:00,2935
AlperKTS/Krea-2-SVDQuant-ComfyUI,AlperKTS,3767,17,"diffusion-single-file,comfyui,text-to-image,quantization,svdquant,int4,w4a4,krea,arxiv:2411.05007,base_model:Comfy-Org/Krea-2,base_model:quantized:Comfy-Org/Krea-2,license:other,region:us",2026-07-25 13:26:07+00:00,30171
lynaNSFW/mysticxxx_MM_H3,lynaNSFW,3764,5,"diffusers,text-to-image,lora,template:diffusion-lora,region:us",2026-08-21 09:01:29+00:00,669
ingtellect/qwen-image-2512-fp8-scaled-comfyui,ingtellect,3740,5,"diffusers,comfyui,lora,LoRA,Qwen-Image,text-to-image,base_model:Qwen/Qwen-Image-2512,base_model:adapter:Qwen/Qwen-Image-2512,license:apache-2.0,region:us",2026-02-16 05:35:59+00:00,380
city96/stable-diffusion-3.5-large-turbo-gguf,city96,3736,77,"gguf,text-to-image,image-generation,stable-diffusion,en,base_model:stabilityai/stable-diffusion-3.5-large-turbo,base_model:quantized:stabilityai/stable-diffusion-3.5-large-turbo,license:other,region:us",2024-10-23 02:21:22+00:00,656
MLXBits/krea-2-mlx-q8,MLXBits,3701,2,"mflux,safetensors,text-to-image,mlx,flux,krea,apple-silicon,quantized,base_model:krea/Krea-2-Turbo,base_model:finetune:krea/Krea-2-Turbo,license:other,region:us",2026-06-28 23:20:27+00:00,3113
ifmylove2011/girlslike-qweni,ifmylove2011,3697,18,"diffusers,lora,girlslike,qwen-image,text-to-image,base_model:Qwen/Qwen-Image,base_model:adapter:Qwen/Qwen-Image,license:apache-2.0,region:us",2025-09-19 08:46:36+00:00,5767
Eviation/flux-imatrix,Eviation,3696,4,"gguf,flux,text-to-image,imatrix,base_model:black-forest-labs/FLUX.1-dev,base_model:quantized:black-forest-labs/FLUX.1-dev,license:other,region:us",2025-01-29 08:15:40+00:00,29638
John6666/sifw-annihilation-xl-v305illustrious-beta-sdxl,John6666,3688,0,"diffusers,safetensors,text-to-image,stable-diffusion,stable-diffusion-xl,anime,girls,test version,merge,illustrious,en,base_model:OnomaAIResearch/Illustrious-xl-early-release-v0,base_model:merge:OnomaAIResearch/Illustrious-xl-early-release-v0,base_model:SiriusFW/SiFW-AnnihilationXL,base_model:merge:SiriusFW/SiFW-AnnihilationXL,license:other,endpoints_compatible,diffusers:StableDiffusionXLPipeline,region:us",2025-04-10 11:36:18+00:00,281
baidu/ERNIE-Image-Turbo,baidu,3684,403,"diffusers,safetensors,text-to-image,8B,license:apache-2.0,diffusers:ErnieImagePipeline,region:us",2026-04-02 10:57:06+00:00,10993
mingyi456/noobai-XL-Vpred-1.0-DF11-ComfyUI,mingyi456,3659,0,"diffusion-single-file,comfyui,text-to-image,en,base_model:Laxhar/noobai-XL-Vpred-1.0,base_model:quantized:Laxhar/noobai-XL-Vpred-1.0,license:other,region:us",2025-11-11 11:00:40+00:00,6352
falanaja/Amateur-Photography,falanaja,3644,4,"diffusers,text-to-image,lora,template:diffusion-lora,base_model:black-forest-labs/FLUX.1-dev,base_model:adapter:black-forest-labs/FLUX.1-dev,region:us",2024-11-18 05:38:34+00:00,247
dreamlike-art/dreamlike-anime-1.0,dreamlike-art,3638,260,"diffusers,safetensors,stable-diffusion,stable-diffusion-diffusers,text-to-image,image-to-image,anime,en,license:other,diffusers:StableDiffusionPipeline,region:us",2023-01-08 03:47:50+00:00,4901
leejet/ideogram-4-GGUF,leejet,3611,83,"gguf,text-to-image,image-generation,stable-diffusion.cpp,en,zh,base_model:ideogram-ai/ideogram-4-fp8,base_model:quantized:ideogram-ai/ideogram-4-fp8,region:us",2026-06-04 16:24:12+00:00,4772
rachel-luxangel-ai/nsfw-zit,rachel-luxangel-ai,3607,0,"diffusers,text-to-image,lora,template:diffusion-lora,z-image-turbo,base_model:Tongyi-MAI/Z-Image-Turbo,base_model:adapter:Tongyi-MAI/Z-Image-Turbo,license:other,region:us,not-for-all-audiences",2026-04-07 09:31:51+00:00,680
srpone/zooclaw-fashionsiglip2,srpone,3603,17,"transformers,safetensors,siglip,zero-shot-image-classification,fashion,image-retrieval,text-to-image,image-to-text,siglip2,vision-language,wise-ft,en,arxiv:2606.27708,base_model:google/siglip2-base-patch16-384,base_model:finetune:google/siglip2-base-patch16-384,license:apache-2.0,endpoints_compatible,region:us",2026-05-05 06:56:40+00:00,6994
ostris/Z-Image-De-Turbo,ostris,3569,166,"diffusers,safetensors,text-to-image,base_model:Tongyi-MAI/Z-Image-Turbo,base_model:finetune:Tongyi-MAI/Z-Image-Turbo,license:apache-2.0,region:us",2025-12-04 16:02:45+00:00,1129
suayptalha/Z-Image-Turbo-Realism-LoRA,suayptalha,3550,29,"diffusers,text-to-image,lora,template:diffusion-lora,realism,dataset:opendiffusionai/cc12m-4mp-realistic,base_model:Tongyi-MAI/Z-Image-Turbo,base_model:adapter:Tongyi-MAI/Z-Image-Turbo,license:apache-2.0,region:us",2025-12-09 10:26:11+00:00,765
ilkerzgi/krea-2-golden-misty-xianxia-lora,ilkerzgi,3503,1,"diffusers,lora,text-to-image,krea,krea-2,fal-ai,template:diffusion-lora,illustration,en,base_model:krea/Krea-2-Turbo,base_model:adapter:krea/Krea-2-Turbo,license:other,region:us",2026-06-26 13:58:34+00:00,3234
F16/krea2-turbo-sda,F16,3499,58,"diffusers,lora,krea2,diversity,sda,text-to-image,arxiv:2607.27372,arxiv:2607.03524,arxiv:2106.09685,arxiv:2103.00020,arxiv:2306.09341,base_model:krea/Krea-2-Turbo,base_model:adapter:krea/Krea-2-Turbo,license:other,region:us",2026-08-30 18:45:45+00:00,8288
unsloth/Qwen-Image-2512-unsloth-bnb-4bit,unsloth,3380,16,"diffusers,safetensors,gguf,quantized,unsloth,qwen,text-to-image,en,zh,arxiv:2508.02324,base_model:Qwen/Qwen-Image-2512,base_model:finetune:Qwen/Qwen-Image-2512,license:apache-2.0,diffusers:QwenImagePipeline,8-bit,region:us",2026-01-06 21:55:40+00:00,16943
John6666/illumiyume-anime-style-noobai-xl-nai-xl-v10-sdxl,John6666,3379,0,"diffusers,safetensors,text-to-image,stable-diffusion,stable-diffusion-xl,anime,artist,styles,girls,cute,anatomy,v-pred,noobai,illustrious,en,base_model:Laxhar/noobai-XL-Vpred-1.0,base_model:finetune:Laxhar/noobai-XL-Vpred-1.0,license:other,endpoints_compatible,diffusers:StableDiffusionXLPipeline,region:us",2025-03-09 05:24:32+00:00,212
model-hub-nd/test3,model-hub-nd,3376,0,"diffusers,flux,lora,replicate,text-to-image,en,base_model:black-forest-labs/FLUX.1-dev,base_model:adapter:black-forest-labs/FLUX.1-dev,license:other,endpoints_compatible,diffusers:StableDiffusionPipeline,region:us",2023-08-03 19:18:41+00:00,789
Lykon/dreamshaper-xl-turbo,Lykon,3374,46,"diffusers,safetensors,stable-diffusion,stable-diffusion-diffusers,stable-diffusion-xl,stable-diffusion-xl-turbo,text-to-image,art,artistic,anime,dreamshaper,turbo,lcm,en,license:openrail++,endpoints_compatible,diffusers:StableDiffusionXLPipeline,region:us",2023-12-05 22:22:29+00:00,1250
unsloth/Krea-2-Raw,unsloth,3368,5,"diffusers,safetensors,text-to-image,en,license:other,diffusers:Krea2Pipeline,region:us",2026-08-05 14:31:48+00:00,7841
shuttleai/shuttle-3-diffusion,shuttleai,3358,215,"diffusers,safetensors,text-to-image,image-generation,shuttle,en,license:apache-2.0,endpoints_compatible,diffusers:FluxPipeline,region:us",2024-11-12 02:05:33+00:00,3631
EarthnDusk/Loras_2023,EarthnDusk,3353,5,"diffusers,lora,stable diffusion,stable diffusion lora,anime,text-to-image,en,dataset:EarthnDusk/Creative-Embeddings,dataset:fka/awesome-chatgpt-prompts,dataset:Duskfallcrew/FFXIV_Data_and_Lora,dataset:Nerfgun3/bad_prompt,dataset:EarthnDusk/Embeddings,base_model:stable-diffusion-v1-5/stable-diffusion-v1-5,base_model:adapter:stable-diffusion-v1-5/stable-diffusion-v1-5,license:creativeml-openrail-m,region:us",2023-09-28 02:57:55+00:00,2928
Remade-AI/Rotate,Remade-AI,3352,76,"diffusers,text-to-image,lora,template:diffusion-lora,image-to-video,en,base_model:Wan-AI/Wan2.1-I2V-14B-480P,base_model:adapter:Wan-AI/Wan2.1-I2V-14B-480P,license:apache-2.0,region:us",2025-03-11 23:15:20+00:00,5708
Kotajiro/fuduki_mix,Kotajiro,3318,3,"diffusers,realistic,basemodel,checkpoint,SDXL - diffusion,text-to-image,ja,en,license:openrail++,region:us",2024-05-09 03:17:30+00:00,1104
unsloth/Qwen-Image-2512,unsloth,3292,2,"diffusers,safetensors,text-to-image,en,zh,arxiv:2508.02324,license:apache-2.0,diffusers:QwenImagePipeline,region:us",2026-08-06 13:36:08+00:00,15484
cusiman/Krea2-realism-V2,cusiman,3265,1,"diffusers,text-to-image,lora,template:diffusion-lora,base_model:krea/Krea-2-Turbo,base_model:adapter:krea/Krea-2-Turbo,license:mit,region:us",2026-07-03 01:19:38+00:00,1625
mradermacher/Janus-Pro-7B-GGUF,mradermacher,3257,7,"transformers,gguf,muiltimodal,text-to-image,unified-model,en,base_model:deepseek-community/Janus-Pro-7B,base_model:quantized:deepseek-community/Janus-Pro-7B,license:mit,endpoints_compatible,region:us,conversational",2025-11-19 22:55:05+00:00,3563
neta-art/Neta-Lumina,neta-art,3251,327,"diffusion-single-file,stable-diffusion,text-to-image,comfyui,arxiv:2411.15098,base_model:Alpha-VLLM/Lumina-Image-2.0,base_model:finetune:Alpha-VLLM/Lumina-Image-2.0,license:apache-2.0,region:us",2025-06-23 02:46:40+00:00,6913
sanrenti/Flux2-Klein-9B-True-V3,sanrenti,3248,1,"diffusers,gguf,text-to-image,en,zh,base_model:black-forest-labs/FLUX.2-klein-9B,base_model:finetune:black-forest-labs/FLUX.2-klein-9B,license:apache-2.0,region:us",2026-07-07 16:26:08+00:00,4513
LyliaEngine/autismmixSDXL_autismmixConfetti,LyliaEngine,3233,6,"diffusers,text-to-image,stable-diffusion,lora,template:sd-lora,base_model:LyliaEngine/Pony_Diffusion_V6_XL,base_model:adapter:LyliaEngine/Pony_Diffusion_V6_XL,license:cdla-permissive-2.0,region:us",2024-06-06 01:28:34+00:00,2013
cyberdelia/CyberRealisticXLCatalyst,cyberdelia,3231,2,"diffusers,stable-diffusion-xl,sd-xl,text-to-image,photorealistic,cyberrealistic,image-generation,license:creativeml-openrail-m,region:us",2025-06-22 10:37:55+00:00,2002
XLabs-AI/flux-controlnet-depth-v3,XLabs-AI,3220,119,"diffusers,Stable Diffusion,image-generation,Flux,controlnet,text-to-image,en,license:other,region:us",2024-08-16 16:20:28+00:00,1760
mit-han-lab/nunchaku-flux.1-dev,mit-han-lab,3217,64,"diffusers,text-to-image,SVDQuant,FLUX.1-dev,FLUX.1,Diffusion,Quantization,ICLR2025,en,dataset:mit-han-lab/svdquant-datasets,arxiv:2411.05007,base_model:black-forest-labs/FLUX.1-dev,base_model:quantized:black-forest-labs/FLUX.1-dev,license:other,region:us",2025-05-29 06:27:40+00:00,3095
Lucetepolis/FuzzyHazel,Lucetepolis,3207,67,"diffusers,stable-diffusion,stable-diffusion-diffusers,text-to-image,license:creativeml-openrail-m,region:us",2023-03-19 13:54:06+00:00,4545
EnD-Diffusers/Dec2023,EnD-Diffusers,3207,4,"diffusers,stable diffusion,anime,comic books,illustration,text-to-image,en,dataset:EarthnDusk/Creative-Embeddings-OLD,dataset:fka/awesome-chatgpt-prompts,dataset:EarthnDusk/Embeddings,base_model:stabilityai/stable-diffusion-xl-base-1.0,base_model:finetune:stabilityai/stable-diffusion-xl-base-1.0,license:creativeml-openrail-m,region:us",2023-11-30 06:24:33+00:00,3241
wy8edhuh/flux2-klein-9b-uncensored-text-encoder-Q5_K_M-GGUF,wy8edhuh,3201,0,"gguf,text-to-image,flux2,klein,GGUF,safetensors,text-generation-inference,uncensored,abliterated,abliteration,llama-cpp,gguf-my-repo,en,ja,base_model:ponpoke/flux2-klein-9b-uncensored-text-encoder,base_model:quantized:ponpoke/flux2-klein-9b-uncensored-text-encoder,license:other,endpoints_compatible,region:us",2026-08-31 19:54:11+00:00,1909
model-hub/stable-diffusion-xl-base-1.0,model-hub,3195,0,"diffusers,onnx,safetensors,text-to-image,stable-diffusion,arxiv:2307.01952,arxiv:2211.01324,arxiv:2108.01073,arxiv:2112.10752,license:openrail++,region:us",2023-09-17 19:29:27+00:00,8576
Jonjew/STOIQOAfroditeFLUXXL,Jonjew,3184,1,"diffusers,text-to-image,lora,template:diffusion-lora,not-for-all-audiences,base_model:black-forest-labs/FLUX.1-dev,base_model:adapter:black-forest-labs/FLUX.1-dev,license:unknown,region:us",2025-01-09 00:22:31+00:00,476
2ch/penflux,2ch,3178,11,"diffusers,text-to-image,lora,template:diffusion-lora,en,base_model:black-forest-labs/FLUX.1-dev,base_model:adapter:black-forest-labs/FLUX.1-dev,region:us",2024-10-28 04:13:10+00:00,688
Keltezaa/flux2_klein_9B_Realism_Engine_V2,Keltezaa,3165,3,"diffusers,text-to-image,lora,template:diffusion-lora,base_model:black-forest-labs/FLUX.2-klein-base-9B,base_model:adapter:black-forest-labs/FLUX.2-klein-base-9B,license:cc-by-nc-nd-4.0,region:us",2026-02-21 16:18:31+00:00,155
enterprise-explorers/sd-vae-ft-mse-flax,enterprise-explorers,3161,3,"transformers,stable-diffusion,stable-diffusion-diffusers,text-to-image,license:mit,region:us",2023-03-23 18:39:40+00:00,6395
camenduru/FLUX.1-dev-ungated,camenduru,3149,3,"diffusers,safetensors,text-to-image,image-generation,flux,en,license:other,endpoints_compatible,diffusers:FluxPipeline,region:us",2025-08-07 13:18:03+00:00,3937
black-forest-labs/FLUX.2-klein-4b-nvfp4,black-forest-labs,3141,46,"diffusion-single-file,text-to-image,image-editing,flux,image-to-image,en,license:apache-2.0,region:us",2026-01-14 22:32:45+00:00,7643
PixArt-alpha/PixArt-XL-2-1024-MS,PixArt-alpha,3133,212,"diffusers,safetensors,text-to-image,Pixart-α,arxiv:2310.00426,arxiv:2112.10752,arxiv:2309.05019,license:openrail++,endpoints_compatible,diffusers:PixArtAlphaPipeline,region:us",2023-11-04 15:48:30+00:00,6750
DawnW0lf/Qwen-Image-Bench-GGUF,DawnW0lf,3122,3,"transformers,gguf,judge-model,text-to-image,evaluation,benchmark,qwen,image-text-to-text,en,zh,base_model:Qwen/Qwen-Image-Bench,base_model:quantized:Qwen/Qwen-Image-Bench,license:apache-2.0,endpoints_compatible,region:us,conversational",2026-06-10 22:35:04+00:00,1642
inclusionAI/LLaDA2.0-Uni-FP8,inclusionAI,3116,5,"transformers,diffusers,safetensors,llada2_moe,feature-extraction,multimodal,image-generation,image-understanding,image-editing,diffusion,moe,text-to-image,fp8,quantized,any-to-any,custom_code,en,arxiv:2604.20796,base_model:inclusionAI/LLaDA2.0-Uni,base_model:finetune:inclusionAI/LLaDA2.0-Uni,license:apache-2.0,region:us",2026-05-06 08:03:43+00:00,3010
digiplay/majicMIX_realistic_v6,digiplay,3107,52,"diffusers,safetensors,stable-diffusion,stable-diffusion-diffusers,text-to-image,license:other,endpoints_compatible,diffusers:StableDiffusionPipeline,region:us",2023-06-12 21:16:15+00:00,72
Eugeoter/noob-sdxl-controlnet-scribble_pidinet,Eugeoter,3105,3,"diffusers,safetensors,stable-diffusion,stable-diffusion-xl,controlnet,text-to-image,en,base_model:Laxhar/noobai-xl-EarlyAccess,base_model:adapter:Laxhar/noobai-xl-EarlyAccess,license:other,region:us",2024-11-25 05:38:08+00:00,0
KBlueLeaf/Kohaku-XL-Zeta,KBlueLeaf,3102,92,"diffusers,safetensors,text-to-image,en,dataset:KBlueLeaf/danbooru2023-webp-4Mpixel,dataset:KBlueLeaf/danbooru2023-sqlite,dataset:KBlueLeaf/danbooru2023-florence2-caption,dataset:Amber-River/Pixiv-2.6M,base_model:KBlueLeaf/Kohaku-XL-Epsilon-rev2,base_model:finetune:KBlueLeaf/Kohaku-XL-Epsilon-rev2,license:other,endpoints_compatible,diffusers:StableDiffusionXLPipeline,region:us",2024-08-25 13:56:36+00:00,8801
rityak/RealCore_Pony,rityak,3100,6,"diffusers,text-to-image,stable-diffusion,safetensors,stable-diffusion-xl,merge,en,base_model:John6666/big-love-pony3-sdxl,base_model:merge:John6666/big-love-pony3-sdxl,base_model:John6666/damn-ponyxl-realistic-model-v3-sdxl,base_model:merge:John6666/damn-ponyxl-realistic-model-v3-sdxl,base_model:John6666/fuyu-hanfu-pony-nsfw-pony-v3-sdxl,base_model:merge:John6666/fuyu-hanfu-pony-nsfw-pony-v3-sdxl,base_model:John6666/pony-finalcut-hybrid-joy-sdxl,base_model:merge:John6666/pony-finalcut-hybrid-joy-sdxl,base_model:cyberdelia/CyberRealisticPony,base_model:merge:cyberdelia/CyberRealisticPony,base_model:stabilityai/stable-diffusion-xl-base-1.0,base_model:merge:stabilityai/stable-diffusion-xl-base-1.0,license:openrail++,region:us",2025-11-02 18:42:30+00:00,6667
calcuis/sd3.5-medium-gguf,calcuis,3077,20,"diffusers,safetensors,gguf,stable-diffusion,gguf-comfy,text-to-image,en,base_model:stabilityai/stable-diffusion-3.5-medium,base_model:quantized:stabilityai/stable-diffusion-3.5-medium,doi:10.57967/hf/3410,license:other,region:us",2024-10-30 15:18:02+00:00,2938
kandinsky-community/kandinsky-2-2-prior,kandinsky-community,3044,51,"diffusers,safetensors,text-to-image,kandinsky,license:apache-2.0,diffusers:KandinskyV22PriorPipeline,region:us",2023-06-09 13:37:11+00:00,14361
Quiho/Krea2_TextFusion_Refusal-Reduction_LoRA_v1.0_lora,Quiho,3040,2,"diffusers,lora,krea-2,text-to-image,template:diffusion-lora,krea 2 turbo,tool,civitai,imported,region:us",2026-07-28 15:18:00+00:00,2357
shuttleai/shuttle-jaguar,shuttleai,3018,108,"diffusers,safetensors,gguf,text-to-image,image-generation,shuttle,en,base_model:shuttleai/shuttle-3-diffusion,base_model:quantized:shuttleai/shuttle-3-diffusion,license:apache-2.0,endpoints_compatible,diffusers:FluxPipeline,region:us",2025-01-21 21:46:34+00:00,2738
pt-sk/stable-diffusion-1.5,pt-sk,2972,16,"diffusers,safetensors,stable-diffusion,stable-diffusion-diffusers,text-to-image,arxiv:2207.12598,arxiv:2112.10752,arxiv:2103.00020,arxiv:2205.11487,arxiv:1910.09700,license:creativeml-openrail-m,endpoints_compatible,diffusers:StableDiffusionPipeline,region:us",2024-03-01 16:13:25+00:00,13362
Jonjew/GetphatFLUXRealityNSFW,Jonjew,2965,1,"diffusers,text-to-image,lora,template:diffusion-lora,not-for-all-audiences,base_model:black-forest-labs/FLUX.1-dev,base_model:adapter:black-forest-labs/FLUX.1-dev,license:unknown,region:us",2025-05-10 23:17:19+00:00,6206
litert-community/Bonsai-Image-ternary-4B,litert-community,2949,7,"litert,tflite,on-device,ternary,flux2,text-to-image,license:apache-2.0,region:us",2026-07-29 03:29:36+00:00,10314
drbaph/HiDream-O1-Image-Dev-2604-FP8,drbaph,2939,7,"diffusers,safetensors,qwen3_vl,comfyui,text-to-image,image-editing,fp8,quantized,distilled,image-text-to-image,license:mit,region:us",2026-05-14 21:52:38+00:00,7057
Onodofthenorth/SD_PixelArt_SpriteSheet_Generator,Onodofthenorth,2921,460,"diffusers,spritesheet,text-to-image,en,license:apache-2.0,endpoints_compatible,diffusers:StableDiffusionPipeline,region:us",2022-11-01 04:31:21+00:00,2817
perpetual3x/Eastern-European-Female-Anatomy-NSFW-LoRA-v1,perpetual3x,2915,3,"diffusers,qwen-image,qwen-image-2512,lora,text-to-image,photorealistic,realistic-photography,eastern-european-woman,anatomy-detail,experimental,nsfw,en,base_model:Qwen/Qwen-Image-2512,base_model:adapter:Qwen/Qwen-Image-2512,license:other,region:us,not-for-all-audiences",2026-08-23 14:16:29+00:00,10476
ideogram-ai/ideogram-4-nf4-diffusers,ideogram-ai,2910,39,"diffusers,safetensors,text-to-image,image-generation,diffusion,flow-matching,dit,ideogram,license:other,diffusers:Ideogram4Pipeline,8-bit,region:us",2026-06-04 18:31:58+00:00,19909
kandinsky-community/kandinsky-2-2-decoder,kandinsky-community,2906,75,"diffusers,safetensors,text-to-image,kandinsky,license:apache-2.0,diffusers:KandinskyV22Pipeline,region:us",2023-06-09 11:17:35+00:00,7210
Lykon/dreamshaper-3,Lykon,2906,1,"diffusers,safetensors,stable-diffusion,stable-diffusion-diffusers,text-to-image,art,artistic,anime,dreamshaper,en,license:creativeml-openrail-m,endpoints_compatible,diffusers:StableDiffusionPipeline,region:us",2023-08-26 16:49:29+00:00,2192
drbaph/Qwen-Image-Edit-Middle-Finger-LoRA,drbaph,2892,11,"diffusers,text-to-image,lora,template:diffusion-lora,gesture,pose,image-to-image,en,base_model:Qwen/Qwen-Image-Edit,base_model:adapter:Qwen/Qwen-Image-Edit,license:apache-2.0,region:us",2025-09-07 05:36:54+00:00,1350
aifeifei798/flux-lora-uncensored,aifeifei798,2876,36,"diffusers,text-to-image,flux,lora,template:sd-lora,fluxgym,base_model:black-forest-labs/FLUX.1-dev,base_model:adapter:black-forest-labs/FLUX.1-dev,license:other,region:us",2024-10-29 17:46:00+00:00,443
John6666/wai-nsfw-illustrious-sdxl-v150-sdxl,John6666,2862,23,"diffusers,safetensors,text-to-image,stable-diffusion,stable-diffusion-xl,not-for-all-audiences,anime,hentai,girls,Illustrious XL v1.0,illustrious,en,base_model:OnomaAIResearch/Illustrious-XL-v1.0,base_model:finetune:OnomaAIResearch/Illustrious-XL-v1.0,license:other,endpoints_compatible,diffusers:StableDiffusionXLPipeline,region:us",2025-09-01 01:22:45+00:00,181
deepseek-community/Janus-Pro-7B,deepseek-community,2861,3,"transformers,safetensors,janus,image-text-to-text,muiltimodal,text-to-image,unified-model,any-to-any,arxiv:2501.17811,license:mit,endpoints_compatible,region:us",2025-03-02 16:42:53+00:00,4932
tsolful/Krea2_Turbo_Raw_INT8,tsolful,2847,6,"diffusers,INT8,ConvRot,Krea2,Krea,Turbo,text-to-image,base_model:krea/Krea-2-Turbo,base_model:quantized:krea/Krea-2-Turbo,license:other,region:us",2026-06-23 14:36:01+00:00,566
rectangleworm/ideogram-4-gguf,rectangleworm,2836,28,"gguf,text-to-image,image-generation,comfyui,stable-diffusion.cpp,en,ru,zh,base_model:ideogram-ai/ideogram-4-fp8,base_model:quantized:ideogram-ai/ideogram-4-fp8,license:other,endpoints_compatible,region:us,imatrix,conversational",2026-06-12 13:39:43+00:00,2937
tera0711/lora,tera0711,2832,3,"diffusers,text-to-image,lora,template:diffusion-lora,base_model:stabilityai/stable-diffusion-3.5-large,base_model:adapter:stabilityai/stable-diffusion-3.5-large,license:creativeml-openrail-m,region:us",2025-07-12 12:26:49+00:00,114
Eugeoter/noob-sdxl-controlnet-tile,Eugeoter,2829,9,"diffusers,safetensors,stable-diffusion,stable-diffusion-xl,controlnet,text-to-image,en,base_model:Laxhar/noobai-xl-EarlyAccess,base_model:adapter:Laxhar/noobai-xl-EarlyAccess,license:other,region:us",2025-01-02 05:22:20+00:00,122
Keltezaa/getphatFLUXReality_v4,Keltezaa,2819,1,"diffusers,text-to-image,lora,template:diffusion-lora,base_model:black-forest-labs/FLUX.1-dev,base_model:adapter:black-forest-labs/FLUX.1-dev,license:cc-by-nc-nd-4.0,region:us",2025-04-29 17:37:28+00:00,251
InvokeAI/FLUX.1-Krea-dev-GGUF,InvokeAI,2811,6,"diffusers,gguf,text-to-image,image-generation,flux,en,base_model:black-forest-labs/FLUX.1-dev,base_model:quantized:black-forest-labs/FLUX.1-dev,license:other,region:us",2025-07-31 15:56:30+00:00,5985
Bedovyy/ERNIE-Image-Quantized,Bedovyy,2808,17,"diffusion-single-file,comfyui,text-to-image,base_model:Comfy-Org/ERNIE-Image,base_model:quantized:Comfy-Org/ERNIE-Image,license:apache-2.0,region:us",2026-04-15 00:22:52+00:00,3994
InstantX/SD3.5-Large-IP-Adapter,InstantX,2786,118,"diffusers,Text-to-Image,IP-Adapter,StableDiffusion3Pipeline,image-generation,Stable Diffusion,text-to-image,en,base_model:stabilityai/stable-diffusion-3.5-large,base_model:finetune:stabilityai/stable-diffusion-3.5-large,license:other,region:us",2024-11-07 03:56:20+00:00,2844
SeeSee21/Z-Anime,SeeSee21,2777,485,"diffusers,safetensors,gguf,z-anime,text-to-image,image-generation,diffusion,anime,z-image,comfyui,fp8,bf16,aio,en,base_model:Tongyi-MAI/Z-Image,base_model:finetune:Tongyi-MAI/Z-Image,license:apache-2.0,region:us",2026-04-25 11:37:04+00:00,15686
PixArt-alpha/PixArt-XL-2-512x512,PixArt-alpha,2776,21,"diffusers,safetensors,text-to-image,Pixart-α,arxiv:2310.00426,arxiv:2112.10752,arxiv:2309.05019,license:openrail++,endpoints_compatible,diffusers:PixArtAlphaPipeline,region:us",2023-11-04 15:46:54+00:00,6738
pmczip/FLUX.2-klein-9B_Models,pmczip,2764,16,"diffusers,safetensors,lora,t2i,text-to-image,photorealistic,woman,celebrity,likeness,FLUX.2-klein-base-9B,klein,en,base_model:black-forest-labs/FLUX.2-klein-base-9B,base_model:adapter:black-forest-labs/FLUX.2-klein-base-9B,license:other,region:us",2026-02-12 15:07:37+00:00,0
tensorart/stable-diffusion-3.5-medium-turbo,tensorart,2724,73,"diffusers,safetensors,gguf,text-to-image,en,base_model:stabilityai/stable-diffusion-3.5-medium,base_model:quantized:stabilityai/stable-diffusion-3.5-medium,license:other,diffusers:StableDiffusion3Pipeline,region:us",2024-12-13 06:55:49+00:00,4746
realrebelai/LLaDa-Image_ComfyUI,realrebelai,2721,7,"diffusers,gguf,llada-image,image-generation,image-editing,comfyui,int8,quantized,rebelai,text-to-image,base_model:inclusionAI/LLaDA-Image,base_model:quantized:inclusionAI/LLaDA-Image,region:us",2026-09-04 15:30:27+00:00,4150
tsqn/Z-Image-Turbo_fp8_comfyui,tsqn,2693,5,"diffusion-single-file,text-to-image,comfyui,safetensors,quantization,quant,fp8,en,arxiv:2511.22699,arxiv:2511.22677,arxiv:2511.13649,base_model:Tongyi-MAI/Z-Image-Turbo,base_model:quantized:Tongyi-MAI/Z-Image-Turbo,license:apache-2.0,region:us",2025-12-12 04:22:15+00:00,1015
davidpoint/qwen-image-edit-plus-nsfw-lora,davidpoint,2691,2,"diffusers,lora,text-to-image,nsfw,image-editing,qwen-image-edit,not-for-all-audiences,image-to-image,base_model:Qwen/Qwen-Image-Edit-2511,base_model:adapter:Qwen/Qwen-Image-Edit-2511,license:openrail++,region:us",2026-08-03 18:05:08+00:00,2016
Frederic75/Qwen-Image-2512-GGUF,Frederic75,2674,1,"diffusers,gguf,text-to-image,en,zh,arxiv:2508.02324,license:apache-2.0,region:us",2026-03-02 15:08:02+00:00,13590
John6666/lustify-sdxl-nsfw-checkpoint-ggwp-v7-sdxl,John6666,2669,2,"diffusers,safetensors,text-to-image,stable-diffusion,stable-diffusion-xl,not-for-all-audiences,realistic,photorealistic,photo,general use,nsfw,en,license:creativeml-openrail-m,endpoints_compatible,diffusers:StableDiffusionXLPipeline,region:us",2025-09-18 22:30:28+00:00,184
TIGER-Lab/RationalRewards-8B-Edit,TIGER-Lab,2658,5,"transformers,safetensors,qwen3_vl,image-text-to-text,text-to-image,image-to-image,edit,reasoning,reward,image-to-text,en,dataset:TIGER-Lab/RationalRewards_DiffusionNFT_TrainData,arxiv:2604.11626,base_model:Qwen/Qwen3-8B,base_model:finetune:Qwen/Qwen3-8B,license:apache-2.0,endpoints_compatible,region:us",2026-04-10 14:03:11+00:00,8929
calcuis/lumina-gguf,calcuis,2649,37,"gguf,gguf-node,gguf-connector,text-to-image,base_model:Alpha-VLLM/Lumina-Image-2.0,base_model:quantized:Alpha-VLLM/Lumina-Image-2.0,doi:10.57967/hf/4589,license:apache-2.0,endpoints_compatible,region:us",2025-02-06 07:21:12+00:00,1861
byteshape/Krea-2-Turbo-GGUF,byteshape,2643,5,"gguf,krea,krea-2,text-to-image,image-generation,comfyui,byteshape,base_model:krea/Krea-2-Turbo,base_model:quantized:krea/Krea-2-Turbo,license:other,region:us",2026-08-12 03:16:08+00:00,11109
admruul/anything-v3.0,admruul,2638,69,"diffusers,safetensors,stable-diffusion,stable-diffusion-diffusers,text-to-image,en,license:creativeml-openrail-m,endpoints_compatible,diffusers:StableDiffusionPipeline,region:us",2022-12-25 09:53:44+00:00,3136
cagliostrolab/animagine-xl-4.0-zero,cagliostrolab,2637,32,"diffusers,safetensors,text-to-image,stable-diffusion,stable-diffusion-xl,en,base_model:stabilityai/stable-diffusion-xl-base-1.0,base_model:finetune:stabilityai/stable-diffusion-xl-base-1.0,license:openrail++,endpoints_compatible,diffusers:StableDiffusionXLPipeline,region:us",2025-02-13 03:15:53+00:00,13808
DeepFloyd/IF-I-XL-v1.0,DeepFloyd,2631,677,"diffusers,pytorch,safetensors,if,text-to-image,arxiv:2205.11487,arxiv:2110.02861,license:deepfloyd-if-license,diffusers:IFPipeline,region:us",2023-04-06 21:22:41+00:00,11530
EK12317/Ekmix-Diffusion,EK12317,2625,60,"diffusers,stable-diffusion,stable-diffusion-diffusers,text-to-image,en,license:creativeml-openrail-m,endpoints_compatible,diffusers:StableDiffusionPipeline,region:us",2022-12-18 06:45:54+00:00,3871
InsecureErasure/CyberRealisticXL-GGUF,InsecureErasure,2624,13,"diffusers,gguf,stable-diffusion,sdxl,text-to-image,image-generation,cyberrealistic,base_model:cyberdelia/CyberRealisticXL,base_model:quantized:cyberdelia/CyberRealisticXL,license:creativeml-openrail-m,region:us",2026-02-25 18:04:58+00:00,3374
tonera/FLUX.2-klein-4B-int8-diffusers,tonera,2597,1,"diffusers,safetensors,text-to-image,image-editing,flux,diffusion-single-file,image-to-image,en,license:apache-2.0,diffusers:Flux2KleinPipeline,region:us",2026-01-17 03:57:59+00:00,9696
R1000/Flux.1-dev-Controlnet-Upscaler,R1000,2576,7,"diffusers,safetensors,ControlNet,super-resolution,upscaler,text-to-image,stable-diffusion,lora,fluxpipeline,image-to-image,base_model:black-forest-labs/FLUX.1-dev,base_model:adapter:black-forest-labs/FLUX.1-dev,license:other,region:us",2024-12-21 16:02:22+00:00,2004
Manojb/stable-diffusion-2-base,Manojb,2569,12,"diffusers,safetensors,stable-diffusion,text-to-image,arxiv:2112.10752,arxiv:2202.00512,arxiv:1910.09700,license:openrail++,endpoints_compatible,diffusers:StableDiffusionPipeline,region:us",2025-06-13 20:39:13+00:00,12497
Keltezaa/Flux2_Klein_9B_snofs_v1,Keltezaa,2549,2,"diffusers,text-to-image,lora,template:diffusion-lora,base_model:black-forest-labs/FLUX.2-klein-base-9B,base_model:adapter:black-forest-labs/FLUX.2-klein-base-9B,license:cc-by-nc-nd-4.0,region:us",2026-02-21 23:56:59+00:00,152
TheImposterImposters/PonyRealism-v2.2MainVAE,TheImposterImposters,2547,0,"diffusers,safetensors,text-to-image,endpoints_compatible,diffusers:StableDiffusionXLPipeline,region:us",2024-10-06 06:20:03+00:00,4328
tsqn/Z-Image-Turbo_fp32-fp16-bf16_comfyui,tsqn,2543,9,"diffusion-single-file,text-to-image,comfyui,safetensors,en,arxiv:2511.22699,arxiv:2511.22677,arxiv:2511.13649,base_model:Tongyi-MAI/Z-Image-Turbo,base_model:finetune:Tongyi-MAI/Z-Image-Turbo,license:apache-2.0,region:us",2025-12-11 15:52:11+00:00,1015
OlegSkutte/LCM-SSD-1B-GGUF,OlegSkutte,2532,2,"gguf,stable-diffusion.cpp,text-to-image,base_model:latent-consistency/lcm-ssd-1b,base_model:quantized:latent-consistency/lcm-ssd-1b,license:openrail++,region:us",2025-12-25 19:27:51+00:00,400
mflux-community/krea-2-turbo-mflux-q4,mflux-community,2530,0,"mflux,safetensors,text-to-image,mlx,flux,krea,apple-silicon,quantized,base_model:krea/Krea-2-Turbo,base_model:finetune:krea/Krea-2-Turbo,license:other,region:us",2026-07-13 00:16:00+00:00,4245
wbruna/Z-Image-Turbo-sdcpp-GGUF,wbruna,2502,9,"gguf,text-to-image,image-generation,stable-diffusion.cpp,base_model:Tongyi-MAI/Z-Image-Turbo,base_model:quantized:Tongyi-MAI/Z-Image-Turbo,license:apache-2.0,region:us",2025-11-29 19:09:33+00:00,1914
seanjang990/shark_adult_parts_v21_25,seanjang990,2488,0,"diffusers,text-to-image,lora,template:diffusion-lora,base_model:Tongyi-MAI/Z-Image-Turbo,base_model:adapter:Tongyi-MAI/Z-Image-Turbo,region:us",2026-06-15 01:16:17+00:00,157
krea/Krea-2-LoRA-darkbrush,krea,2482,24,"diffusers,lora,text-to-image,en,base_model:krea/Krea-2-Turbo,base_model:adapter:krea/Krea-2-Turbo,license:other,region:us",2026-06-19 18:30:54+00:00,1034
vladmandic/Anima-1.0-Base,vladmandic,2481,0,"diffusers,safetensors,text-to-image,base_model:circlestone-labs/Anima,base_model:finetune:circlestone-labs/Anima,license:mit,diffusers:AnimaTextToImagePipeline,region:us",2026-05-15 10:16:34+00:00,128
DFloat11/Chroma-DF11,DFloat11,2462,5,"diffusers,safetensors,llama,dfloat11,df11,lossless compression,70% size, 100% accuracy,text-to-image,arxiv:2504.11651,base_model:lodestones/Chroma,base_model:quantized:lodestones/Chroma,region:us",2025-06-26 05:24:03+00:00,3667
pachiiahri/anima-fp8-comfyui,pachiiahri,2460,5,"diffusion-single-file,comfyui,text-to-image,base_model:circlestone-labs/Anima,base_model:quantized:circlestone-labs/Anima,region:us",2026-02-01 15:52:07+00:00,411
optimum-intel-internal-testing/tiny-stable-diffusion-with-textual-inversion,optimum-intel-internal-testing,2455,0,"diffusers,tensorboard,safetensors,stable-diffusion,stable-diffusion-diffusers,text-to-image,textual_inversion,diffusers-training,base_model:hf-internal-testing/tiny-stable-diffusion-torch,base_model:adapter:hf-internal-testing/tiny-stable-diffusion-torch,license:creativeml-openrail-m,endpoints_compatible,diffusers:StableDiffusionPipeline,region:us",2025-11-20 11:04:59+00:00,732
litert-community/Z-Image-Turbo-LiteRT,litert-community,2417,8,"litert,tflite,text-to-image,on-device,diffusion-transformer,int8,base_model:Tongyi-MAI/Z-Image-Turbo,base_model:quantized:Tongyi-MAI/Z-Image-Turbo,license:apache-2.0,region:us",2026-07-09 05:50:43+00:00,11737
vistralis/FLUX.2-klein-9b-INT8-transformer,vistralis,2411,5,"diffusers,flux,flux2,quantized,int8,transformer,text-to-image,base_model:black-forest-labs/FLUX.2-klein-9B,base_model:quantized:black-forest-labs/FLUX.2-klein-9B,license:other,region:us",2026-02-14 00:44:44+00:00,8581
John6666/cyberrealistic-pony-semi-realistic-semi-real-v30-sdxl,John6666,2403,1,"diffusers,safetensors,text-to-image,stable-diffusion,stable-diffusion-xl,anime,realistic,semi-realistic,fetish,pony,en,base_model:cyberdelia/cyberrealistic_semi_realistic,base_model:finetune:cyberdelia/cyberrealistic_semi_realistic,license:other,endpoints_compatible,diffusers:StableDiffusionXLPipeline,region:us",2025-04-22 14:23:09+00:00,254
